vtable,index,value,target
_ZTV9CCallbackIN7harvest16CHarvestFullMainE23UserAchievementStored_tLb0EE,0,0x00000000,
_ZTV9CCallbackIN7harvest16CHarvestFullMainE23UserAchievementStored_tLb0EE,1,0x0025bce0,_ZTI9CCallbackIN7harvest16CHarvestFullMainE23UserAchievementStored_tLb0EE
_ZTV9CCallbackIN7harvest16CHarvestFullMainE23UserAchievementStored_tLb0EE,2,0x00003928,_ZN9CCallbackIN7harvest16CHarvestFullMainE23UserAchievementStored_tLb0EE3RunEPv
_ZTV9CCallbackIN7harvest16CHarvestFullMainE23UserAchievementStored_tLb0EE,3,0x00003958,_ZN9CCallbackIN7harvest16CHarvestFullMainE23UserAchievementStored_tLb0EE3RunEPvby
_ZTV9CCallbackIN7harvest16CHarvestFullMainE23UserAchievementStored_tLb0EE,4,0x00003988,_ZN9CCallbackIN7harvest16CHarvestFullMainE23UserAchievementStored_tLb0EE20GetCallbackSizeBytesEv
_ZTV9CCallbackIN7harvest16CHarvestFullMainE23UserAchievementStored_tLb0EE,5,0x00000000,
_ZTV9CCallbackIN7harvest16CHarvestFullMainE17UserStatsStored_tLb0EE,0,0x00000000,
_ZTV9CCallbackIN7harvest16CHarvestFullMainE17UserStatsStored_tLb0EE,1,0x0025bd20,_ZTI9CCallbackIN7harvest16CHarvestFullMainE17UserStatsStored_tLb0EE
_ZTV9CCallbackIN7harvest16CHarvestFullMainE17UserStatsStored_tLb0EE,2,0x00003992,_ZN9CCallbackIN7harvest16CHarvestFullMainE17UserStatsStored_tLb0EE3RunEPv
_ZTV9CCallbackIN7harvest16CHarvestFullMainE17UserStatsStored_tLb0EE,3,0x000039c2,_ZN9CCallbackIN7harvest16CHarvestFullMainE17UserStatsStored_tLb0EE3RunEPvby
_ZTV9CCallbackIN7harvest16CHarvestFullMainE17UserStatsStored_tLb0EE,4,0x000039f2,_ZN9CCallbackIN7harvest16CHarvestFullMainE17UserStatsStored_tLb0EE20GetCallbackSizeBytesEv
_ZTV9CCallbackIN7harvest16CHarvestFullMainE17UserStatsStored_tLb0EE,5,0x00000000,
_ZTV9CCallbackIN7harvest16CHarvestFullMainE17UserStatsStored_tLb0EE,6,0x00000000,
_ZTV9CCallbackIN7harvest16CHarvestFullMainE17UserStatsStored_tLb0EE,7,0x00000000,
_ZTV9CCallbackIN7harvest16CHarvestFullMainE19UserStatsReceived_tLb0EE,0,0x00000000,
_ZTV9CCallbackIN7harvest16CHarvestFullMainE19UserStatsReceived_tLb0EE,1,0x0025bd60,_ZTI9CCallbackIN7harvest16CHarvestFullMainE19UserStatsReceived_tLb0EE
_ZTV9CCallbackIN7harvest16CHarvestFullMainE19UserStatsReceived_tLb0EE,2,0x000039fc,_ZN9CCallbackIN7harvest16CHarvestFullMainE19UserStatsReceived_tLb0EE3RunEPv
_ZTV9CCallbackIN7harvest16CHarvestFullMainE19UserStatsReceived_tLb0EE,3,0x00003a2c,_ZN9CCallbackIN7harvest16CHarvestFullMainE19UserStatsReceived_tLb0EE3RunEPvby
_ZTV9CCallbackIN7harvest16CHarvestFullMainE19UserStatsReceived_tLb0EE,4,0x00003a5c,_ZN9CCallbackIN7harvest16CHarvestFullMainE19UserStatsReceived_tLb0EE20GetCallbackSizeBytesEv
_ZTV9CCallbackIN7harvest16CHarvestFullMainE19UserStatsReceived_tLb0EE,5,0x00000000,
_ZTV9CCallbackIN7harvest16CHarvestFullMainE19UserStatsReceived_tLb0EE,6,0x00000000,
_ZTV9CCallbackIN7harvest16CHarvestFullMainE19UserStatsReceived_tLb0EE,7,0x00000000,
_ZTV13CCallbackBase,0,0x00000000,
_ZTV13CCallbackBase,1,0x0025bcd8,_ZTI13CCallbackBase
_ZTV13CCallbackBase,2,0x00000000,__cxa_pure_virtual
_ZTV13CCallbackBase,3,0x00000000,__cxa_pure_virtual
_ZTV13CCallbackBase,4,0x00000000,__cxa_pure_virtual
_ZTVN2ox4game17CTextLocalizationE,0,0x00000000,
_ZTVN2ox4game17CTextLocalizationE,1,0x0025be20,_ZTIN2ox4game17CTextLocalizationE
_ZTVN2ox4game17CTextLocalizationE,2,0x00010836,_ZN2ox4game17CTextLocalizationD1Ev
_ZTVN2ox4game17CTextLocalizationE,3,0x00010840,_ZN2ox4game17CTextLocalizationD0Ev
_ZTVN2ox6entity19ITestEntityFunctionE,0,0x00000000,
_ZTVN2ox6entity19ITestEntityFunctionE,1,0x0025bf10,_ZTIN2ox6entity19ITestEntityFunctionE
_ZTVN2ox6entity19ITestEntityFunctionE,2,0x00000000,__cxa_pure_virtual
_ZTVN2ox6entity23ITestBestEntityFunctionE,0,0x00000000,
_ZTVN2ox6entity23ITestBestEntityFunctionE,1,0x0025bf08,_ZTIN2ox6entity23ITestBestEntityFunctionE
_ZTVN2ox6entity23ITestBestEntityFunctionE,2,0x00000000,__cxa_pure_virtual
_ZTVN7harvest6entity17CSparkListBuilderE,0,0x00000000,
_ZTVN7harvest6entity17CSparkListBuilderE,1,0x0025bf40,_ZTIN7harvest6entity17CSparkListBuilderE
_ZTVN7harvest6entity17CSparkListBuilderE,2,0x0002179c,_ZN7harvest6entity17CSparkListBuilder10testEntityEPN2ox6entity9COxEntityE
_ZTVN7harvest6entity17CSparkListBuilderE,3,0x00000000,
_ZTVN7harvest6entity17CFindSparkFunctorE,0,0x00000000,
_ZTVN7harvest6entity17CFindSparkFunctorE,1,0x0025bf60,_ZTIN7harvest6entity17CFindSparkFunctorE
_ZTVN7harvest6entity17CFindSparkFunctorE,2,0x00021842,_ZN7harvest6entity17CFindSparkFunctor10testEntityEPN2ox6entity9COxEntityE
_ZTVN7harvest6entity17CFindSparkFunctorE,3,0x00000000,
_ZTVN7harvest4game22CHarvestEventConditionE,0,0x00000000,
_ZTVN7harvest4game22CHarvestEventConditionE,1,0x0025bf70,_ZTIN7harvest4game22CHarvestEventConditionE
_ZTVN7harvest4game22CHarvestEventConditionE,2,0x0003ba9e,_ZN7harvest4game22CHarvestEventConditionD1Ev
_ZTVN7harvest4game22CHarvestEventConditionE,3,0x0003baa4,_ZN7harvest4game22CHarvestEventConditionD0Ev
_ZTVN7harvest4game22CHarvestEventConditionE,4,0x00000000,__cxa_pure_virtual
_ZTVN7harvest4game22CHarvestEventConditionE,5,0x00000000,
_ZTVN7harvest4game22CHarvestEventConditionE,6,0x00000000,
_ZTVN7harvest4game22CHarvestEventConditionE,7,0x00000000,
_ZTVN7harvest4game17CSpawnEntityEventE,0,0x00000000,
_ZTVN7harvest4game17CSpawnEntityEventE,1,0x0025bfc0,_ZTIN7harvest4game17CSpawnEntityEventE
_ZTVN7harvest4game17CSpawnEntityEventE,2,0x0003baae,_ZN7harvest4game17CSpawnEntityEventD1Ev
_ZTVN7harvest4game17CSpawnEntityEventE,3,0x0003bab8,_ZN7harvest4game17CSpawnEntityEventD0Ev
_ZTVN7harvest4game17CSpawnEntityEventE,4,0x0003bae8,_ZN7harvest4game17CSpawnEntityEvent8runEventEv
_ZTVN7harvest4game17CSpawnEntityEventE,5,0x00000000,
_ZTVN7harvest4game13CHarvestEventE,0,0x00000000,
_ZTVN7harvest4game13CHarvestEventE,1,0x0025bfb8,_ZTIN7harvest4game13CHarvestEventE
_ZTVN7harvest4game13CHarvestEventE,2,0x0003bb60,_ZN7harvest4game13CHarvestEventD1Ev
_ZTVN7harvest4game13CHarvestEventE,3,0x0003bb66,_ZN7harvest4game13CHarvestEventD0Ev
_ZTVN7harvest4game13CHarvestEventE,4,0x00000000,__cxa_pure_virtual
_ZTVN7harvest4game13CHarvestEventE,5,0x00000000,
_ZTVN7harvest4game13CHarvestEventE,6,0x00000000,
_ZTVN7harvest4game13CHarvestEventE,7,0x00000000,
_ZTVN7harvest4game24CConditionalHarvestEventE,0,0x00000000,
_ZTVN7harvest4game24CConditionalHarvestEventE,1,0x0025c008,_ZTIN7harvest4game24CConditionalHarvestEventE
_ZTVN7harvest4game24CConditionalHarvestEventE,2,0x0003bd06,_ZN7harvest4game24CConditionalHarvestEventD1Ev
_ZTVN7harvest4game24CConditionalHarvestEventE,3,0x0003bd10,_ZN7harvest4game24CConditionalHarvestEventD0Ev
_ZTVN7harvest4game24CConditionalHarvestEventE,4,0x0003bd40,_ZN7harvest4game24CConditionalHarvestEvent8runEventEv
_ZTVN7harvest4game24CConditionalHarvestEventE,5,0x00000000,
_ZTVN7harvest4game17CTrackEntityEventE,0,0x00000000,
_ZTVN7harvest4game17CTrackEntityEventE,1,0x0025c038,_ZTIN7harvest4game17CTrackEntityEventE
_ZTVN7harvest4game17CTrackEntityEventE,2,0x0003be72,_ZN7harvest4game17CTrackEntityEventD1Ev
_ZTVN7harvest4game17CTrackEntityEventE,3,0x0003be78,_ZN7harvest4game17CTrackEntityEventD0Ev
_ZTVN7harvest4game17CTrackEntityEventE,4,0x0003be82,_ZN7harvest4game17CTrackEntityEvent8runEventEv
_ZTVN7harvest4game17CTrackEntityEventE,5,0x00000000,
_ZTVN7harvest4game19CDropshipStateEventE,0,0x00000000,
_ZTVN7harvest4game19CDropshipStateEventE,1,0x0025c068,_ZTIN7harvest4game19CDropshipStateEventE
_ZTVN7harvest4game19CDropshipStateEventE,2,0x0003bec0,_ZN7harvest4game19CDropshipStateEventD1Ev
_ZTVN7harvest4game19CDropshipStateEventE,3,0x0003bec6,_ZN7harvest4game19CDropshipStateEventD0Ev
_ZTVN7harvest4game19CDropshipStateEventE,4,0x0003bed0,_ZN7harvest4game19CDropshipStateEvent8runEventEv
_ZTVN7harvest4game19CDropshipStateEventE,5,0x00000000,
_ZTVN7harvest4game15CPostEventEventE,0,0x00000000,
_ZTVN7harvest4game15CPostEventEventE,1,0x0025c098,_ZTIN7harvest4game15CPostEventEventE
_ZTVN7harvest4game15CPostEventEventE,2,0x0003bef4,_ZN7harvest4game15CPostEventEventD1Ev
_ZTVN7harvest4game15CPostEventEventE,3,0x0003befa,_ZN7harvest4game15CPostEventEventD0Ev
_ZTVN7harvest4game15CPostEventEventE,4,0x0003bf04,_ZN7harvest4game15CPostEventEvent8runEventEv
_ZTVN7harvest4game15CPostEventEventE,5,0x00000000,
_ZTVN7harvest4game17CAddDialogueEventE,0,0x00000000,
_ZTVN7harvest4game17CAddDialogueEventE,1,0x0025c0c8,_ZTIN7harvest4game17CAddDialogueEventE
_ZTVN7harvest4game17CAddDialogueEventE,2,0x0003bf40,_ZN7harvest4game17CAddDialogueEventD1Ev
_ZTVN7harvest4game17CAddDialogueEventE,3,0x0003bf4a,_ZN7harvest4game17CAddDialogueEventD0Ev
_ZTVN7harvest4game17CAddDialogueEventE,4,0x0003bf7a,_ZN7harvest4game17CAddDialogueEvent8runEventEv
_ZTVN7harvest4game17CAddDialogueEventE,5,0x00000000,
_ZTVN7harvest4game17CAddInfoLineEventE,0,0x00000000,
_ZTVN7harvest4game17CAddInfoLineEventE,1,0x0025c0f8,_ZTIN7harvest4game17CAddInfoLineEventE
_ZTVN7harvest4game17CAddInfoLineEventE,2,0x0003c0ba,_ZN7harvest4game17CAddInfoLineEventD1Ev
_ZTVN7harvest4game17CAddInfoLineEventE,3,0x0003c0c4,_ZN7harvest4game17CAddInfoLineEventD0Ev
_ZTVN7harvest4game17CAddInfoLineEventE,4,0x0003c0f4,_ZN7harvest4game17CAddInfoLineEvent8runEventEv
_ZTVN7harvest4game17CAddInfoLineEventE,5,0x00000000,
_ZTVN7harvest4game9IScenarioE,0,0x00000000,
_ZTVN7harvest4game9IScenarioE,1,0x0025c280,_ZTIN7harvest4game9IScenarioE
_ZTVN7harvest4game9IScenarioE,2,0x0003c322,_ZN7harvest4game9IScenarioD1Ev
_ZTVN7harvest4game9IScenarioE,3,0x0003c328,_ZN7harvest4game9IScenarioD0Ev
_ZTVN7harvest4game9IScenarioE,4,0x00000000,__cxa_pure_virtual
_ZTVN7harvest4game9IScenarioE,5,0x00000000,__cxa_pure_virtual
_ZTVN2ox4algo5CRandE,0,0x00000000,
_ZTVN2ox4algo5CRandE,1,0x0025c138,_ZTIN2ox4algo5CRandE
_ZTVN2ox4algo5CRandE,2,0x0004376c,_ZN2ox4algo5CRandD1Ev
_ZTVN2ox4algo5CRandE,3,0x00043ac8,_ZN2ox4algo5CRandD0Ev
_ZTVN2ox5video26IShaderConstantSetCallBackE,0,0x00000004,
_ZTVN2ox5video26IShaderConstantSetCallBackE,1,0x00000000,
_ZTVN2ox5video26IShaderConstantSetCallBackE,2,0x0025c140,_ZTIN2ox5video26IShaderConstantSetCallBackE
_ZTVN2ox5video26IShaderConstantSetCallBackE,3,0x0004444e,_ZN2ox5video26IShaderConstantSetCallBackD1Ev
_ZTVN2ox5video26IShaderConstantSetCallBackE,4,0x00044454,_ZN2ox5video26IShaderConstantSetCallBackD0Ev
_ZTVN2ox5video26IShaderConstantSetCallBackE,5,0x00000000,__cxa_pure_virtual
_ZTVN2ox5video26IShaderConstantSetCallBackE,6,0xfffffffc,
_ZTVN2ox5video26IShaderConstantSetCallBackE,7,0xfffffffc,
_ZTVN2ox5video26IShaderConstantSetCallBackE,8,0x0025c140,_ZTIN2ox5video26IShaderConstantSetCallBackE
_ZTVN2ox5video26IShaderConstantSetCallBackE,9,0x0004445d,_ZTv0_n12_N2ox5video26IShaderConstantSetCallBackD1Ev
_ZTVN2ox5video26IShaderConstantSetCallBackE,10,0x00044462,_ZTv0_n12_N2ox5video26IShaderConstantSetCallBackD0Ev
_ZTVN2ox5video26IShaderConstantSetCallBackE,11,0x00000000,
_ZTVN7harvest3gui17CDialogueItemInfoE,0,0x00000000,
_ZTVN7harvest3gui17CDialogueItemInfoE,1,0x0025c108,_ZTIN7harvest3gui17CDialogueItemInfoE
_ZTVN7harvest3gui17CDialogueItemInfoE,2,0x0003c290,_ZN7harvest3gui17CDialogueItemInfoD1Ev
_ZTVN7harvest3gui17CDialogueItemInfoE,3,0x0003c29a,_ZN7harvest3gui17CDialogueItemInfoD0Ev
_ZTVN7harvest6entity11SEnergyBeamE,0,0x00000000,
_ZTVN7harvest6entity11SEnergyBeamE,1,0x0025c250,_ZTIN7harvest6entity11SEnergyBeamE
_ZTVN7harvest6entity11SEnergyBeamE,2,0x0001948e,_ZN7harvest6entity11SEnergyBeamD1Ev
_ZTVN7harvest6entity11SEnergyBeamE,3,0x0001968a,_ZN7harvest6entity11SEnergyBeamD0Ev
_ZTVN2ox5video23IParticleEngineCallbackE,0,0x00000000,
_ZTVN2ox5video23IParticleEngineCallbackE,1,0x0025c230,_ZTIN2ox5video23IParticleEngineCallbackE
_ZTVN2ox5video23IParticleEngineCallbackE,2,0x00000000,__cxa_pure_virtual
_ZTVN2ox5video23IParticleEngineCallbackE,3,0x00000000,__cxa_pure_virtual
_ZTVN2ox5video23IParticleEngineCallbackE,4,0x0007fb24,_ZN2ox5video23IParticleEngineCallback17playParticleSoundEPKcRKNS_4core9CVector3dIfEE
_ZTVN2ox5video23IParticleEngineCallbackE,5,0x00000000,
_ZTVN2ox5video23IParticleEngineCallbackE,6,0x00000000,
_ZTVN2ox5video23IParticleEngineCallbackE,7,0x00000000,
_ZTVN2ox3gui14IGUITextButtonE,0,0x00000000,
_ZTVN2ox3gui14IGUITextButtonE,1,0x0025c298,_ZTIN2ox3gui14IGUITextButtonE
_ZTVN2ox3gui14IGUITextButtonE,2,0x000a1f2e,_ZN2ox3gui14IGUITextButtonD1Ev
_ZTVN2ox3gui14IGUITextButtonE,3,0x000a1f38,_ZN2ox3gui14IGUITextButtonD0Ev
_ZTVN2ox3gui14IGUITextButtonE,4,0x000aac06,_ZN2ox3gui11IGUIElement19setRelativePositionERKNS_4core5CRectIiEE
_ZTVN2ox3gui14IGUITextButtonE,5,0x000ae4ba,_ZN2ox3gui11IGUIElement29getParentAbsoluteClippingRectEb
_ZTVN2ox3gui14IGUITextButtonE,6,0x000aad94,_ZN2ox3gui11IGUIElement22updateAbsolutePositionEv
_ZTVN2ox3gui14IGUITextButtonE,7,0x000aaa08,_ZN2ox3gui11IGUIElement8addChildEPS1_
_ZTVN2ox3gui14IGUITextButtonE,8,0x000ae510,_ZN2ox3gui11IGUIElement11removeChildEPS1_
_ZTVN2ox3gui14IGUITextButtonE,9,0x000aae9e,_ZN2ox3gui11IGUIElement17removeAllChildrenEv
_ZTVN2ox3gui14IGUITextButtonE,10,0x00173520,_ZN2ox3gui11IGUIElement6removeEv
_ZTVN2ox3gui14IGUITextButtonE,11,0x000aaf10,_ZN2ox3gui11IGUIElement4drawEv
_ZTVN2ox3gui14IGUITextButtonE,12,0x000aafc2,_ZN2ox3gui11IGUIElement4moveENS_4core11CPosition2dIiEE
_ZTVN2ox3gui14IGUITextButtonE,13,0x000aafea,_ZN2ox3gui11IGUIElement6moveToENS_4core11CPosition2dIiEE
_ZTVN2ox3gui14IGUITextButtonE,14,0x000ab034,_ZN2ox3gui11IGUIElement12centerOnRectERKNS_4core5CRectIiEE
_ZTVN2ox3gui14IGUITextButtonE,15,0x000ab08a,_ZN2ox3gui11IGUIElement14centerOnParentEv
_ZTVN2ox3gui14IGUITextButtonE,16,0x000ab0c6,_ZN2ox3gui11IGUIElement9isVisibleEv
_ZTVN2ox3gui14IGUITextButtonE,17,0x000ab0d6,_ZN2ox3gui11IGUIElement10setVisibleEb
_ZTVN2ox3gui14IGUITextButtonE,18,0x000ab0e4,_ZN2ox3gui11IGUIElement9isEnabledEv
_ZTVN2ox3gui14IGUITextButtonE,19,0x000ab0f4,_ZN2ox3gui11IGUIElement10setEnabledEb
_ZTVN2ox3gui14IGUITextButtonE,20,0x000ab12e,_ZN2ox3gui11IGUIElement7isFixedEv
_ZTVN2ox3gui14IGUITextButtonE,21,0x000ab13e,_ZN2ox3gui11IGUIElement8setFixedEb
_ZTVN2ox3gui14IGUITextButtonE,22,0x000ab14c,_ZN2ox3gui11IGUIElement11isInvisibleEv
_ZTVN2ox3gui14IGUITextButtonE,23,0x000ab15c,_ZN2ox3gui11IGUIElement12setInvisibleEb
_ZTVN2ox3gui14IGUITextButtonE,24,0x000ab16a,_ZN2ox3gui11IGUIElement16doesReportOnDrawEv
_ZTVN2ox3gui14IGUITextButtonE,25,0x000ab17c,_ZN2ox3gui11IGUIElement15setReportOnDrawEi
_ZTVN2ox3gui14IGUITextButtonE,26,0x000ab18a,_ZN2ox3gui11IGUIElement7setTextEPKw
_ZTVN2ox3gui14IGUITextButtonE,27,0x000ab1aa,_ZNK2ox3gui11IGUIElement7getTextEv
_ZTVN2ox3gui14IGUITextButtonE,28,0x000ab1b6,_ZN2ox3gui11IGUIElement5getIDEv
_ZTVN2ox3gui14IGUITextButtonE,29,0x000ab1c2,_ZN2ox3gui11IGUIElement5setIDEi
_ZTVN2ox3gui14IGUITextButtonE,30,0x000ab1d0,_ZN2ox3gui11IGUIElement7getTypeEv
_ZTVN2ox3gui14IGUITextButtonE,31,0x000ae556,_ZN2ox3gui11IGUIElement7OnEventERKNS_5event6SEventE
_ZTVN2ox3gui14IGUITextButtonE,32,0x000ab1dc,_ZN2ox3gui11IGUIElement22OnEventInNonFocusStateERKNS_5event6SEventE
_ZTVN2ox3gui14IGUITextButtonE,33,0x000ab218,_ZN2ox3gui11IGUIElement12bringToFrontEPS1_
_ZTVN2ox3gui14IGUITextButtonE,34,0x000ab270,_ZN2ox3gui11IGUIElement11getChildrenEv
_ZTVN2ox3gui14IGUITextButtonE,35,0x000ab27c,_ZN2ox3gui11IGUIElement16getElementFromIdEib
_ZTVN2ox3gui14IGUITextButtonE,36,0x000ab2d8,_ZN2ox3gui11IGUIElement12getHoverItemEv
_ZTVN2ox3gui14IGUITextButtonE,37,0x000ab2e4,_ZN2ox3gui11IGUIElement12setHoverItemEPS1_
_ZTVN2ox3gui14IGUITextButtonE,38,0x000ab334,_ZN2ox3gui11IGUIElement16getPreferredSizeEv
_ZTVN2ox3gui14IGUITextButtonE,39,0x00000000,__cxa_pure_virtual
_ZTVN2ox3gui14IGUITextButtonE,40,0xfffffff4,
_ZTVN2ox3gui14IGUITextButtonE,41,0x0025c298,_ZTIN2ox3gui14IGUITextButtonE
_ZTVN2ox3gui14IGUITextButtonE,42,0x000ae5a0,_ZThn12_N2ox3gui11IGUIElement7OnEventERKNS_5event6SEventE
_ZTVN2ox3gui14IGUITextButtonE,43,0x000a1f68,_ZThn12_N2ox3gui14IGUITextButtonD1Ev
_ZTVN2ox3gui14IGUITextButtonE,44,0x000a1f81,_ZThn12_N2ox3gui14IGUITextButtonD0Ev
_ZTVN2ox3gui14IGUITextButtonE,45,0x00000000,
_ZTVN2ox3gui14IGUITextButtonE,46,0x00000000,
_ZTVN2ox3gui14IGUITextButtonE,47,0x00000000,
_ZTVN2ox3gui10IGUIButtonE,0,0x00000000,
_ZTVN2ox3gui10IGUIButtonE,1,0x0025c288,_ZTIN2ox3gui10IGUIButtonE
_ZTVN2ox3gui10IGUIButtonE,2,0x000a1f9a,_ZN2ox3gui10IGUIButtonD1Ev
_ZTVN2ox3gui10IGUIButtonE,3,0x000a1fa4,_ZN2ox3gui10IGUIButtonD0Ev
_ZTVN2ox3gui10IGUIButtonE,4,0x000aac06,_ZN2ox3gui11IGUIElement19setRelativePositionERKNS_4core5CRectIiEE
_ZTVN2ox3gui10IGUIButtonE,5,0x000ae4ba,_ZN2ox3gui11IGUIElement29getParentAbsoluteClippingRectEb
_ZTVN2ox3gui10IGUIButtonE,6,0x000aad94,_ZN2ox3gui11IGUIElement22updateAbsolutePositionEv
_ZTVN2ox3gui10IGUIButtonE,7,0x000aaa08,_ZN2ox3gui11IGUIElement8addChildEPS1_
_ZTVN2ox3gui10IGUIButtonE,8,0x000ae510,_ZN2ox3gui11IGUIElement11removeChildEPS1_
_ZTVN2ox3gui10IGUIButtonE,9,0x000aae9e,_ZN2ox3gui11IGUIElement17removeAllChildrenEv
_ZTVN2ox3gui10IGUIButtonE,10,0x00173520,_ZN2ox3gui11IGUIElement6removeEv
_ZTVN2ox3gui10IGUIButtonE,11,0x000aaf10,_ZN2ox3gui11IGUIElement4drawEv
_ZTVN2ox3gui10IGUIButtonE,12,0x000aafc2,_ZN2ox3gui11IGUIElement4moveENS_4core11CPosition2dIiEE
_ZTVN2ox3gui10IGUIButtonE,13,0x000aafea,_ZN2ox3gui11IGUIElement6moveToENS_4core11CPosition2dIiEE
_ZTVN2ox3gui10IGUIButtonE,14,0x000ab034,_ZN2ox3gui11IGUIElement12centerOnRectERKNS_4core5CRectIiEE
_ZTVN2ox3gui10IGUIButtonE,15,0x000ab08a,_ZN2ox3gui11IGUIElement14centerOnParentEv
_ZTVN2ox3gui10IGUIButtonE,16,0x000ab0c6,_ZN2ox3gui11IGUIElement9isVisibleEv
_ZTVN2ox3gui10IGUIButtonE,17,0x000ab0d6,_ZN2ox3gui11IGUIElement10setVisibleEb
_ZTVN2ox3gui10IGUIButtonE,18,0x000ab0e4,_ZN2ox3gui11IGUIElement9isEnabledEv
_ZTVN2ox3gui10IGUIButtonE,19,0x000ab0f4,_ZN2ox3gui11IGUIElement10setEnabledEb
_ZTVN2ox3gui10IGUIButtonE,20,0x000ab12e,_ZN2ox3gui11IGUIElement7isFixedEv
_ZTVN2ox3gui10IGUIButtonE,21,0x000ab13e,_ZN2ox3gui11IGUIElement8setFixedEb
_ZTVN2ox3gui10IGUIButtonE,22,0x000ab14c,_ZN2ox3gui11IGUIElement11isInvisibleEv
_ZTVN2ox3gui10IGUIButtonE,23,0x000ab15c,_ZN2ox3gui11IGUIElement12setInvisibleEb
_ZTVN2ox3gui10IGUIButtonE,24,0x000ab16a,_ZN2ox3gui11IGUIElement16doesReportOnDrawEv
_ZTVN2ox3gui10IGUIButtonE,25,0x000ab17c,_ZN2ox3gui11IGUIElement15setReportOnDrawEi
_ZTVN2ox3gui10IGUIButtonE,26,0x000ab18a,_ZN2ox3gui11IGUIElement7setTextEPKw
_ZTVN2ox3gui10IGUIButtonE,27,0x000ab1aa,_ZNK2ox3gui11IGUIElement7getTextEv
_ZTVN2ox3gui10IGUIButtonE,28,0x000ab1b6,_ZN2ox3gui11IGUIElement5getIDEv
_ZTVN2ox3gui10IGUIButtonE,29,0x000ab1c2,_ZN2ox3gui11IGUIElement5setIDEi
_ZTVN2ox3gui10IGUIButtonE,30,0x000ab1d0,_ZN2ox3gui11IGUIElement7getTypeEv
_ZTVN2ox3gui10IGUIButtonE,31,0x000ae556,_ZN2ox3gui11IGUIElement7OnEventERKNS_5event6SEventE
_ZTVN2ox3gui10IGUIButtonE,32,0x000ab1dc,_ZN2ox3gui11IGUIElement22OnEventInNonFocusStateERKNS_5event6SEventE
_ZTVN2ox3gui10IGUIButtonE,33,0x000ab218,_ZN2ox3gui11IGUIElement12bringToFrontEPS1_
_ZTVN2ox3gui10IGUIButtonE,34,0x000ab270,_ZN2ox3gui11IGUIElement11getChildrenEv
_ZTVN2ox3gui10IGUIButtonE,35,0x000ab27c,_ZN2ox3gui11IGUIElement16getElementFromIdEib
_ZTVN2ox3gui10IGUIButtonE,36,0x000ab2d8,_ZN2ox3gui11IGUIElement12getHoverItemEv
_ZTVN2ox3gui10IGUIButtonE,37,0x000ab2e4,_ZN2ox3gui11IGUIElement12setHoverItemEPS1_
_ZTVN2ox3gui10IGUIButtonE,38,0x000ab334,_ZN2ox3gui11IGUIElement16getPreferredSizeEv
_ZTVN2ox3gui10IGUIButtonE,39,0x00000000,__cxa_pure_virtual
_ZTVN2ox3gui10IGUIButtonE,40,0x00000000,__cxa_pure_virtual
_ZTVN2ox3gui10IGUIButtonE,41,0x00000000,__cxa_pure_virtual
_ZTVN2ox3gui10IGUIButtonE,42,0x00000000,__cxa_pure_virtual
_ZTVN2ox3gui10IGUIButtonE,43,0x00000000,__cxa_pure_virtual
_ZTVN2ox3gui10IGUIButtonE,44,0x00000000,__cxa_pure_virtual
_ZTVN2ox3gui10IGUIButtonE,45,0x00000000,__cxa_pure_virtual
_ZTVN2ox3gui10IGUIButtonE,46,0xfffffff4,
_ZTVN2ox3gui10IGUIButtonE,47,0x0025c288,_ZTIN2ox3gui10IGUIButtonE
_ZTVN2ox3gui10IGUIButtonE,48,0x000ae5a0,_ZThn12_N2ox3gui11IGUIElement7OnEventERKNS_5event6SEventE
_ZTVN2ox3gui10IGUIButtonE,49,0x000a1fd4,_ZThn12_N2ox3gui10IGUIButtonD1Ev
_ZTVN2ox3gui10IGUIButtonE,50,0x000a1fed,_ZThn12_N2ox3gui10IGUIButtonD0Ev
_ZTVN2ox3gui10IGUIButtonE,51,0x00000000,
_ZTVN2ox3gui10IGUIButtonE,52,0x00000000,
_ZTVN2ox3gui10IGUIButtonE,53,0x00000000,
_ZTVN2ox3gui12IGUICheckBoxE,0,0x00000000,
_ZTVN2ox3gui12IGUICheckBoxE,1,0x0025c448,_ZTIN2ox3gui12IGUICheckBoxE
_ZTVN2ox3gui12IGUICheckBoxE,2,0x000a2b56,_ZN2ox3gui12IGUICheckBoxD1Ev
_ZTVN2ox3gui12IGUICheckBoxE,3,0x000a2b60,_ZN2ox3gui12IGUICheckBoxD0Ev
_ZTVN2ox3gui12IGUICheckBoxE,4,0x000aac06,_ZN2ox3gui11IGUIElement19setRelativePositionERKNS_4core5CRectIiEE
_ZTVN2ox3gui12IGUICheckBoxE,5,0x000ae4ba,_ZN2ox3gui11IGUIElement29getParentAbsoluteClippingRectEb
_ZTVN2ox3gui12IGUICheckBoxE,6,0x000aad94,_ZN2ox3gui11IGUIElement22updateAbsolutePositionEv
_ZTVN2ox3gui12IGUICheckBoxE,7,0x000aaa08,_ZN2ox3gui11IGUIElement8addChildEPS1_
_ZTVN2ox3gui12IGUICheckBoxE,8,0x000ae510,_ZN2ox3gui11IGUIElement11removeChildEPS1_
_ZTVN2ox3gui12IGUICheckBoxE,9,0x000aae9e,_ZN2ox3gui11IGUIElement17removeAllChildrenEv
_ZTVN2ox3gui12IGUICheckBoxE,10,0x00173520,_ZN2ox3gui11IGUIElement6removeEv
_ZTVN2ox3gui12IGUICheckBoxE,11,0x000aaf10,_ZN2ox3gui11IGUIElement4drawEv
_ZTVN2ox3gui12IGUICheckBoxE,12,0x000aafc2,_ZN2ox3gui11IGUIElement4moveENS_4core11CPosition2dIiEE
_ZTVN2ox3gui12IGUICheckBoxE,13,0x000aafea,_ZN2ox3gui11IGUIElement6moveToENS_4core11CPosition2dIiEE
_ZTVN2ox3gui12IGUICheckBoxE,14,0x000ab034,_ZN2ox3gui11IGUIElement12centerOnRectERKNS_4core5CRectIiEE
_ZTVN2ox3gui12IGUICheckBoxE,15,0x000ab08a,_ZN2ox3gui11IGUIElement14centerOnParentEv
_ZTVN2ox3gui12IGUICheckBoxE,16,0x000ab0c6,_ZN2ox3gui11IGUIElement9isVisibleEv
_ZTVN2ox3gui12IGUICheckBoxE,17,0x000ab0d6,_ZN2ox3gui11IGUIElement10setVisibleEb
_ZTVN2ox3gui12IGUICheckBoxE,18,0x000ab0e4,_ZN2ox3gui11IGUIElement9isEnabledEv
_ZTVN2ox3gui12IGUICheckBoxE,19,0x000ab0f4,_ZN2ox3gui11IGUIElement10setEnabledEb
_ZTVN2ox3gui12IGUICheckBoxE,20,0x000ab12e,_ZN2ox3gui11IGUIElement7isFixedEv
_ZTVN2ox3gui12IGUICheckBoxE,21,0x000ab13e,_ZN2ox3gui11IGUIElement8setFixedEb
_ZTVN2ox3gui12IGUICheckBoxE,22,0x000ab14c,_ZN2ox3gui11IGUIElement11isInvisibleEv
_ZTVN2ox3gui12IGUICheckBoxE,23,0x000ab15c,_ZN2ox3gui11IGUIElement12setInvisibleEb
_ZTVN2ox3gui12IGUICheckBoxE,24,0x000ab16a,_ZN2ox3gui11IGUIElement16doesReportOnDrawEv
_ZTVN2ox3gui12IGUICheckBoxE,25,0x000ab17c,_ZN2ox3gui11IGUIElement15setReportOnDrawEi
_ZTVN2ox3gui12IGUICheckBoxE,26,0x000ab18a,_ZN2ox3gui11IGUIElement7setTextEPKw
_ZTVN2ox3gui12IGUICheckBoxE,27,0x000ab1aa,_ZNK2ox3gui11IGUIElement7getTextEv
_ZTVN2ox3gui12IGUICheckBoxE,28,0x000ab1b6,_ZN2ox3gui11IGUIElement5getIDEv
_ZTVN2ox3gui12IGUICheckBoxE,29,0x000ab1c2,_ZN2ox3gui11IGUIElement5setIDEi
_ZTVN2ox3gui12IGUICheckBoxE,30,0x000ab1d0,_ZN2ox3gui11IGUIElement7getTypeEv
_ZTVN2ox3gui12IGUICheckBoxE,31,0x000ae556,_ZN2ox3gui11IGUIElement7OnEventERKNS_5event6SEventE
_ZTVN2ox3gui12IGUICheckBoxE,32,0x000ab1dc,_ZN2ox3gui11IGUIElement22OnEventInNonFocusStateERKNS_5event6SEventE
_ZTVN2ox3gui12IGUICheckBoxE,33,0x000ab218,_ZN2ox3gui11IGUIElement12bringToFrontEPS1_
_ZTVN2ox3gui12IGUICheckBoxE,34,0x000ab270,_ZN2ox3gui11IGUIElement11getChildrenEv
_ZTVN2ox3gui12IGUICheckBoxE,35,0x000ab27c,_ZN2ox3gui11IGUIElement16getElementFromIdEib
_ZTVN2ox3gui12IGUICheckBoxE,36,0x000ab2d8,_ZN2ox3gui11IGUIElement12getHoverItemEv
_ZTVN2ox3gui12IGUICheckBoxE,37,0x000ab2e4,_ZN2ox3gui11IGUIElement12setHoverItemEPS1_
_ZTVN2ox3gui12IGUICheckBoxE,38,0x000ab334,_ZN2ox3gui11IGUIElement16getPreferredSizeEv
_ZTVN2ox3gui12IGUICheckBoxE,39,0x00000000,__cxa_pure_virtual
_ZTVN2ox3gui12IGUICheckBoxE,40,0x00000000,__cxa_pure_virtual
_ZTVN2ox3gui12IGUICheckBoxE,41,0x00000000,__cxa_pure_virtual
_ZTVN2ox3gui12IGUICheckBoxE,42,0x00000000,__cxa_pure_virtual
_ZTVN2ox3gui12IGUICheckBoxE,43,0x00000000,__cxa_pure_virtual
_ZTVN2ox3gui12IGUICheckBoxE,44,0x00000000,__cxa_pure_virtual
_ZTVN2ox3gui12IGUICheckBoxE,45,0xfffffff4,
_ZTVN2ox3gui12IGUICheckBoxE,46,0x0025c448,_ZTIN2ox3gui12IGUICheckBoxE
_ZTVN2ox3gui12IGUICheckBoxE,47,0x000ae5a0,_ZThn12_N2ox3gui11IGUIElement7OnEventERKNS_5event6SEventE
_ZTVN2ox3gui12IGUICheckBoxE,48,0x000a2b90,_ZThn12_N2ox3gui12IGUICheckBoxD1Ev
_ZTVN2ox3gui12IGUICheckBoxE,49,0x000a2ba9,_ZThn12_N2ox3gui12IGUICheckBoxD0Ev
_ZTVN2ox3gui13IGUIClickAreaE,0,0x00000000,
_ZTVN2ox3gui13IGUIClickAreaE,1,0x0025c528,_ZTIN2ox3gui13IGUIClickAreaE
_ZTVN2ox3gui13IGUIClickAreaE,2,0x000a2e50,_ZN2ox3gui13IGUIClickAreaD1Ev
_ZTVN2ox3gui13IGUIClickAreaE,3,0x000a2e5a,_ZN2ox3gui13IGUIClickAreaD0Ev
_ZTVN2ox3gui13IGUIClickAreaE,4,0x000aac06,_ZN2ox3gui11IGUIElement19setRelativePositionERKNS_4core5CRectIiEE
_ZTVN2ox3gui13IGUIClickAreaE,5,0x000aac8a,_ZN2ox3gui10IGUILayout29getParentAbsoluteClippingRectEb
_ZTVN2ox3gui13IGUIClickAreaE,6,0x000aad94,_ZN2ox3gui11IGUIElement22updateAbsolutePositionEv
_ZTVN2ox3gui13IGUIClickAreaE,7,0x000aaa08,_ZN2ox3gui11IGUIElement8addChildEPS1_
_ZTVN2ox3gui13IGUIClickAreaE,8,0x000ae510,_ZN2ox3gui11IGUIElement11removeChildEPS1_
_ZTVN2ox3gui13IGUIClickAreaE,9,0x000aae9e,_ZN2ox3gui11IGUIElement17removeAllChildrenEv
_ZTVN2ox3gui13IGUIClickAreaE,10,0x00173520,_ZN2ox3gui11IGUIElement6removeEv
_ZTVN2ox3gui13IGUIClickAreaE,11,0x000aaf10,_ZN2ox3gui11IGUIElement4drawEv
_ZTVN2ox3gui13IGUIClickAreaE,12,0x000aafc2,_ZN2ox3gui11IGUIElement4moveENS_4core11CPosition2dIiEE
_ZTVN2ox3gui13IGUIClickAreaE,13,0x000aafea,_ZN2ox3gui11IGUIElement6moveToENS_4core11CPosition2dIiEE
_ZTVN2ox3gui13IGUIClickAreaE,14,0x000ab034,_ZN2ox3gui11IGUIElement12centerOnRectERKNS_4core5CRectIiEE
_ZTVN2ox3gui13IGUIClickAreaE,15,0x000ab08a,_ZN2ox3gui11IGUIElement14centerOnParentEv
_ZTVN2ox3gui13IGUIClickAreaE,16,0x000ab0c6,_ZN2ox3gui11IGUIElement9isVisibleEv
_ZTVN2ox3gui13IGUIClickAreaE,17,0x000ab0d6,_ZN2ox3gui11IGUIElement10setVisibleEb
_ZTVN2ox3gui13IGUIClickAreaE,18,0x000ab0e4,_ZN2ox3gui11IGUIElement9isEnabledEv
_ZTVN2ox3gui13IGUIClickAreaE,19,0x000ab0f4,_ZN2ox3gui11IGUIElement10setEnabledEb
_ZTVN2ox3gui13IGUIClickAreaE,20,0x000ab12e,_ZN2ox3gui11IGUIElement7isFixedEv
_ZTVN2ox3gui13IGUIClickAreaE,21,0x000ab13e,_ZN2ox3gui11IGUIElement8setFixedEb
_ZTVN2ox3gui13IGUIClickAreaE,22,0x000ab14c,_ZN2ox3gui11IGUIElement11isInvisibleEv
_ZTVN2ox3gui13IGUIClickAreaE,23,0x000ab15c,_ZN2ox3gui11IGUIElement12setInvisibleEb
_ZTVN2ox3gui13IGUIClickAreaE,24,0x000ab16a,_ZN2ox3gui11IGUIElement16doesReportOnDrawEv
_ZTVN2ox3gui13IGUIClickAreaE,25,0x000ab17c,_ZN2ox3gui11IGUIElement15setReportOnDrawEi
_ZTVN2ox3gui13IGUIClickAreaE,26,0x000ab18a,_ZN2ox3gui11IGUIElement7setTextEPKw
_ZTVN2ox3gui13IGUIClickAreaE,27,0x000ab1aa,_ZNK2ox3gui11IGUIElement7getTextEv
_ZTVN2ox3gui13IGUIClickAreaE,28,0x000ab1b6,_ZN2ox3gui11IGUIElement5getIDEv
_ZTVN2ox3gui13IGUIClickAreaE,29,0x000ab1c2,_ZN2ox3gui11IGUIElement5setIDEi
_ZTVN2ox3gui13IGUIClickAreaE,30,0x000ab1d0,_ZN2ox3gui11IGUIElement7getTypeEv
_ZTVN2ox3gui13IGUIClickAreaE,31,0x000ae556,_ZN2ox3gui11IGUIElement7OnEventERKNS_5event6SEventE
_ZTVN2ox3gui13IGUIClickAreaE,32,0x000ab1dc,_ZN2ox3gui11IGUIElement22OnEventInNonFocusStateERKNS_5event6SEventE
_ZTVN2ox3gui13IGUIClickAreaE,33,0x000ab218,_ZN2ox3gui11IGUIElement12bringToFrontEPS1_
_ZTVN2ox3gui13IGUIClickAreaE,34,0x000ab270,_ZN2ox3gui11IGUIElement11getChildrenEv
_ZTVN2ox3gui13IGUIClickAreaE,35,0x000ab27c,_ZN2ox3gui11IGUIElement16getElementFromIdEib
_ZTVN2ox3gui13IGUIClickAreaE,36,0x000ab2d8,_ZN2ox3gui11IGUIElement12getHoverItemEv
_ZTVN2ox3gui13IGUIClickAreaE,37,0x000ab2e4,_ZN2ox3gui11IGUIElement12setHoverItemEPS1_
_ZTVN2ox3gui13IGUIClickAreaE,38,0x000ab334,_ZN2ox3gui11IGUIElement16getPreferredSizeEv
_ZTVN2ox3gui13IGUIClickAreaE,39,0x000ab352,_ZN2ox3gui10IGUILayout8sortFlowEiibb
_ZTVN2ox3gui13IGUIClickAreaE,40,0x000ab5cc,_ZN2ox3gui10IGUILayout14sortVerticallyEib
_ZTVN2ox3gui13IGUIClickAreaE,41,0x000ab6c2,_ZN2ox3gui10IGUILayout16sortHorizontallyEi
_ZTVN2ox3gui13IGUIClickAreaE,42,0x000ab7a2,_ZN2ox3gui10IGUILayout9sortRiverEbiib
_ZTVN2ox3gui13IGUIClickAreaE,43,0x000ac424,_ZN2ox3gui10IGUILayout14getContentAreaEv
_ZTVN2ox3gui13IGUIClickAreaE,44,0x000ac450,_ZN2ox3gui10IGUILayout28updateChildrenForContentAreaEv
_ZTVN2ox3gui13IGUIClickAreaE,45,0xfffffff4,
_ZTVN2ox3gui13IGUIClickAreaE,46,0x0025c528,_ZTIN2ox3gui13IGUIClickAreaE
_ZTVN2ox3gui13IGUIClickAreaE,47,0x000ae5a0,_ZThn12_N2ox3gui11IGUIElement7OnEventERKNS_5event6SEventE
_ZTVN2ox3gui13IGUIClickAreaE,48,0x000a2e8a,_ZThn12_N2ox3gui13IGUIClickAreaD1Ev
_ZTVN2ox3gui13IGUIClickAreaE,49,0x000a2ea3,_ZThn12_N2ox3gui13IGUIClickAreaD0Ev
_ZTVN2ox3gui13IGUIClickAreaE,50,0x00000000,
_ZTVN2ox3gui13IGUIClickAreaE,51,0x00000000,
_ZTVN2ox3gui13IGUIClickAreaE,52,0x00000000,
_ZTVN2ox3gui13IGUIClickAreaE,53,0x00000000,
_ZTVN2ox3gui12IGUIComboBoxE,0,0x00000000,
_ZTVN2ox3gui12IGUIComboBoxE,1,0x0025c618,_ZTIN2ox3gui12IGUIComboBoxE
_ZTVN2ox3gui12IGUIComboBoxE,2,0x000a3e64,_ZN2ox3gui12IGUIComboBoxD1Ev
_ZTVN2ox3gui12IGUIComboBoxE,3,0x000a3e6e,_ZN2ox3gui12IGUIComboBoxD0Ev
_ZTVN2ox3gui12IGUIComboBoxE,4,0x000aac06,_ZN2ox3gui11IGUIElement19setRelativePositionERKNS_4core5CRectIiEE
_ZTVN2ox3gui12IGUIComboBoxE,5,0x000ae4ba,_ZN2ox3gui11IGUIElement29getParentAbsoluteClippingRectEb
_ZTVN2ox3gui12IGUIComboBoxE,6,0x000aad94,_ZN2ox3gui11IGUIElement22updateAbsolutePositionEv
_ZTVN2ox3gui12IGUIComboBoxE,7,0x000aaa08,_ZN2ox3gui11IGUIElement8addChildEPS1_
_ZTVN2ox3gui12IGUIComboBoxE,8,0x000ae510,_ZN2ox3gui11IGUIElement11removeChildEPS1_
_ZTVN2ox3gui12IGUIComboBoxE,9,0x000aae9e,_ZN2ox3gui11IGUIElement17removeAllChildrenEv
_ZTVN2ox3gui12IGUIComboBoxE,10,0x00173520,_ZN2ox3gui11IGUIElement6removeEv
_ZTVN2ox3gui12IGUIComboBoxE,11,0x000aaf10,_ZN2ox3gui11IGUIElement4drawEv
_ZTVN2ox3gui12IGUIComboBoxE,12,0x000aafc2,_ZN2ox3gui11IGUIElement4moveENS_4core11CPosition2dIiEE
_ZTVN2ox3gui12IGUIComboBoxE,13,0x000aafea,_ZN2ox3gui11IGUIElement6moveToENS_4core11CPosition2dIiEE
_ZTVN2ox3gui12IGUIComboBoxE,14,0x000ab034,_ZN2ox3gui11IGUIElement12centerOnRectERKNS_4core5CRectIiEE
_ZTVN2ox3gui12IGUIComboBoxE,15,0x000ab08a,_ZN2ox3gui11IGUIElement14centerOnParentEv
_ZTVN2ox3gui12IGUIComboBoxE,16,0x000ab0c6,_ZN2ox3gui11IGUIElement9isVisibleEv
_ZTVN2ox3gui12IGUIComboBoxE,17,0x000ab0d6,_ZN2ox3gui11IGUIElement10setVisibleEb
_ZTVN2ox3gui12IGUIComboBoxE,18,0x000ab0e4,_ZN2ox3gui11IGUIElement9isEnabledEv
_ZTVN2ox3gui12IGUIComboBoxE,19,0x000ab0f4,_ZN2ox3gui11IGUIElement10setEnabledEb
_ZTVN2ox3gui12IGUIComboBoxE,20,0x000ab12e,_ZN2ox3gui11IGUIElement7isFixedEv
_ZTVN2ox3gui12IGUIComboBoxE,21,0x000ab13e,_ZN2ox3gui11IGUIElement8setFixedEb
_ZTVN2ox3gui12IGUIComboBoxE,22,0x000ab14c,_ZN2ox3gui11IGUIElement11isInvisibleEv
_ZTVN2ox3gui12IGUIComboBoxE,23,0x000ab15c,_ZN2ox3gui11IGUIElement12setInvisibleEb
_ZTVN2ox3gui12IGUIComboBoxE,24,0x000ab16a,_ZN2ox3gui11IGUIElement16doesReportOnDrawEv
_ZTVN2ox3gui12IGUIComboBoxE,25,0x000ab17c,_ZN2ox3gui11IGUIElement15setReportOnDrawEi
_ZTVN2ox3gui12IGUIComboBoxE,26,0x000ab18a,_ZN2ox3gui11IGUIElement7setTextEPKw
_ZTVN2ox3gui12IGUIComboBoxE,27,0x000ab1aa,_ZNK2ox3gui11IGUIElement7getTextEv
_ZTVN2ox3gui12IGUIComboBoxE,28,0x000ab1b6,_ZN2ox3gui11IGUIElement5getIDEv
_ZTVN2ox3gui12IGUIComboBoxE,29,0x000ab1c2,_ZN2ox3gui11IGUIElement5setIDEi
_ZTVN2ox3gui12IGUIComboBoxE,30,0x000ab1d0,_ZN2ox3gui11IGUIElement7getTypeEv
_ZTVN2ox3gui12IGUIComboBoxE,31,0x000ae556,_ZN2ox3gui11IGUIElement7OnEventERKNS_5event6SEventE
_ZTVN2ox3gui12IGUIComboBoxE,32,0x000ab1dc,_ZN2ox3gui11IGUIElement22OnEventInNonFocusStateERKNS_5event6SEventE
_ZTVN2ox3gui12IGUIComboBoxE,33,0x000ab218,_ZN2ox3gui11IGUIElement12bringToFrontEPS1_
_ZTVN2ox3gui12IGUIComboBoxE,34,0x000ab270,_ZN2ox3gui11IGUIElement11getChildrenEv
_ZTVN2ox3gui12IGUIComboBoxE,35,0x000ab27c,_ZN2ox3gui11IGUIElement16getElementFromIdEib
_ZTVN2ox3gui12IGUIComboBoxE,36,0x000ab2d8,_ZN2ox3gui11IGUIElement12getHoverItemEv
_ZTVN2ox3gui12IGUIComboBoxE,37,0x000ab2e4,_ZN2ox3gui11IGUIElement12setHoverItemEPS1_
_ZTVN2ox3gui12IGUIComboBoxE,38,0x000ab334,_ZN2ox3gui11IGUIElement16getPreferredSizeEv
_ZTVN2ox3gui12IGUIComboBoxE,39,0x00000000,__cxa_pure_virtual
_ZTVN2ox3gui12IGUIComboBoxE,40,0x00000000,__cxa_pure_virtual
_ZTVN2ox3gui12IGUIComboBoxE,41,0x00000000,__cxa_pure_virtual
_ZTVN2ox3gui12IGUIComboBoxE,42,0x00000000,__cxa_pure_virtual
_ZTVN2ox3gui12IGUIComboBoxE,43,0x00000000,__cxa_pure_virtual
_ZTVN2ox3gui12IGUIComboBoxE,44,0x00000000,__cxa_pure_virtual
_ZTVN2ox3gui12IGUIComboBoxE,45,0x00000000,__cxa_pure_virtual
_ZTVN2ox3gui12IGUIComboBoxE,46,0xfffffff4,
_ZTVN2ox3gui12IGUIComboBoxE,47,0x0025c618,_ZTIN2ox3gui12IGUIComboBoxE
_ZTVN2ox3gui12IGUIComboBoxE,48,0x000ae5a0,_ZThn12_N2ox3gui11IGUIElement7OnEventERKNS_5event6SEventE
_ZTVN2ox3gui12IGUIComboBoxE,49,0x000a3e9e,_ZThn12_N2ox3gui12IGUIComboBoxD1Ev
_ZTVN2ox3gui12IGUIComboBoxE,50,0x000a3eb7,_ZThn12_N2ox3gui12IGUIComboBoxD0Ev
_ZTVN2ox3gui12IGUIComboBoxE,51,0x00000000,
_ZTVN2ox3gui12IGUIComboBoxE,52,0x00000000,
_ZTVN2ox3gui12IGUIComboBoxE,53,0x00000000,
_ZTVN2ox3gui15IGUIContextMenuE,0,0x00000000,
_ZTVN2ox3gui15IGUIContextMenuE,1,0x0025c708,_ZTIN2ox3gui15IGUIContextMenuE
_ZTVN2ox3gui15IGUIContextMenuE,2,0x000a5a08,_ZN2ox3gui15IGUIContextMenuD1Ev
_ZTVN2ox3gui15IGUIContextMenuE,3,0x000a5a12,_ZN2ox3gui15IGUIContextMenuD0Ev
_ZTVN2ox3gui15IGUIContextMenuE,4,0x000aac06,_ZN2ox3gui11IGUIElement19setRelativePositionERKNS_4core5CRectIiEE
_ZTVN2ox3gui15IGUIContextMenuE,5,0x000ae4ba,_ZN2ox3gui11IGUIElement29getParentAbsoluteClippingRectEb
_ZTVN2ox3gui15IGUIContextMenuE,6,0x000aad94,_ZN2ox3gui11IGUIElement22updateAbsolutePositionEv
_ZTVN2ox3gui15IGUIContextMenuE,7,0x000aaa08,_ZN2ox3gui11IGUIElement8addChildEPS1_
_ZTVN2ox3gui15IGUIContextMenuE,8,0x000ae510,_ZN2ox3gui11IGUIElement11removeChildEPS1_
_ZTVN2ox3gui15IGUIContextMenuE,9,0x000aae9e,_ZN2ox3gui11IGUIElement17removeAllChildrenEv
_ZTVN2ox3gui15IGUIContextMenuE,10,0x00173520,_ZN2ox3gui11IGUIElement6removeEv
_ZTVN2ox3gui15IGUIContextMenuE,11,0x000aaf10,_ZN2ox3gui11IGUIElement4drawEv
_ZTVN2ox3gui15IGUIContextMenuE,12,0x000aafc2,_ZN2ox3gui11IGUIElement4moveENS_4core11CPosition2dIiEE
_ZTVN2ox3gui15IGUIContextMenuE,13,0x000aafea,_ZN2ox3gui11IGUIElement6moveToENS_4core11CPosition2dIiEE
_ZTVN2ox3gui15IGUIContextMenuE,14,0x000ab034,_ZN2ox3gui11IGUIElement12centerOnRectERKNS_4core5CRectIiEE
_ZTVN2ox3gui15IGUIContextMenuE,15,0x000ab08a,_ZN2ox3gui11IGUIElement14centerOnParentEv
_ZTVN2ox3gui15IGUIContextMenuE,16,0x000ab0c6,_ZN2ox3gui11IGUIElement9isVisibleEv
_ZTVN2ox3gui15IGUIContextMenuE,17,0x000ab0d6,_ZN2ox3gui11IGUIElement10setVisibleEb
_ZTVN2ox3gui15IGUIContextMenuE,18,0x000ab0e4,_ZN2ox3gui11IGUIElement9isEnabledEv
_ZTVN2ox3gui15IGUIContextMenuE,19,0x000ab0f4,_ZN2ox3gui11IGUIElement10setEnabledEb
_ZTVN2ox3gui15IGUIContextMenuE,20,0x000ab12e,_ZN2ox3gui11IGUIElement7isFixedEv
_ZTVN2ox3gui15IGUIContextMenuE,21,0x000ab13e,_ZN2ox3gui11IGUIElement8setFixedEb
_ZTVN2ox3gui15IGUIContextMenuE,22,0x000ab14c,_ZN2ox3gui11IGUIElement11isInvisibleEv
_ZTVN2ox3gui15IGUIContextMenuE,23,0x000ab15c,_ZN2ox3gui11IGUIElement12setInvisibleEb
_ZTVN2ox3gui15IGUIContextMenuE,24,0x000ab16a,_ZN2ox3gui11IGUIElement16doesReportOnDrawEv
_ZTVN2ox3gui15IGUIContextMenuE,25,0x000ab17c,_ZN2ox3gui11IGUIElement15setReportOnDrawEi
_ZTVN2ox3gui15IGUIContextMenuE,26,0x000ab18a,_ZN2ox3gui11IGUIElement7setTextEPKw
_ZTVN2ox3gui15IGUIContextMenuE,27,0x000ab1aa,_ZNK2ox3gui11IGUIElement7getTextEv
_ZTVN2ox3gui15IGUIContextMenuE,28,0x000ab1b6,_ZN2ox3gui11IGUIElement5getIDEv
_ZTVN2ox3gui15IGUIContextMenuE,29,0x000ab1c2,_ZN2ox3gui11IGUIElement5setIDEi
_ZTVN2ox3gui15IGUIContextMenuE,30,0x000ab1d0,_ZN2ox3gui11IGUIElement7getTypeEv
_ZTVN2ox3gui15IGUIContextMenuE,31,0x000ae556,_ZN2ox3gui11IGUIElement7OnEventERKNS_5event6SEventE
_ZTVN2ox3gui15IGUIContextMenuE,32,0x000ab1dc,_ZN2ox3gui11IGUIElement22OnEventInNonFocusStateERKNS_5event6SEventE
_ZTVN2ox3gui15IGUIContextMenuE,33,0x000ab218,_ZN2ox3gui11IGUIElement12bringToFrontEPS1_
_ZTVN2ox3gui15IGUIContextMenuE,34,0x000ab270,_ZN2ox3gui11IGUIElement11getChildrenEv
_ZTVN2ox3gui15IGUIContextMenuE,35,0x000ab27c,_ZN2ox3gui11IGUIElement16getElementFromIdEib
_ZTVN2ox3gui15IGUIContextMenuE,36,0x000ab2d8,_ZN2ox3gui11IGUIElement12getHoverItemEv
_ZTVN2ox3gui15IGUIContextMenuE,37,0x000ab2e4,_ZN2ox3gui11IGUIElement12setHoverItemEPS1_
_ZTVN2ox3gui15IGUIContextMenuE,38,0x000ab334,_ZN2ox3gui11IGUIElement16getPreferredSizeEv
_ZTVN2ox3gui15IGUIContextMenuE,39,0x00000000,__cxa_pure_virtual
_ZTVN2ox3gui15IGUIContextMenuE,40,0x00000000,__cxa_pure_virtual
_ZTVN2ox3gui15IGUIContextMenuE,41,0x00000000,__cxa_pure_virtual
_ZTVN2ox3gui15IGUIContextMenuE,42,0x00000000,__cxa_pure_virtual
_ZTVN2ox3gui15IGUIContextMenuE,43,0x00000000,__cxa_pure_virtual
_ZTVN2ox3gui15IGUIContextMenuE,44,0x00000000,__cxa_pure_virtual
_ZTVN2ox3gui15IGUIContextMenuE,45,0x00000000,__cxa_pure_virtual
_ZTVN2ox3gui15IGUIContextMenuE,46,0x00000000,__cxa_pure_virtual
_ZTVN2ox3gui15IGUIContextMenuE,47,0x00000000,__cxa_pure_virtual
_ZTVN2ox3gui15IGUIContextMenuE,48,0x00000000,__cxa_pure_virtual
_ZTVN2ox3gui15IGUIContextMenuE,49,0x00000000,__cxa_pure_virtual
_ZTVN2ox3gui15IGUIContextMenuE,50,0x00000000,__cxa_pure_virtual
_ZTVN2ox3gui15IGUIContextMenuE,51,0x00000000,__cxa_pure_virtual
_ZTVN2ox3gui15IGUIContextMenuE,52,0xfffffff4,
_ZTVN2ox3gui15IGUIContextMenuE,53,0x0025c708,_ZTIN2ox3gui15IGUIContextMenuE
_ZTVN2ox3gui15IGUIContextMenuE,54,0x000ae5a0,_ZThn12_N2ox3gui11IGUIElement7OnEventERKNS_5event6SEventE
_ZTVN2ox3gui15IGUIContextMenuE,55,0x000a5a42,_ZThn12_N2ox3gui15IGUIContextMenuD1Ev
_ZTVN2ox3gui15IGUIContextMenuE,56,0x000a5a5b,_ZThn12_N2ox3gui15IGUIContextMenuD0Ev
_ZTVN2ox3gui15IGUIContextMenuE,57,0x00000000,
_ZTVN2ox3gui11IGUIEditBoxE,0,0x00000000,
_ZTVN2ox3gui11IGUIEditBoxE,1,0x0025c808,_ZTIN2ox3gui11IGUIEditBoxE
_ZTVN2ox3gui11IGUIEditBoxE,2,0x000a8350,_ZN2ox3gui11IGUIEditBoxD1Ev
_ZTVN2ox3gui11IGUIEditBoxE,3,0x000a835a,_ZN2ox3gui11IGUIEditBoxD0Ev
_ZTVN2ox3gui11IGUIEditBoxE,4,0x000aac06,_ZN2ox3gui11IGUIElement19setRelativePositionERKNS_4core5CRectIiEE
_ZTVN2ox3gui11IGUIEditBoxE,5,0x000ae4ba,_ZN2ox3gui11IGUIElement29getParentAbsoluteClippingRectEb
_ZTVN2ox3gui11IGUIEditBoxE,6,0x000aad94,_ZN2ox3gui11IGUIElement22updateAbsolutePositionEv
_ZTVN2ox3gui11IGUIEditBoxE,7,0x000aaa08,_ZN2ox3gui11IGUIElement8addChildEPS1_
_ZTVN2ox3gui11IGUIEditBoxE,8,0x000ae510,_ZN2ox3gui11IGUIElement11removeChildEPS1_
_ZTVN2ox3gui11IGUIEditBoxE,9,0x000aae9e,_ZN2ox3gui11IGUIElement17removeAllChildrenEv
_ZTVN2ox3gui11IGUIEditBoxE,10,0x00173520,_ZN2ox3gui11IGUIElement6removeEv
_ZTVN2ox3gui11IGUIEditBoxE,11,0x000aaf10,_ZN2ox3gui11IGUIElement4drawEv
_ZTVN2ox3gui11IGUIEditBoxE,12,0x000aafc2,_ZN2ox3gui11IGUIElement4moveENS_4core11CPosition2dIiEE
_ZTVN2ox3gui11IGUIEditBoxE,13,0x000aafea,_ZN2ox3gui11IGUIElement6moveToENS_4core11CPosition2dIiEE
_ZTVN2ox3gui11IGUIEditBoxE,14,0x000ab034,_ZN2ox3gui11IGUIElement12centerOnRectERKNS_4core5CRectIiEE
_ZTVN2ox3gui11IGUIEditBoxE,15,0x000ab08a,_ZN2ox3gui11IGUIElement14centerOnParentEv
_ZTVN2ox3gui11IGUIEditBoxE,16,0x000ab0c6,_ZN2ox3gui11IGUIElement9isVisibleEv
_ZTVN2ox3gui11IGUIEditBoxE,17,0x000ab0d6,_ZN2ox3gui11IGUIElement10setVisibleEb
_ZTVN2ox3gui11IGUIEditBoxE,18,0x000ab0e4,_ZN2ox3gui11IGUIElement9isEnabledEv
_ZTVN2ox3gui11IGUIEditBoxE,19,0x000ab0f4,_ZN2ox3gui11IGUIElement10setEnabledEb
_ZTVN2ox3gui11IGUIEditBoxE,20,0x000ab12e,_ZN2ox3gui11IGUIElement7isFixedEv
_ZTVN2ox3gui11IGUIEditBoxE,21,0x000ab13e,_ZN2ox3gui11IGUIElement8setFixedEb
_ZTVN2ox3gui11IGUIEditBoxE,22,0x000ab14c,_ZN2ox3gui11IGUIElement11isInvisibleEv
_ZTVN2ox3gui11IGUIEditBoxE,23,0x000ab15c,_ZN2ox3gui11IGUIElement12setInvisibleEb
_ZTVN2ox3gui11IGUIEditBoxE,24,0x000ab16a,_ZN2ox3gui11IGUIElement16doesReportOnDrawEv
_ZTVN2ox3gui11IGUIEditBoxE,25,0x000ab17c,_ZN2ox3gui11IGUIElement15setReportOnDrawEi
_ZTVN2ox3gui11IGUIEditBoxE,26,0x000ab18a,_ZN2ox3gui11IGUIElement7setTextEPKw
_ZTVN2ox3gui11IGUIEditBoxE,27,0x000ab1aa,_ZNK2ox3gui11IGUIElement7getTextEv
_ZTVN2ox3gui11IGUIEditBoxE,28,0x000ab1b6,_ZN2ox3gui11IGUIElement5getIDEv
_ZTVN2ox3gui11IGUIEditBoxE,29,0x000ab1c2,_ZN2ox3gui11IGUIElement5setIDEi
_ZTVN2ox3gui11IGUIEditBoxE,30,0x000ab1d0,_ZN2ox3gui11IGUIElement7getTypeEv
_ZTVN2ox3gui11IGUIEditBoxE,31,0x000ae556,_ZN2ox3gui11IGUIElement7OnEventERKNS_5event6SEventE
_ZTVN2ox3gui11IGUIEditBoxE,32,0x000ab1dc,_ZN2ox3gui11IGUIElement22OnEventInNonFocusStateERKNS_5event6SEventE
_ZTVN2ox3gui11IGUIEditBoxE,33,0x000ab218,_ZN2ox3gui11IGUIElement12bringToFrontEPS1_
_ZTVN2ox3gui11IGUIEditBoxE,34,0x000ab270,_ZN2ox3gui11IGUIElement11getChildrenEv
_ZTVN2ox3gui11IGUIEditBoxE,35,0x000ab27c,_ZN2ox3gui11IGUIElement16getElementFromIdEib
_ZTVN2ox3gui11IGUIEditBoxE,36,0x000ab2d8,_ZN2ox3gui11IGUIElement12getHoverItemEv
_ZTVN2ox3gui11IGUIEditBoxE,37,0x000ab2e4,_ZN2ox3gui11IGUIElement12setHoverItemEPS1_
_ZTVN2ox3gui11IGUIEditBoxE,38,0x000ab334,_ZN2ox3gui11IGUIElement16getPreferredSizeEv
_ZTVN2ox3gui11IGUIEditBoxE,39,0x00000000,__cxa_pure_virtual
_ZTVN2ox3gui11IGUIEditBoxE,40,0x00000000,__cxa_pure_virtual
_ZTVN2ox3gui11IGUIEditBoxE,41,0x00000000,__cxa_pure_virtual
_ZTVN2ox3gui11IGUIEditBoxE,42,0x00000000,__cxa_pure_virtual
_ZTVN2ox3gui11IGUIEditBoxE,43,0x00000000,__cxa_pure_virtual
_ZTVN2ox3gui11IGUIEditBoxE,44,0x00000000,__cxa_pure_virtual
_ZTVN2ox3gui11IGUIEditBoxE,45,0x00000000,__cxa_pure_virtual
_ZTVN2ox3gui11IGUIEditBoxE,46,0x00000000,__cxa_pure_virtual
_ZTVN2ox3gui11IGUIEditBoxE,47,0x00000000,__cxa_pure_virtual
_ZTVN2ox3gui11IGUIEditBoxE,48,0xfffffff4,
_ZTVN2ox3gui11IGUIEditBoxE,49,0x0025c808,_ZTIN2ox3gui11IGUIEditBoxE
_ZTVN2ox3gui11IGUIEditBoxE,50,0x000ae5a0,_ZThn12_N2ox3gui11IGUIElement7OnEventERKNS_5event6SEventE
_ZTVN2ox3gui11IGUIEditBoxE,51,0x000a838a,_ZThn12_N2ox3gui11IGUIEditBoxD1Ev
_ZTVN2ox3gui11IGUIEditBoxE,52,0x000a83a3,_ZThn12_N2ox3gui11IGUIEditBoxD0Ev
_ZTVN2ox3gui15IGUIHoverParentE,0,0x00000000,
_ZTVN2ox3gui15IGUIHoverParentE,1,0x0025ea50,_ZTIN2ox3gui15IGUIHoverParentE
_ZTVN2ox3gui15IGUIHoverParentE,2,0x000ae868,_ZN2ox3gui15IGUIHoverParentD1Ev
_ZTVN2ox3gui15IGUIHoverParentE,3,0x000ae872,_ZN2ox3gui15IGUIHoverParentD0Ev
_ZTVN2ox3gui15IGUIHoverParentE,4,0x000aac06,_ZN2ox3gui11IGUIElement19setRelativePositionERKNS_4core5CRectIiEE
_ZTVN2ox3gui15IGUIHoverParentE,5,0x000ae4ba,_ZN2ox3gui11IGUIElement29getParentAbsoluteClippingRectEb
_ZTVN2ox3gui15IGUIHoverParentE,6,0x000aad94,_ZN2ox3gui11IGUIElement22updateAbsolutePositionEv
_ZTVN2ox3gui15IGUIHoverParentE,7,0x000aaa08,_ZN2ox3gui11IGUIElement8addChildEPS1_
_ZTVN2ox3gui15IGUIHoverParentE,8,0x000ae510,_ZN2ox3gui11IGUIElement11removeChildEPS1_
_ZTVN2ox3gui15IGUIHoverParentE,9,0x000aae9e,_ZN2ox3gui11IGUIElement17removeAllChildrenEv
_ZTVN2ox3gui15IGUIHoverParentE,10,0x00173520,_ZN2ox3gui11IGUIElement6removeEv
_ZTVN2ox3gui15IGUIHoverParentE,11,0x000aaf10,_ZN2ox3gui11IGUIElement4drawEv
_ZTVN2ox3gui15IGUIHoverParentE,12,0x000aafc2,_ZN2ox3gui11IGUIElement4moveENS_4core11CPosition2dIiEE
_ZTVN2ox3gui15IGUIHoverParentE,13,0x000aafea,_ZN2ox3gui11IGUIElement6moveToENS_4core11CPosition2dIiEE
_ZTVN2ox3gui15IGUIHoverParentE,14,0x000ab034,_ZN2ox3gui11IGUIElement12centerOnRectERKNS_4core5CRectIiEE
_ZTVN2ox3gui15IGUIHoverParentE,15,0x000ab08a,_ZN2ox3gui11IGUIElement14centerOnParentEv
_ZTVN2ox3gui15IGUIHoverParentE,16,0x000ab0c6,_ZN2ox3gui11IGUIElement9isVisibleEv
_ZTVN2ox3gui15IGUIHoverParentE,17,0x000ab0d6,_ZN2ox3gui11IGUIElement10setVisibleEb
_ZTVN2ox3gui15IGUIHoverParentE,18,0x000ab0e4,_ZN2ox3gui11IGUIElement9isEnabledEv
_ZTVN2ox3gui15IGUIHoverParentE,19,0x000ab0f4,_ZN2ox3gui11IGUIElement10setEnabledEb
_ZTVN2ox3gui15IGUIHoverParentE,20,0x000ab12e,_ZN2ox3gui11IGUIElement7isFixedEv
_ZTVN2ox3gui15IGUIHoverParentE,21,0x000ab13e,_ZN2ox3gui11IGUIElement8setFixedEb
_ZTVN2ox3gui15IGUIHoverParentE,22,0x000ab14c,_ZN2ox3gui11IGUIElement11isInvisibleEv
_ZTVN2ox3gui15IGUIHoverParentE,23,0x000ab15c,_ZN2ox3gui11IGUIElement12setInvisibleEb
_ZTVN2ox3gui15IGUIHoverParentE,24,0x000ab16a,_ZN2ox3gui11IGUIElement16doesReportOnDrawEv
_ZTVN2ox3gui15IGUIHoverParentE,25,0x000ab17c,_ZN2ox3gui11IGUIElement15setReportOnDrawEi
_ZTVN2ox3gui15IGUIHoverParentE,26,0x000ab18a,_ZN2ox3gui11IGUIElement7setTextEPKw
_ZTVN2ox3gui15IGUIHoverParentE,27,0x000ab1aa,_ZNK2ox3gui11IGUIElement7getTextEv
_ZTVN2ox3gui15IGUIHoverParentE,28,0x000ab1b6,_ZN2ox3gui11IGUIElement5getIDEv
_ZTVN2ox3gui15IGUIHoverParentE,29,0x000ab1c2,_ZN2ox3gui11IGUIElement5setIDEi
_ZTVN2ox3gui15IGUIHoverParentE,30,0x000ab1d0,_ZN2ox3gui11IGUIElement7getTypeEv
_ZTVN2ox3gui15IGUIHoverParentE,31,0x000ae556,_ZN2ox3gui11IGUIElement7OnEventERKNS_5event6SEventE
_ZTVN2ox3gui15IGUIHoverParentE,32,0x000ab1dc,_ZN2ox3gui11IGUIElement22OnEventInNonFocusStateERKNS_5event6SEventE
_ZTVN2ox3gui15IGUIHoverParentE,33,0x000ab218,_ZN2ox3gui11IGUIElement12bringToFrontEPS1_
_ZTVN2ox3gui15IGUIHoverParentE,34,0x000ab270,_ZN2ox3gui11IGUIElement11getChildrenEv
_ZTVN2ox3gui15IGUIHoverParentE,35,0x000ab27c,_ZN2ox3gui11IGUIElement16getElementFromIdEib
_ZTVN2ox3gui15IGUIHoverParentE,36,0x000ab2d8,_ZN2ox3gui11IGUIElement12getHoverItemEv
_ZTVN2ox3gui15IGUIHoverParentE,37,0x000ab2e4,_ZN2ox3gui11IGUIElement12setHoverItemEPS1_
_ZTVN2ox3gui15IGUIHoverParentE,38,0x000ab334,_ZN2ox3gui11IGUIElement16getPreferredSizeEv
_ZTVN2ox3gui15IGUIHoverParentE,39,0xfffffff4,
_ZTVN2ox3gui15IGUIHoverParentE,40,0x0025ea50,_ZTIN2ox3gui15IGUIHoverParentE
_ZTVN2ox3gui15IGUIHoverParentE,41,0x000ae5a0,_ZThn12_N2ox3gui11IGUIElement7OnEventERKNS_5event6SEventE
_ZTVN2ox3gui15IGUIHoverParentE,42,0x000ae8a2,_ZThn12_N2ox3gui15IGUIHoverParentD1Ev
_ZTVN2ox3gui15IGUIHoverParentE,43,0x000ae8bb,_ZThn12_N2ox3gui15IGUIHoverParentD0Ev
_ZTVN2ox3gui10IGUILayoutE,0,0x00000000,
_ZTVN2ox3gui10IGUILayoutE,1,0x0025e988,_ZTIN2ox3gui10IGUILayoutE
_ZTVN2ox3gui10IGUILayoutE,2,0x000ae93c,_ZN2ox3gui10IGUILayoutD1Ev
_ZTVN2ox3gui10IGUILayoutE,3,0x000ae946,_ZN2ox3gui10IGUILayoutD0Ev
_ZTVN2ox3gui10IGUILayoutE,4,0x000aac06,_ZN2ox3gui11IGUIElement19setRelativePositionERKNS_4core5CRectIiEE
_ZTVN2ox3gui10IGUILayoutE,5,0x000aac8a,_ZN2ox3gui10IGUILayout29getParentAbsoluteClippingRectEb
_ZTVN2ox3gui10IGUILayoutE,6,0x000aad94,_ZN2ox3gui11IGUIElement22updateAbsolutePositionEv
_ZTVN2ox3gui10IGUILayoutE,7,0x000aaa08,_ZN2ox3gui11IGUIElement8addChildEPS1_
_ZTVN2ox3gui10IGUILayoutE,8,0x000ae510,_ZN2ox3gui11IGUIElement11removeChildEPS1_
_ZTVN2ox3gui10IGUILayoutE,9,0x000aae9e,_ZN2ox3gui11IGUIElement17removeAllChildrenEv
_ZTVN2ox3gui10IGUILayoutE,10,0x00173520,_ZN2ox3gui11IGUIElement6removeEv
_ZTVN2ox3gui10IGUILayoutE,11,0x000aaf10,_ZN2ox3gui11IGUIElement4drawEv
_ZTVN2ox3gui10IGUILayoutE,12,0x000aafc2,_ZN2ox3gui11IGUIElement4moveENS_4core11CPosition2dIiEE
_ZTVN2ox3gui10IGUILayoutE,13,0x000aafea,_ZN2ox3gui11IGUIElement6moveToENS_4core11CPosition2dIiEE
_ZTVN2ox3gui10IGUILayoutE,14,0x000ab034,_ZN2ox3gui11IGUIElement12centerOnRectERKNS_4core5CRectIiEE
_ZTVN2ox3gui10IGUILayoutE,15,0x000ab08a,_ZN2ox3gui11IGUIElement14centerOnParentEv
_ZTVN2ox3gui10IGUILayoutE,16,0x000ab0c6,_ZN2ox3gui11IGUIElement9isVisibleEv
_ZTVN2ox3gui10IGUILayoutE,17,0x000ab0d6,_ZN2ox3gui11IGUIElement10setVisibleEb
_ZTVN2ox3gui10IGUILayoutE,18,0x000ab0e4,_ZN2ox3gui11IGUIElement9isEnabledEv
_ZTVN2ox3gui10IGUILayoutE,19,0x000ab0f4,_ZN2ox3gui11IGUIElement10setEnabledEb
_ZTVN2ox3gui10IGUILayoutE,20,0x000ab12e,_ZN2ox3gui11IGUIElement7isFixedEv
_ZTVN2ox3gui10IGUILayoutE,21,0x000ab13e,_ZN2ox3gui11IGUIElement8setFixedEb
_ZTVN2ox3gui10IGUILayoutE,22,0x000ab14c,_ZN2ox3gui11IGUIElement11isInvisibleEv
_ZTVN2ox3gui10IGUILayoutE,23,0x000ab15c,_ZN2ox3gui11IGUIElement12setInvisibleEb
_ZTVN2ox3gui10IGUILayoutE,24,0x000ab16a,_ZN2ox3gui11IGUIElement16doesReportOnDrawEv
_ZTVN2ox3gui10IGUILayoutE,25,0x000ab17c,_ZN2ox3gui11IGUIElement15setReportOnDrawEi
_ZTVN2ox3gui10IGUILayoutE,26,0x000ab18a,_ZN2ox3gui11IGUIElement7setTextEPKw
_ZTVN2ox3gui10IGUILayoutE,27,0x000ab1aa,_ZNK2ox3gui11IGUIElement7getTextEv
_ZTVN2ox3gui10IGUILayoutE,28,0x000ab1b6,_ZN2ox3gui11IGUIElement5getIDEv
_ZTVN2ox3gui10IGUILayoutE,29,0x000ab1c2,_ZN2ox3gui11IGUIElement5setIDEi
_ZTVN2ox3gui10IGUILayoutE,30,0x000ab1d0,_ZN2ox3gui11IGUIElement7getTypeEv
_ZTVN2ox3gui10IGUILayoutE,31,0x000ae556,_ZN2ox3gui11IGUIElement7OnEventERKNS_5event6SEventE
_ZTVN2ox3gui10IGUILayoutE,32,0x000ab1dc,_ZN2ox3gui11IGUIElement22OnEventInNonFocusStateERKNS_5event6SEventE
_ZTVN2ox3gui10IGUILayoutE,33,0x000ab218,_ZN2ox3gui11IGUIElement12bringToFrontEPS1_
_ZTVN2ox3gui10IGUILayoutE,34,0x000ab270,_ZN2ox3gui11IGUIElement11getChildrenEv
_ZTVN2ox3gui10IGUILayoutE,35,0x000ab27c,_ZN2ox3gui11IGUIElement16getElementFromIdEib
_ZTVN2ox3gui10IGUILayoutE,36,0x000ab2d8,_ZN2ox3gui11IGUIElement12getHoverItemEv
_ZTVN2ox3gui10IGUILayoutE,37,0x000ab2e4,_ZN2ox3gui11IGUIElement12setHoverItemEPS1_
_ZTVN2ox3gui10IGUILayoutE,38,0x000ab334,_ZN2ox3gui11IGUIElement16getPreferredSizeEv
_ZTVN2ox3gui10IGUILayoutE,39,0x000ab352,_ZN2ox3gui10IGUILayout8sortFlowEiibb
_ZTVN2ox3gui10IGUILayoutE,40,0x000ab5cc,_ZN2ox3gui10IGUILayout14sortVerticallyEib
_ZTVN2ox3gui10IGUILayoutE,41,0x000ab6c2,_ZN2ox3gui10IGUILayout16sortHorizontallyEi
_ZTVN2ox3gui10IGUILayoutE,42,0x000ab7a2,_ZN2ox3gui10IGUILayout9sortRiverEbiib
_ZTVN2ox3gui10IGUILayoutE,43,0x000ac424,_ZN2ox3gui10IGUILayout14getContentAreaEv
_ZTVN2ox3gui10IGUILayoutE,44,0x000ac450,_ZN2ox3gui10IGUILayout28updateChildrenForContentAreaEv
_ZTVN2ox3gui10IGUILayoutE,45,0xfffffff4,
_ZTVN2ox3gui10IGUILayoutE,46,0x0025e988,_ZTIN2ox3gui10IGUILayoutE
_ZTVN2ox3gui10IGUILayoutE,47,0x000ae5a0,_ZThn12_N2ox3gui11IGUIElement7OnEventERKNS_5event6SEventE
_ZTVN2ox3gui10IGUILayoutE,48,0x000ae976,_ZThn12_N2ox3gui10IGUILayoutD1Ev
_ZTVN2ox3gui10IGUILayoutE,49,0x000ae98f,_ZThn12_N2ox3gui10IGUILayoutD0Ev
_ZTVN2ox3gui10IGUILayoutE,50,0x00000000,
_ZTVN2ox3gui10IGUILayoutE,51,0x00000000,
_ZTVN2ox3gui15IGUIEnvironmentE,0,0x00000000,
_ZTVN2ox3gui15IGUIEnvironmentE,1,0x0025e978,_ZTIN2ox3gui15IGUIEnvironmentE
_ZTVN2ox3gui15IGUIEnvironmentE,2,0x000ae9a8,_ZN2ox3gui15IGUIEnvironmentD1Ev
_ZTVN2ox3gui15IGUIEnvironmentE,3,0x000ae9ae,_ZN2ox3gui15IGUIEnvironmentD0Ev
_ZTVN2ox3gui15IGUIEnvironmentE,4,0x00000000,__cxa_pure_virtual
_ZTVN2ox3gui15IGUIEnvironmentE,5,0x00000000,__cxa_pure_virtual
_ZTVN2ox3gui15IGUIEnvironmentE,6,0x00000000,__cxa_pure_virtual
_ZTVN2ox3gui15IGUIEnvironmentE,7,0x00000000,__cxa_pure_virtual
_ZTVN2ox3gui15IGUIEnvironmentE,8,0x00000000,__cxa_pure_virtual
_ZTVN2ox3gui15IGUIEnvironmentE,9,0x00000000,__cxa_pure_virtual
_ZTVN2ox3gui15IGUIEnvironmentE,10,0x00000000,__cxa_pure_virtual
_ZTVN2ox3gui15IGUIEnvironmentE,11,0x00000000,__cxa_pure_virtual
_ZTVN2ox3gui15IGUIEnvironmentE,12,0x00000000,__cxa_pure_virtual
_ZTVN2ox3gui15IGUIEnvironmentE,13,0x00000000,__cxa_pure_virtual
_ZTVN2ox3gui15IGUIEnvironmentE,14,0x00000000,__cxa_pure_virtual
_ZTVN2ox3gui15IGUIEnvironmentE,15,0x00000000,__cxa_pure_virtual
_ZTVN2ox3gui15IGUIEnvironmentE,16,0x00000000,__cxa_pure_virtual
_ZTVN2ox3gui15IGUIEnvironmentE,17,0x00000000,__cxa_pure_virtual
_ZTVN2ox3gui15IGUIEnvironmentE,18,0x00000000,__cxa_pure_virtual
_ZTVN2ox3gui15IGUIEnvironmentE,19,0x00000000,__cxa_pure_virtual
_ZTVN2ox3gui15IGUIEnvironmentE,20,0x00000000,__cxa_pure_virtual
_ZTVN2ox3gui15IGUIEnvironmentE,21,0x00000000,__cxa_pure_virtual
_ZTVN2ox3gui15IGUIEnvironmentE,22,0x00000000,__cxa_pure_virtual
_ZTVN2ox3gui15IGUIEnvironmentE,23,0x00000000,__cxa_pure_virtual
_ZTVN2ox3gui15IGUIEnvironmentE,24,0x00000000,__cxa_pure_virtual
_ZTVN2ox3gui15IGUIEnvironmentE,25,0x00000000,__cxa_pure_virtual
_ZTVN2ox3gui15IGUIEnvironmentE,26,0x00000000,__cxa_pure_virtual
_ZTVN2ox3gui15IGUIEnvironmentE,27,0x00000000,__cxa_pure_virtual
_ZTVN2ox3gui15IGUIEnvironmentE,28,0x00000000,__cxa_pure_virtual
_ZTVN2ox3gui15IGUIEnvironmentE,29,0x00000000,__cxa_pure_virtual
_ZTVN2ox3gui15IGUIEnvironmentE,30,0x00000000,__cxa_pure_virtual
_ZTVN2ox3gui15IGUIEnvironmentE,31,0x00000000,__cxa_pure_virtual
_ZTVN2ox3gui15IGUIEnvironmentE,32,0x00000000,__cxa_pure_virtual
_ZTVN2ox3gui15IGUIEnvironmentE,33,0x00000000,__cxa_pure_virtual
_ZTVN2ox3gui15IGUIEnvironmentE,34,0x00000000,__cxa_pure_virtual
_ZTVN2ox3gui15IGUIEnvironmentE,35,0x00000000,__cxa_pure_virtual
_ZTVN2ox3gui15IGUIEnvironmentE,36,0x00000000,__cxa_pure_virtual
_ZTVN2ox3gui15IGUIEnvironmentE,37,0x00000000,__cxa_pure_virtual
_ZTVN2ox3gui15IGUIEnvironmentE,38,0x00000000,__cxa_pure_virtual
_ZTVN2ox3gui15IGUIEnvironmentE,39,0x00000000,__cxa_pure_virtual
_ZTVN2ox3gui15IGUIEnvironmentE,40,0x00000000,__cxa_pure_virtual
_ZTVN2ox3gui15IGUIEnvironmentE,41,0x00000000,__cxa_pure_virtual
_ZTVN2ox3gui15IGUIEnvironmentE,42,0x00000000,__cxa_pure_virtual
_ZTVN2ox3gui15IGUIEnvironmentE,43,0x00000000,__cxa_pure_virtual
_ZTVN2ox3gui15IGUIEnvironmentE,44,0x00000000,__cxa_pure_virtual
_ZTVN2ox3gui15IGUIEnvironmentE,45,0x00000000,__cxa_pure_virtual
_ZTVN2ox3gui15IGUIEnvironmentE,46,0x00000000,__cxa_pure_virtual
_ZTVN2ox3gui15IGUIEnvironmentE,47,0x00000000,__cxa_pure_virtual
_ZTVN2ox3gui15IGUIEnvironmentE,48,0x00000000,
_ZTVN2ox3gui15IGUIEnvironmentE,49,0x00000000,
_ZTVN2ox3gui18IGUIFileOpenDialogE,0,0x00000000,
_ZTVN2ox3gui18IGUIFileOpenDialogE,1,0x0025ebf8,_ZTIN2ox3gui18IGUIFileOpenDialogE
_ZTVN2ox3gui18IGUIFileOpenDialogE,2,0x000af962,_ZN2ox3gui18IGUIFileOpenDialogD1Ev
_ZTVN2ox3gui18IGUIFileOpenDialogE,3,0x000af96c,_ZN2ox3gui18IGUIFileOpenDialogD0Ev
_ZTVN2ox3gui18IGUIFileOpenDialogE,4,0x000aac06,_ZN2ox3gui11IGUIElement19setRelativePositionERKNS_4core5CRectIiEE
_ZTVN2ox3gui18IGUIFileOpenDialogE,5,0x000ae4ba,_ZN2ox3gui11IGUIElement29getParentAbsoluteClippingRectEb
_ZTVN2ox3gui18IGUIFileOpenDialogE,6,0x000aad94,_ZN2ox3gui11IGUIElement22updateAbsolutePositionEv
_ZTVN2ox3gui18IGUIFileOpenDialogE,7,0x000aaa08,_ZN2ox3gui11IGUIElement8addChildEPS1_
_ZTVN2ox3gui18IGUIFileOpenDialogE,8,0x000ae510,_ZN2ox3gui11IGUIElement11removeChildEPS1_
_ZTVN2ox3gui18IGUIFileOpenDialogE,9,0x000aae9e,_ZN2ox3gui11IGUIElement17removeAllChildrenEv
_ZTVN2ox3gui18IGUIFileOpenDialogE,10,0x00173520,_ZN2ox3gui11IGUIElement6removeEv
_ZTVN2ox3gui18IGUIFileOpenDialogE,11,0x000aaf10,_ZN2ox3gui11IGUIElement4drawEv
_ZTVN2ox3gui18IGUIFileOpenDialogE,12,0x000aafc2,_ZN2ox3gui11IGUIElement4moveENS_4core11CPosition2dIiEE
_ZTVN2ox3gui18IGUIFileOpenDialogE,13,0x000aafea,_ZN2ox3gui11IGUIElement6moveToENS_4core11CPosition2dIiEE
_ZTVN2ox3gui18IGUIFileOpenDialogE,14,0x000ab034,_ZN2ox3gui11IGUIElement12centerOnRectERKNS_4core5CRectIiEE
_ZTVN2ox3gui18IGUIFileOpenDialogE,15,0x000ab08a,_ZN2ox3gui11IGUIElement14centerOnParentEv
_ZTVN2ox3gui18IGUIFileOpenDialogE,16,0x000ab0c6,_ZN2ox3gui11IGUIElement9isVisibleEv
_ZTVN2ox3gui18IGUIFileOpenDialogE,17,0x000ab0d6,_ZN2ox3gui11IGUIElement10setVisibleEb
_ZTVN2ox3gui18IGUIFileOpenDialogE,18,0x000ab0e4,_ZN2ox3gui11IGUIElement9isEnabledEv
_ZTVN2ox3gui18IGUIFileOpenDialogE,19,0x000ab0f4,_ZN2ox3gui11IGUIElement10setEnabledEb
_ZTVN2ox3gui18IGUIFileOpenDialogE,20,0x000ab12e,_ZN2ox3gui11IGUIElement7isFixedEv
_ZTVN2ox3gui18IGUIFileOpenDialogE,21,0x000ab13e,_ZN2ox3gui11IGUIElement8setFixedEb
_ZTVN2ox3gui18IGUIFileOpenDialogE,22,0x000ab14c,_ZN2ox3gui11IGUIElement11isInvisibleEv
_ZTVN2ox3gui18IGUIFileOpenDialogE,23,0x000ab15c,_ZN2ox3gui11IGUIElement12setInvisibleEb
_ZTVN2ox3gui18IGUIFileOpenDialogE,24,0x000ab16a,_ZN2ox3gui11IGUIElement16doesReportOnDrawEv
_ZTVN2ox3gui18IGUIFileOpenDialogE,25,0x000ab17c,_ZN2ox3gui11IGUIElement15setReportOnDrawEi
_ZTVN2ox3gui18IGUIFileOpenDialogE,26,0x000ab18a,_ZN2ox3gui11IGUIElement7setTextEPKw
_ZTVN2ox3gui18IGUIFileOpenDialogE,27,0x000ab1aa,_ZNK2ox3gui11IGUIElement7getTextEv
_ZTVN2ox3gui18IGUIFileOpenDialogE,28,0x000ab1b6,_ZN2ox3gui11IGUIElement5getIDEv
_ZTVN2ox3gui18IGUIFileOpenDialogE,29,0x000ab1c2,_ZN2ox3gui11IGUIElement5setIDEi
_ZTVN2ox3gui18IGUIFileOpenDialogE,30,0x000ab1d0,_ZN2ox3gui11IGUIElement7getTypeEv
_ZTVN2ox3gui18IGUIFileOpenDialogE,31,0x000ae556,_ZN2ox3gui11IGUIElement7OnEventERKNS_5event6SEventE
_ZTVN2ox3gui18IGUIFileOpenDialogE,32,0x000ab1dc,_ZN2ox3gui11IGUIElement22OnEventInNonFocusStateERKNS_5event6SEventE
_ZTVN2ox3gui18IGUIFileOpenDialogE,33,0x000ab218,_ZN2ox3gui11IGUIElement12bringToFrontEPS1_
_ZTVN2ox3gui18IGUIFileOpenDialogE,34,0x000ab270,_ZN2ox3gui11IGUIElement11getChildrenEv
_ZTVN2ox3gui18IGUIFileOpenDialogE,35,0x000ab27c,_ZN2ox3gui11IGUIElement16getElementFromIdEib
_ZTVN2ox3gui18IGUIFileOpenDialogE,36,0x000ab2d8,_ZN2ox3gui11IGUIElement12getHoverItemEv
_ZTVN2ox3gui18IGUIFileOpenDialogE,37,0x000ab2e4,_ZN2ox3gui11IGUIElement12setHoverItemEPS1_
_ZTVN2ox3gui18IGUIFileOpenDialogE,38,0x000ab334,_ZN2ox3gui11IGUIElement16getPreferredSizeEv
_ZTVN2ox3gui18IGUIFileOpenDialogE,39,0x00000000,__cxa_pure_virtual
_ZTVN2ox3gui18IGUIFileOpenDialogE,40,0xfffffff4,
_ZTVN2ox3gui18IGUIFileOpenDialogE,41,0x0025ebf8,_ZTIN2ox3gui18IGUIFileOpenDialogE
_ZTVN2ox3gui18IGUIFileOpenDialogE,42,0x000ae5a0,_ZThn12_N2ox3gui11IGUIElement7OnEventERKNS_5event6SEventE
_ZTVN2ox3gui18IGUIFileOpenDialogE,43,0x000af99c,_ZThn12_N2ox3gui18IGUIFileOpenDialogD1Ev
_ZTVN2ox3gui18IGUIFileOpenDialogE,44,0x000af9b5,_ZThn12_N2ox3gui18IGUIFileOpenDialogD0Ev
_ZTVN2ox3gui18IGUIFileOpenDialogE,45,0x00000000,
_ZTVN2ox3gui8IGUIFontE,0,0x00000000,
_ZTVN2ox3gui8IGUIFontE,1,0x0025ecc8,_ZTIN2ox3gui8IGUIFontE
_ZTVN2ox3gui8IGUIFontE,2,0x000b04e2,_ZN2ox3gui8IGUIFontD1Ev
_ZTVN2ox3gui8IGUIFontE,3,0x000b04e8,_ZN2ox3gui8IGUIFontD0Ev
_ZTVN2ox3gui8IGUIFontE,4,0x00000000,__cxa_pure_virtual
_ZTVN2ox3gui8IGUIFontE,5,0x00000000,__cxa_pure_virtual
_ZTVN2ox3gui8IGUIFontE,6,0x00000000,__cxa_pure_virtual
_ZTVN2ox3gui8IGUIFontE,7,0x00000000,__cxa_pure_virtual
_ZTVN2ox3gui8IGUIFontE,8,0x00000000,__cxa_pure_virtual
_ZTVN2ox3gui8IGUIFontE,9,0x00000000,
_ZTVN2ox3gui9IGUIImageE,0,0x00000000,
_ZTVN2ox3gui9IGUIImageE,1,0x0025ed08,_ZTIN2ox3gui9IGUIImageE
_ZTVN2ox3gui9IGUIImageE,2,0x000b0a1a,_ZN2ox3gui9IGUIImageD1Ev
_ZTVN2ox3gui9IGUIImageE,3,0x000b0a24,_ZN2ox3gui9IGUIImageD0Ev
_ZTVN2ox3gui9IGUIImageE,4,0x000aac06,_ZN2ox3gui11IGUIElement19setRelativePositionERKNS_4core5CRectIiEE
_ZTVN2ox3gui9IGUIImageE,5,0x000ae4ba,_ZN2ox3gui11IGUIElement29getParentAbsoluteClippingRectEb
_ZTVN2ox3gui9IGUIImageE,6,0x000aad94,_ZN2ox3gui11IGUIElement22updateAbsolutePositionEv
_ZTVN2ox3gui9IGUIImageE,7,0x000aaa08,_ZN2ox3gui11IGUIElement8addChildEPS1_
_ZTVN2ox3gui9IGUIImageE,8,0x000ae510,_ZN2ox3gui11IGUIElement11removeChildEPS1_
_ZTVN2ox3gui9IGUIImageE,9,0x000aae9e,_ZN2ox3gui11IGUIElement17removeAllChildrenEv
_ZTVN2ox3gui9IGUIImageE,10,0x00173520,_ZN2ox3gui11IGUIElement6removeEv
_ZTVN2ox3gui9IGUIImageE,11,0x000aaf10,_ZN2ox3gui11IGUIElement4drawEv
_ZTVN2ox3gui9IGUIImageE,12,0x000aafc2,_ZN2ox3gui11IGUIElement4moveENS_4core11CPosition2dIiEE
_ZTVN2ox3gui9IGUIImageE,13,0x000aafea,_ZN2ox3gui11IGUIElement6moveToENS_4core11CPosition2dIiEE
_ZTVN2ox3gui9IGUIImageE,14,0x000ab034,_ZN2ox3gui11IGUIElement12centerOnRectERKNS_4core5CRectIiEE
_ZTVN2ox3gui9IGUIImageE,15,0x000ab08a,_ZN2ox3gui11IGUIElement14centerOnParentEv
_ZTVN2ox3gui9IGUIImageE,16,0x000ab0c6,_ZN2ox3gui11IGUIElement9isVisibleEv
_ZTVN2ox3gui9IGUIImageE,17,0x000ab0d6,_ZN2ox3gui11IGUIElement10setVisibleEb
_ZTVN2ox3gui9IGUIImageE,18,0x000ab0e4,_ZN2ox3gui11IGUIElement9isEnabledEv
_ZTVN2ox3gui9IGUIImageE,19,0x000ab0f4,_ZN2ox3gui11IGUIElement10setEnabledEb
_ZTVN2ox3gui9IGUIImageE,20,0x000ab12e,_ZN2ox3gui11IGUIElement7isFixedEv
_ZTVN2ox3gui9IGUIImageE,21,0x000ab13e,_ZN2ox3gui11IGUIElement8setFixedEb
_ZTVN2ox3gui9IGUIImageE,22,0x000ab14c,_ZN2ox3gui11IGUIElement11isInvisibleEv
_ZTVN2ox3gui9IGUIImageE,23,0x000ab15c,_ZN2ox3gui11IGUIElement12setInvisibleEb
_ZTVN2ox3gui9IGUIImageE,24,0x000ab16a,_ZN2ox3gui11IGUIElement16doesReportOnDrawEv
_ZTVN2ox3gui9IGUIImageE,25,0x000ab17c,_ZN2ox3gui11IGUIElement15setReportOnDrawEi
_ZTVN2ox3gui9IGUIImageE,26,0x000ab18a,_ZN2ox3gui11IGUIElement7setTextEPKw
_ZTVN2ox3gui9IGUIImageE,27,0x000ab1aa,_ZNK2ox3gui11IGUIElement7getTextEv
_ZTVN2ox3gui9IGUIImageE,28,0x000ab1b6,_ZN2ox3gui11IGUIElement5getIDEv
_ZTVN2ox3gui9IGUIImageE,29,0x000ab1c2,_ZN2ox3gui11IGUIElement5setIDEi
_ZTVN2ox3gui9IGUIImageE,30,0x000ab1d0,_ZN2ox3gui11IGUIElement7getTypeEv
_ZTVN2ox3gui9IGUIImageE,31,0x000ae556,_ZN2ox3gui11IGUIElement7OnEventERKNS_5event6SEventE
_ZTVN2ox3gui9IGUIImageE,32,0x000ab1dc,_ZN2ox3gui11IGUIElement22OnEventInNonFocusStateERKNS_5event6SEventE
_ZTVN2ox3gui9IGUIImageE,33,0x000ab218,_ZN2ox3gui11IGUIElement12bringToFrontEPS1_
_ZTVN2ox3gui9IGUIImageE,34,0x000ab270,_ZN2ox3gui11IGUIElement11getChildrenEv
_ZTVN2ox3gui9IGUIImageE,35,0x000ab27c,_ZN2ox3gui11IGUIElement16getElementFromIdEib
_ZTVN2ox3gui9IGUIImageE,36,0x000ab2d8,_ZN2ox3gui11IGUIElement12getHoverItemEv
_ZTVN2ox3gui9IGUIImageE,37,0x000ab2e4,_ZN2ox3gui11IGUIElement12setHoverItemEPS1_
_ZTVN2ox3gui9IGUIImageE,38,0x000ab334,_ZN2ox3gui11IGUIElement16getPreferredSizeEv
_ZTVN2ox3gui9IGUIImageE,39,0x00000000,__cxa_pure_virtual
_ZTVN2ox3gui9IGUIImageE,40,0x00000000,__cxa_pure_virtual
_ZTVN2ox3gui9IGUIImageE,41,0x00000000,__cxa_pure_virtual
_ZTVN2ox3gui9IGUIImageE,42,0xfffffff4,
_ZTVN2ox3gui9IGUIImageE,43,0x0025ed08,_ZTIN2ox3gui9IGUIImageE
_ZTVN2ox3gui9IGUIImageE,44,0x000ae5a0,_ZThn12_N2ox3gui11IGUIElement7OnEventERKNS_5event6SEventE
_ZTVN2ox3gui9IGUIImageE,45,0x000b0a54,_ZThn12_N2ox3gui9IGUIImageD1Ev
_ZTVN2ox3gui9IGUIImageE,46,0x000b0a6d,_ZThn12_N2ox3gui9IGUIImageD0Ev
_ZTVN2ox3gui9IGUIImageE,47,0x00000000,
_ZTVN2ox3gui9IGUIImageE,48,0x00000000,
_ZTVN2ox3gui9IGUIImageE,49,0x00000000,
_ZTVN2ox3gui14IGUIInOutFaderE,0,0x00000000,
_ZTVN2ox3gui14IGUIInOutFaderE,1,0x0025ede8,_ZTIN2ox3gui14IGUIInOutFaderE
_ZTVN2ox3gui14IGUIInOutFaderE,2,0x000b0eba,_ZN2ox3gui14IGUIInOutFaderD1Ev
_ZTVN2ox3gui14IGUIInOutFaderE,3,0x000b0ec4,_ZN2ox3gui14IGUIInOutFaderD0Ev
_ZTVN2ox3gui14IGUIInOutFaderE,4,0x000aac06,_ZN2ox3gui11IGUIElement19setRelativePositionERKNS_4core5CRectIiEE
_ZTVN2ox3gui14IGUIInOutFaderE,5,0x000ae4ba,_ZN2ox3gui11IGUIElement29getParentAbsoluteClippingRectEb
_ZTVN2ox3gui14IGUIInOutFaderE,6,0x000aad94,_ZN2ox3gui11IGUIElement22updateAbsolutePositionEv
_ZTVN2ox3gui14IGUIInOutFaderE,7,0x000aaa08,_ZN2ox3gui11IGUIElement8addChildEPS1_
_ZTVN2ox3gui14IGUIInOutFaderE,8,0x000ae510,_ZN2ox3gui11IGUIElement11removeChildEPS1_
_ZTVN2ox3gui14IGUIInOutFaderE,9,0x000aae9e,_ZN2ox3gui11IGUIElement17removeAllChildrenEv
_ZTVN2ox3gui14IGUIInOutFaderE,10,0x00173520,_ZN2ox3gui11IGUIElement6removeEv
_ZTVN2ox3gui14IGUIInOutFaderE,11,0x000aaf10,_ZN2ox3gui11IGUIElement4drawEv
_ZTVN2ox3gui14IGUIInOutFaderE,12,0x000aafc2,_ZN2ox3gui11IGUIElement4moveENS_4core11CPosition2dIiEE
_ZTVN2ox3gui14IGUIInOutFaderE,13,0x000aafea,_ZN2ox3gui11IGUIElement6moveToENS_4core11CPosition2dIiEE
_ZTVN2ox3gui14IGUIInOutFaderE,14,0x000ab034,_ZN2ox3gui11IGUIElement12centerOnRectERKNS_4core5CRectIiEE
_ZTVN2ox3gui14IGUIInOutFaderE,15,0x000ab08a,_ZN2ox3gui11IGUIElement14centerOnParentEv
_ZTVN2ox3gui14IGUIInOutFaderE,16,0x000ab0c6,_ZN2ox3gui11IGUIElement9isVisibleEv
_ZTVN2ox3gui14IGUIInOutFaderE,17,0x000ab0d6,_ZN2ox3gui11IGUIElement10setVisibleEb
_ZTVN2ox3gui14IGUIInOutFaderE,18,0x000ab0e4,_ZN2ox3gui11IGUIElement9isEnabledEv
_ZTVN2ox3gui14IGUIInOutFaderE,19,0x000ab0f4,_ZN2ox3gui11IGUIElement10setEnabledEb
_ZTVN2ox3gui14IGUIInOutFaderE,20,0x000ab12e,_ZN2ox3gui11IGUIElement7isFixedEv
_ZTVN2ox3gui14IGUIInOutFaderE,21,0x000ab13e,_ZN2ox3gui11IGUIElement8setFixedEb
_ZTVN2ox3gui14IGUIInOutFaderE,22,0x000ab14c,_ZN2ox3gui11IGUIElement11isInvisibleEv
_ZTVN2ox3gui14IGUIInOutFaderE,23,0x000ab15c,_ZN2ox3gui11IGUIElement12setInvisibleEb
_ZTVN2ox3gui14IGUIInOutFaderE,24,0x000ab16a,_ZN2ox3gui11IGUIElement16doesReportOnDrawEv
_ZTVN2ox3gui14IGUIInOutFaderE,25,0x000ab17c,_ZN2ox3gui11IGUIElement15setReportOnDrawEi
_ZTVN2ox3gui14IGUIInOutFaderE,26,0x000ab18a,_ZN2ox3gui11IGUIElement7setTextEPKw
_ZTVN2ox3gui14IGUIInOutFaderE,27,0x000ab1aa,_ZNK2ox3gui11IGUIElement7getTextEv
_ZTVN2ox3gui14IGUIInOutFaderE,28,0x000ab1b6,_ZN2ox3gui11IGUIElement5getIDEv
_ZTVN2ox3gui14IGUIInOutFaderE,29,0x000ab1c2,_ZN2ox3gui11IGUIElement5setIDEi
_ZTVN2ox3gui14IGUIInOutFaderE,30,0x000ab1d0,_ZN2ox3gui11IGUIElement7getTypeEv
_ZTVN2ox3gui14IGUIInOutFaderE,31,0x000ae556,_ZN2ox3gui11IGUIElement7OnEventERKNS_5event6SEventE
_ZTVN2ox3gui14IGUIInOutFaderE,32,0x000ab1dc,_ZN2ox3gui11IGUIElement22OnEventInNonFocusStateERKNS_5event6SEventE
_ZTVN2ox3gui14IGUIInOutFaderE,33,0x000ab218,_ZN2ox3gui11IGUIElement12bringToFrontEPS1_
_ZTVN2ox3gui14IGUIInOutFaderE,34,0x000ab270,_ZN2ox3gui11IGUIElement11getChildrenEv
_ZTVN2ox3gui14IGUIInOutFaderE,35,0x000ab27c,_ZN2ox3gui11IGUIElement16getElementFromIdEib
_ZTVN2ox3gui14IGUIInOutFaderE,36,0x000ab2d8,_ZN2ox3gui11IGUIElement12getHoverItemEv
_ZTVN2ox3gui14IGUIInOutFaderE,37,0x000ab2e4,_ZN2ox3gui11IGUIElement12setHoverItemEPS1_
_ZTVN2ox3gui14IGUIInOutFaderE,38,0x000ab334,_ZN2ox3gui11IGUIElement16getPreferredSizeEv
_ZTVN2ox3gui14IGUIInOutFaderE,39,0x00000000,__cxa_pure_virtual
_ZTVN2ox3gui14IGUIInOutFaderE,40,0x00000000,__cxa_pure_virtual
_ZTVN2ox3gui14IGUIInOutFaderE,41,0x00000000,__cxa_pure_virtual
_ZTVN2ox3gui14IGUIInOutFaderE,42,0x00000000,__cxa_pure_virtual
_ZTVN2ox3gui14IGUIInOutFaderE,43,0x00000000,__cxa_pure_virtual
_ZTVN2ox3gui14IGUIInOutFaderE,44,0xfffffff4,
_ZTVN2ox3gui14IGUIInOutFaderE,45,0x0025ede8,_ZTIN2ox3gui14IGUIInOutFaderE
_ZTVN2ox3gui14IGUIInOutFaderE,46,0x000ae5a0,_ZThn12_N2ox3gui11IGUIElement7OnEventERKNS_5event6SEventE
_ZTVN2ox3gui14IGUIInOutFaderE,47,0x000b0ef4,_ZThn12_N2ox3gui14IGUIInOutFaderD1Ev
_ZTVN2ox3gui14IGUIInOutFaderE,48,0x000b0f0d,_ZThn12_N2ox3gui14IGUIInOutFaderD0Ev
_ZTVN2ox3gui14IGUIInOutFaderE,49,0x00000000,
_ZTVN2ox3gui11IGUIListBoxE,0,0x00000000,
_ZTVN2ox3gui11IGUIListBoxE,1,0x0025eec8,_ZTIN2ox3gui11IGUIListBoxE
_ZTVN2ox3gui11IGUIListBoxE,2,0x000b2254,_ZN2ox3gui11IGUIListBoxD1Ev
_ZTVN2ox3gui11IGUIListBoxE,3,0x000b225e,_ZN2ox3gui11IGUIListBoxD0Ev
_ZTVN2ox3gui11IGUIListBoxE,4,0x000aac06,_ZN2ox3gui11IGUIElement19setRelativePositionERKNS_4core5CRectIiEE
_ZTVN2ox3gui11IGUIListBoxE,5,0x000ae4ba,_ZN2ox3gui11IGUIElement29getParentAbsoluteClippingRectEb
_ZTVN2ox3gui11IGUIListBoxE,6,0x000aad94,_ZN2ox3gui11IGUIElement22updateAbsolutePositionEv
_ZTVN2ox3gui11IGUIListBoxE,7,0x000aaa08,_ZN2ox3gui11IGUIElement8addChildEPS1_
_ZTVN2ox3gui11IGUIListBoxE,8,0x000ae510,_ZN2ox3gui11IGUIElement11removeChildEPS1_
_ZTVN2ox3gui11IGUIListBoxE,9,0x000aae9e,_ZN2ox3gui11IGUIElement17removeAllChildrenEv
_ZTVN2ox3gui11IGUIListBoxE,10,0x00173520,_ZN2ox3gui11IGUIElement6removeEv
_ZTVN2ox3gui11IGUIListBoxE,11,0x000aaf10,_ZN2ox3gui11IGUIElement4drawEv
_ZTVN2ox3gui11IGUIListBoxE,12,0x000aafc2,_ZN2ox3gui11IGUIElement4moveENS_4core11CPosition2dIiEE
_ZTVN2ox3gui11IGUIListBoxE,13,0x000aafea,_ZN2ox3gui11IGUIElement6moveToENS_4core11CPosition2dIiEE
_ZTVN2ox3gui11IGUIListBoxE,14,0x000ab034,_ZN2ox3gui11IGUIElement12centerOnRectERKNS_4core5CRectIiEE
_ZTVN2ox3gui11IGUIListBoxE,15,0x000ab08a,_ZN2ox3gui11IGUIElement14centerOnParentEv
_ZTVN2ox3gui11IGUIListBoxE,16,0x000ab0c6,_ZN2ox3gui11IGUIElement9isVisibleEv
_ZTVN2ox3gui11IGUIListBoxE,17,0x000ab0d6,_ZN2ox3gui11IGUIElement10setVisibleEb
_ZTVN2ox3gui11IGUIListBoxE,18,0x000ab0e4,_ZN2ox3gui11IGUIElement9isEnabledEv
_ZTVN2ox3gui11IGUIListBoxE,19,0x000ab0f4,_ZN2ox3gui11IGUIElement10setEnabledEb
_ZTVN2ox3gui11IGUIListBoxE,20,0x000ab12e,_ZN2ox3gui11IGUIElement7isFixedEv
_ZTVN2ox3gui11IGUIListBoxE,21,0x000ab13e,_ZN2ox3gui11IGUIElement8setFixedEb
_ZTVN2ox3gui11IGUIListBoxE,22,0x000ab14c,_ZN2ox3gui11IGUIElement11isInvisibleEv
_ZTVN2ox3gui11IGUIListBoxE,23,0x000ab15c,_ZN2ox3gui11IGUIElement12setInvisibleEb
_ZTVN2ox3gui11IGUIListBoxE,24,0x000ab16a,_ZN2ox3gui11IGUIElement16doesReportOnDrawEv
_ZTVN2ox3gui11IGUIListBoxE,25,0x000ab17c,_ZN2ox3gui11IGUIElement15setReportOnDrawEi
_ZTVN2ox3gui11IGUIListBoxE,26,0x000ab18a,_ZN2ox3gui11IGUIElement7setTextEPKw
_ZTVN2ox3gui11IGUIListBoxE,27,0x000ab1aa,_ZNK2ox3gui11IGUIElement7getTextEv
_ZTVN2ox3gui11IGUIListBoxE,28,0x000ab1b6,_ZN2ox3gui11IGUIElement5getIDEv
_ZTVN2ox3gui11IGUIListBoxE,29,0x000ab1c2,_ZN2ox3gui11IGUIElement5setIDEi
_ZTVN2ox3gui11IGUIListBoxE,30,0x000ab1d0,_ZN2ox3gui11IGUIElement7getTypeEv
_ZTVN2ox3gui11IGUIListBoxE,31,0x000ae556,_ZN2ox3gui11IGUIElement7OnEventERKNS_5event6SEventE
_ZTVN2ox3gui11IGUIListBoxE,32,0x000ab1dc,_ZN2ox3gui11IGUIElement22OnEventInNonFocusStateERKNS_5event6SEventE
_ZTVN2ox3gui11IGUIListBoxE,33,0x000ab218,_ZN2ox3gui11IGUIElement12bringToFrontEPS1_
_ZTVN2ox3gui11IGUIListBoxE,34,0x000ab270,_ZN2ox3gui11IGUIElement11getChildrenEv
_ZTVN2ox3gui11IGUIListBoxE,35,0x000ab27c,_ZN2ox3gui11IGUIElement16getElementFromIdEib
_ZTVN2ox3gui11IGUIListBoxE,36,0x000ab2d8,_ZN2ox3gui11IGUIElement12getHoverItemEv
_ZTVN2ox3gui11IGUIListBoxE,37,0x000ab2e4,_ZN2ox3gui11IGUIElement12setHoverItemEPS1_
_ZTVN2ox3gui11IGUIListBoxE,38,0x000ab334,_ZN2ox3gui11IGUIElement16getPreferredSizeEv
_ZTVN2ox3gui11IGUIListBoxE,39,0x00000000,__cxa_pure_virtual
_ZTVN2ox3gui11IGUIListBoxE,40,0x00000000,__cxa_pure_virtual
_ZTVN2ox3gui11IGUIListBoxE,41,0x00000000,__cxa_pure_virtual
_ZTVN2ox3gui11IGUIListBoxE,42,0x00000000,__cxa_pure_virtual
_ZTVN2ox3gui11IGUIListBoxE,43,0x00000000,__cxa_pure_virtual
_ZTVN2ox3gui11IGUIListBoxE,44,0x00000000,__cxa_pure_virtual
_ZTVN2ox3gui11IGUIListBoxE,45,0x00000000,__cxa_pure_virtual
_ZTVN2ox3gui11IGUIListBoxE,46,0x00000000,__cxa_pure_virtual
_ZTVN2ox3gui11IGUIListBoxE,47,0x00000000,__cxa_pure_virtual
_ZTVN2ox3gui11IGUIListBoxE,48,0x00000000,__cxa_pure_virtual
_ZTVN2ox3gui11IGUIListBoxE,49,0x00000000,__cxa_pure_virtual
_ZTVN2ox3gui11IGUIListBoxE,50,0x00000000,__cxa_pure_virtual
_ZTVN2ox3gui11IGUIListBoxE,51,0x00000000,__cxa_pure_virtual
_ZTVN2ox3gui11IGUIListBoxE,52,0x00000000,__cxa_pure_virtual
_ZTVN2ox3gui11IGUIListBoxE,53,0x00000000,__cxa_pure_virtual
_ZTVN2ox3gui11IGUIListBoxE,54,0xfffffff4,
_ZTVN2ox3gui11IGUIListBoxE,55,0x0025eec8,_ZTIN2ox3gui11IGUIListBoxE
_ZTVN2ox3gui11IGUIListBoxE,56,0x000ae5a0,_ZThn12_N2ox3gui11IGUIElement7OnEventERKNS_5event6SEventE
_ZTVN2ox3gui11IGUIListBoxE,57,0x000b228e,_ZThn12_N2ox3gui11IGUIListBoxD1Ev
_ZTVN2ox3gui11IGUIListBoxE,58,0x000b22a7,_ZThn12_N2ox3gui11IGUIListBoxD0Ev
_ZTVN2ox3gui11IGUIListBoxE,59,0x00000000,
_ZTVN2ox3gui11IGUIListBoxE,60,0x00000000,
_ZTVN2ox3gui11IGUIListBoxE,61,0x00000000,
_ZTVN2ox3gui14IGUIMeshViewerE,0,0x00000000,
_ZTVN2ox3gui14IGUIMeshViewerE,1,0x0025efd8,_ZTIN2ox3gui14IGUIMeshViewerE
_ZTVN2ox3gui14IGUIMeshViewerE,2,0x000b341e,_ZN2ox3gui14IGUIMeshViewerD1Ev
_ZTVN2ox3gui14IGUIMeshViewerE,3,0x000b3428,_ZN2ox3gui14IGUIMeshViewerD0Ev
_ZTVN2ox3gui14IGUIMeshViewerE,4,0x000aac06,_ZN2ox3gui11IGUIElement19setRelativePositionERKNS_4core5CRectIiEE
_ZTVN2ox3gui14IGUIMeshViewerE,5,0x000ae4ba,_ZN2ox3gui11IGUIElement29getParentAbsoluteClippingRectEb
_ZTVN2ox3gui14IGUIMeshViewerE,6,0x000aad94,_ZN2ox3gui11IGUIElement22updateAbsolutePositionEv
_ZTVN2ox3gui14IGUIMeshViewerE,7,0x000aaa08,_ZN2ox3gui11IGUIElement8addChildEPS1_
_ZTVN2ox3gui14IGUIMeshViewerE,8,0x000ae510,_ZN2ox3gui11IGUIElement11removeChildEPS1_
_ZTVN2ox3gui14IGUIMeshViewerE,9,0x000aae9e,_ZN2ox3gui11IGUIElement17removeAllChildrenEv
_ZTVN2ox3gui14IGUIMeshViewerE,10,0x00173520,_ZN2ox3gui11IGUIElement6removeEv
_ZTVN2ox3gui14IGUIMeshViewerE,11,0x000aaf10,_ZN2ox3gui11IGUIElement4drawEv
_ZTVN2ox3gui14IGUIMeshViewerE,12,0x000aafc2,_ZN2ox3gui11IGUIElement4moveENS_4core11CPosition2dIiEE
_ZTVN2ox3gui14IGUIMeshViewerE,13,0x000aafea,_ZN2ox3gui11IGUIElement6moveToENS_4core11CPosition2dIiEE
_ZTVN2ox3gui14IGUIMeshViewerE,14,0x000ab034,_ZN2ox3gui11IGUIElement12centerOnRectERKNS_4core5CRectIiEE
_ZTVN2ox3gui14IGUIMeshViewerE,15,0x000ab08a,_ZN2ox3gui11IGUIElement14centerOnParentEv
_ZTVN2ox3gui14IGUIMeshViewerE,16,0x000ab0c6,_ZN2ox3gui11IGUIElement9isVisibleEv
_ZTVN2ox3gui14IGUIMeshViewerE,17,0x000ab0d6,_ZN2ox3gui11IGUIElement10setVisibleEb
_ZTVN2ox3gui14IGUIMeshViewerE,18,0x000ab0e4,_ZN2ox3gui11IGUIElement9isEnabledEv
_ZTVN2ox3gui14IGUIMeshViewerE,19,0x000ab0f4,_ZN2ox3gui11IGUIElement10setEnabledEb
_ZTVN2ox3gui14IGUIMeshViewerE,20,0x000ab12e,_ZN2ox3gui11IGUIElement7isFixedEv
_ZTVN2ox3gui14IGUIMeshViewerE,21,0x000ab13e,_ZN2ox3gui11IGUIElement8setFixedEb
_ZTVN2ox3gui14IGUIMeshViewerE,22,0x000ab14c,_ZN2ox3gui11IGUIElement11isInvisibleEv
_ZTVN2ox3gui14IGUIMeshViewerE,23,0x000ab15c,_ZN2ox3gui11IGUIElement12setInvisibleEb
_ZTVN2ox3gui14IGUIMeshViewerE,24,0x000ab16a,_ZN2ox3gui11IGUIElement16doesReportOnDrawEv
_ZTVN2ox3gui14IGUIMeshViewerE,25,0x000ab17c,_ZN2ox3gui11IGUIElement15setReportOnDrawEi
_ZTVN2ox3gui14IGUIMeshViewerE,26,0x000ab18a,_ZN2ox3gui11IGUIElement7setTextEPKw
_ZTVN2ox3gui14IGUIMeshViewerE,27,0x000ab1aa,_ZNK2ox3gui11IGUIElement7getTextEv
_ZTVN2ox3gui14IGUIMeshViewerE,28,0x000ab1b6,_ZN2ox3gui11IGUIElement5getIDEv
_ZTVN2ox3gui14IGUIMeshViewerE,29,0x000ab1c2,_ZN2ox3gui11IGUIElement5setIDEi
_ZTVN2ox3gui14IGUIMeshViewerE,30,0x000ab1d0,_ZN2ox3gui11IGUIElement7getTypeEv
_ZTVN2ox3gui14IGUIMeshViewerE,31,0x000ae556,_ZN2ox3gui11IGUIElement7OnEventERKNS_5event6SEventE
_ZTVN2ox3gui14IGUIMeshViewerE,32,0x000ab1dc,_ZN2ox3gui11IGUIElement22OnEventInNonFocusStateERKNS_5event6SEventE
_ZTVN2ox3gui14IGUIMeshViewerE,33,0x000ab218,_ZN2ox3gui11IGUIElement12bringToFrontEPS1_
_ZTVN2ox3gui14IGUIMeshViewerE,34,0x000ab270,_ZN2ox3gui11IGUIElement11getChildrenEv
_ZTVN2ox3gui14IGUIMeshViewerE,35,0x000ab27c,_ZN2ox3gui11IGUIElement16getElementFromIdEib
_ZTVN2ox3gui14IGUIMeshViewerE,36,0x000ab2d8,_ZN2ox3gui11IGUIElement12getHoverItemEv
_ZTVN2ox3gui14IGUIMeshViewerE,37,0x000ab2e4,_ZN2ox3gui11IGUIElement12setHoverItemEPS1_
_ZTVN2ox3gui14IGUIMeshViewerE,38,0x000ab334,_ZN2ox3gui11IGUIElement16getPreferredSizeEv
_ZTVN2ox3gui14IGUIMeshViewerE,39,0x00000000,__cxa_pure_virtual
_ZTVN2ox3gui14IGUIMeshViewerE,40,0x00000000,__cxa_pure_virtual
_ZTVN2ox3gui14IGUIMeshViewerE,41,0x00000000,__cxa_pure_virtual
_ZTVN2ox3gui14IGUIMeshViewerE,42,0xfffffff4,
_ZTVN2ox3gui14IGUIMeshViewerE,43,0x0025efd8,_ZTIN2ox3gui14IGUIMeshViewerE
_ZTVN2ox3gui14IGUIMeshViewerE,44,0x000ae5a0,_ZThn12_N2ox3gui11IGUIElement7OnEventERKNS_5event6SEventE
_ZTVN2ox3gui14IGUIMeshViewerE,45,0x000b3458,_ZThn12_N2ox3gui14IGUIMeshViewerD1Ev
_ZTVN2ox3gui14IGUIMeshViewerE,46,0x000b3471,_ZThn12_N2ox3gui14IGUIMeshViewerD0Ev
_ZTVN2ox3gui14IGUIMeshViewerE,47,0x00000000,
_ZTVN2ox3gui14IGUIMeshViewerE,48,0x00000000,
_ZTVN2ox3gui14IGUIMeshViewerE,49,0x00000000,
_ZTVN2ox3gui15IGUIModalScreenE,0,0x00000000,
_ZTVN2ox3gui15IGUIModalScreenE,1,0x0025f0b8,_ZTIN2ox3gui15IGUIModalScreenE
_ZTVN2ox3gui15IGUIModalScreenE,2,0x000b406c,_ZN2ox3gui15IGUIModalScreenD1Ev
_ZTVN2ox3gui15IGUIModalScreenE,3,0x000b4076,_ZN2ox3gui15IGUIModalScreenD0Ev
_ZTVN2ox3gui15IGUIModalScreenE,4,0x000aac06,_ZN2ox3gui11IGUIElement19setRelativePositionERKNS_4core5CRectIiEE
_ZTVN2ox3gui15IGUIModalScreenE,5,0x000aac8a,_ZN2ox3gui10IGUILayout29getParentAbsoluteClippingRectEb
_ZTVN2ox3gui15IGUIModalScreenE,6,0x000aad94,_ZN2ox3gui11IGUIElement22updateAbsolutePositionEv
_ZTVN2ox3gui15IGUIModalScreenE,7,0x000aaa08,_ZN2ox3gui11IGUIElement8addChildEPS1_
_ZTVN2ox3gui15IGUIModalScreenE,8,0x000ae510,_ZN2ox3gui11IGUIElement11removeChildEPS1_
_ZTVN2ox3gui15IGUIModalScreenE,9,0x000aae9e,_ZN2ox3gui11IGUIElement17removeAllChildrenEv
_ZTVN2ox3gui15IGUIModalScreenE,10,0x00173520,_ZN2ox3gui11IGUIElement6removeEv
_ZTVN2ox3gui15IGUIModalScreenE,11,0x000aaf10,_ZN2ox3gui11IGUIElement4drawEv
_ZTVN2ox3gui15IGUIModalScreenE,12,0x000aafc2,_ZN2ox3gui11IGUIElement4moveENS_4core11CPosition2dIiEE
_ZTVN2ox3gui15IGUIModalScreenE,13,0x000aafea,_ZN2ox3gui11IGUIElement6moveToENS_4core11CPosition2dIiEE
_ZTVN2ox3gui15IGUIModalScreenE,14,0x000ab034,_ZN2ox3gui11IGUIElement12centerOnRectERKNS_4core5CRectIiEE
_ZTVN2ox3gui15IGUIModalScreenE,15,0x000ab08a,_ZN2ox3gui11IGUIElement14centerOnParentEv
_ZTVN2ox3gui15IGUIModalScreenE,16,0x000ab0c6,_ZN2ox3gui11IGUIElement9isVisibleEv
_ZTVN2ox3gui15IGUIModalScreenE,17,0x000ab0d6,_ZN2ox3gui11IGUIElement10setVisibleEb
_ZTVN2ox3gui15IGUIModalScreenE,18,0x000ab0e4,_ZN2ox3gui11IGUIElement9isEnabledEv
_ZTVN2ox3gui15IGUIModalScreenE,19,0x000ab0f4,_ZN2ox3gui11IGUIElement10setEnabledEb
_ZTVN2ox3gui15IGUIModalScreenE,20,0x000ab12e,_ZN2ox3gui11IGUIElement7isFixedEv
_ZTVN2ox3gui15IGUIModalScreenE,21,0x000ab13e,_ZN2ox3gui11IGUIElement8setFixedEb
_ZTVN2ox3gui15IGUIModalScreenE,22,0x000ab14c,_ZN2ox3gui11IGUIElement11isInvisibleEv
_ZTVN2ox3gui15IGUIModalScreenE,23,0x000ab15c,_ZN2ox3gui11IGUIElement12setInvisibleEb
_ZTVN2ox3gui15IGUIModalScreenE,24,0x000ab16a,_ZN2ox3gui11IGUIElement16doesReportOnDrawEv
_ZTVN2ox3gui15IGUIModalScreenE,25,0x000ab17c,_ZN2ox3gui11IGUIElement15setReportOnDrawEi
_ZTVN2ox3gui15IGUIModalScreenE,26,0x000ab18a,_ZN2ox3gui11IGUIElement7setTextEPKw
_ZTVN2ox3gui15IGUIModalScreenE,27,0x000ab1aa,_ZNK2ox3gui11IGUIElement7getTextEv
_ZTVN2ox3gui15IGUIModalScreenE,28,0x000ab1b6,_ZN2ox3gui11IGUIElement5getIDEv
_ZTVN2ox3gui15IGUIModalScreenE,29,0x000ab1c2,_ZN2ox3gui11IGUIElement5setIDEi
_ZTVN2ox3gui15IGUIModalScreenE,30,0x000ab1d0,_ZN2ox3gui11IGUIElement7getTypeEv
_ZTVN2ox3gui15IGUIModalScreenE,31,0x000ae556,_ZN2ox3gui11IGUIElement7OnEventERKNS_5event6SEventE
_ZTVN2ox3gui15IGUIModalScreenE,32,0x000ab1dc,_ZN2ox3gui11IGUIElement22OnEventInNonFocusStateERKNS_5event6SEventE
_ZTVN2ox3gui15IGUIModalScreenE,33,0x000ab218,_ZN2ox3gui11IGUIElement12bringToFrontEPS1_
_ZTVN2ox3gui15IGUIModalScreenE,34,0x000ab270,_ZN2ox3gui11IGUIElement11getChildrenEv
_ZTVN2ox3gui15IGUIModalScreenE,35,0x000ab27c,_ZN2ox3gui11IGUIElement16getElementFromIdEib
_ZTVN2ox3gui15IGUIModalScreenE,36,0x000ab2d8,_ZN2ox3gui11IGUIElement12getHoverItemEv
_ZTVN2ox3gui15IGUIModalScreenE,37,0x000ab2e4,_ZN2ox3gui11IGUIElement12setHoverItemEPS1_
_ZTVN2ox3gui15IGUIModalScreenE,38,0x000ab334,_ZN2ox3gui11IGUIElement16getPreferredSizeEv
_ZTVN2ox3gui15IGUIModalScreenE,39,0x000ab352,_ZN2ox3gui10IGUILayout8sortFlowEiibb
_ZTVN2ox3gui15IGUIModalScreenE,40,0x000ab5cc,_ZN2ox3gui10IGUILayout14sortVerticallyEib
_ZTVN2ox3gui15IGUIModalScreenE,41,0x000ab6c2,_ZN2ox3gui10IGUILayout16sortHorizontallyEi
_ZTVN2ox3gui15IGUIModalScreenE,42,0x000ab7a2,_ZN2ox3gui10IGUILayout9sortRiverEbiib
_ZTVN2ox3gui15IGUIModalScreenE,43,0x000ac424,_ZN2ox3gui10IGUILayout14getContentAreaEv
_ZTVN2ox3gui15IGUIModalScreenE,44,0x000ac450,_ZN2ox3gui10IGUILayout28updateChildrenForContentAreaEv
_ZTVN2ox3gui15IGUIModalScreenE,45,0x00000000,__cxa_pure_virtual
_ZTVN2ox3gui15IGUIModalScreenE,46,0xfffffff4,
_ZTVN2ox3gui15IGUIModalScreenE,47,0x0025f0b8,_ZTIN2ox3gui15IGUIModalScreenE
_ZTVN2ox3gui15IGUIModalScreenE,48,0x000ae5a0,_ZThn12_N2ox3gui11IGUIElement7OnEventERKNS_5event6SEventE
_ZTVN2ox3gui15IGUIModalScreenE,49,0x000b40a6,_ZThn12_N2ox3gui15IGUIModalScreenD1Ev
_ZTVN2ox3gui15IGUIModalScreenE,50,0x000b40bf,_ZThn12_N2ox3gui15IGUIModalScreenD0Ev
_ZTVN2ox3gui15IGUIModalScreenE,51,0x00000000,
_ZTVN2ox3gui15IGUIModalScreenE,52,0x00000000,
_ZTVN2ox3gui15IGUIModalScreenE,53,0x00000000,
_ZTVN2ox3gui13IGUIPopupMenuE,0,0x00000000,
_ZTVN2ox3gui13IGUIPopupMenuE,1,0x0025f1a8,_ZTIN2ox3gui13IGUIPopupMenuE
_ZTVN2ox3gui13IGUIPopupMenuE,2,0x000b48fa,_ZN2ox3gui13IGUIPopupMenuD1Ev
_ZTVN2ox3gui13IGUIPopupMenuE,3,0x000b4904,_ZN2ox3gui13IGUIPopupMenuD0Ev
_ZTVN2ox3gui13IGUIPopupMenuE,4,0x000aac06,_ZN2ox3gui11IGUIElement19setRelativePositionERKNS_4core5CRectIiEE
_ZTVN2ox3gui13IGUIPopupMenuE,5,0x000ae4ba,_ZN2ox3gui11IGUIElement29getParentAbsoluteClippingRectEb
_ZTVN2ox3gui13IGUIPopupMenuE,6,0x000aad94,_ZN2ox3gui11IGUIElement22updateAbsolutePositionEv
_ZTVN2ox3gui13IGUIPopupMenuE,7,0x000aaa08,_ZN2ox3gui11IGUIElement8addChildEPS1_
_ZTVN2ox3gui13IGUIPopupMenuE,8,0x000ae510,_ZN2ox3gui11IGUIElement11removeChildEPS1_
_ZTVN2ox3gui13IGUIPopupMenuE,9,0x000aae9e,_ZN2ox3gui11IGUIElement17removeAllChildrenEv
_ZTVN2ox3gui13IGUIPopupMenuE,10,0x00173520,_ZN2ox3gui11IGUIElement6removeEv
_ZTVN2ox3gui13IGUIPopupMenuE,11,0x000aaf10,_ZN2ox3gui11IGUIElement4drawEv
_ZTVN2ox3gui13IGUIPopupMenuE,12,0x000aafc2,_ZN2ox3gui11IGUIElement4moveENS_4core11CPosition2dIiEE
_ZTVN2ox3gui13IGUIPopupMenuE,13,0x000aafea,_ZN2ox3gui11IGUIElement6moveToENS_4core11CPosition2dIiEE
_ZTVN2ox3gui13IGUIPopupMenuE,14,0x000ab034,_ZN2ox3gui11IGUIElement12centerOnRectERKNS_4core5CRectIiEE
_ZTVN2ox3gui13IGUIPopupMenuE,15,0x000ab08a,_ZN2ox3gui11IGUIElement14centerOnParentEv
_ZTVN2ox3gui13IGUIPopupMenuE,16,0x000ab0c6,_ZN2ox3gui11IGUIElement9isVisibleEv
_ZTVN2ox3gui13IGUIPopupMenuE,17,0x000ab0d6,_ZN2ox3gui11IGUIElement10setVisibleEb
_ZTVN2ox3gui13IGUIPopupMenuE,18,0x000ab0e4,_ZN2ox3gui11IGUIElement9isEnabledEv
_ZTVN2ox3gui13IGUIPopupMenuE,19,0x000ab0f4,_ZN2ox3gui11IGUIElement10setEnabledEb
_ZTVN2ox3gui13IGUIPopupMenuE,20,0x000ab12e,_ZN2ox3gui11IGUIElement7isFixedEv
_ZTVN2ox3gui13IGUIPopupMenuE,21,0x000ab13e,_ZN2ox3gui11IGUIElement8setFixedEb
_ZTVN2ox3gui13IGUIPopupMenuE,22,0x000ab14c,_ZN2ox3gui11IGUIElement11isInvisibleEv
_ZTVN2ox3gui13IGUIPopupMenuE,23,0x000ab15c,_ZN2ox3gui11IGUIElement12setInvisibleEb
_ZTVN2ox3gui13IGUIPopupMenuE,24,0x000ab16a,_ZN2ox3gui11IGUIElement16doesReportOnDrawEv
_ZTVN2ox3gui13IGUIPopupMenuE,25,0x000ab17c,_ZN2ox3gui11IGUIElement15setReportOnDrawEi
_ZTVN2ox3gui13IGUIPopupMenuE,26,0x000ab18a,_ZN2ox3gui11IGUIElement7setTextEPKw
_ZTVN2ox3gui13IGUIPopupMenuE,27,0x000ab1aa,_ZNK2ox3gui11IGUIElement7getTextEv
_ZTVN2ox3gui13IGUIPopupMenuE,28,0x000ab1b6,_ZN2ox3gui11IGUIElement5getIDEv
_ZTVN2ox3gui13IGUIPopupMenuE,29,0x000ab1c2,_ZN2ox3gui11IGUIElement5setIDEi
_ZTVN2ox3gui13IGUIPopupMenuE,30,0x000ab1d0,_ZN2ox3gui11IGUIElement7getTypeEv
_ZTVN2ox3gui13IGUIPopupMenuE,31,0x000ae556,_ZN2ox3gui11IGUIElement7OnEventERKNS_5event6SEventE
_ZTVN2ox3gui13IGUIPopupMenuE,32,0x000ab1dc,_ZN2ox3gui11IGUIElement22OnEventInNonFocusStateERKNS_5event6SEventE
_ZTVN2ox3gui13IGUIPopupMenuE,33,0x000ab218,_ZN2ox3gui11IGUIElement12bringToFrontEPS1_
_ZTVN2ox3gui13IGUIPopupMenuE,34,0x000ab270,_ZN2ox3gui11IGUIElement11getChildrenEv
_ZTVN2ox3gui13IGUIPopupMenuE,35,0x000ab27c,_ZN2ox3gui11IGUIElement16getElementFromIdEib
_ZTVN2ox3gui13IGUIPopupMenuE,36,0x000ab2d8,_ZN2ox3gui11IGUIElement12getHoverItemEv
_ZTVN2ox3gui13IGUIPopupMenuE,37,0x000ab2e4,_ZN2ox3gui11IGUIElement12setHoverItemEPS1_
_ZTVN2ox3gui13IGUIPopupMenuE,38,0x000ab334,_ZN2ox3gui11IGUIElement16getPreferredSizeEv
_ZTVN2ox3gui13IGUIPopupMenuE,39,0x00000000,__cxa_pure_virtual
_ZTVN2ox3gui13IGUIPopupMenuE,40,0x00000000,__cxa_pure_virtual
_ZTVN2ox3gui13IGUIPopupMenuE,41,0xfffffff4,
_ZTVN2ox3gui13IGUIPopupMenuE,42,0x0025f1a8,_ZTIN2ox3gui13IGUIPopupMenuE
_ZTVN2ox3gui13IGUIPopupMenuE,43,0x000ae5a0,_ZThn12_N2ox3gui11IGUIElement7OnEventERKNS_5event6SEventE
_ZTVN2ox3gui13IGUIPopupMenuE,44,0x000b4934,_ZThn12_N2ox3gui13IGUIPopupMenuD1Ev
_ZTVN2ox3gui13IGUIPopupMenuE,45,0x000b494d,_ZThn12_N2ox3gui13IGUIPopupMenuD0Ev
_ZTVN2ox3gui13IGUIRadioListE,0,0x00000000,
_ZTVN2ox3gui13IGUIRadioListE,1,0x0025f278,_ZTIN2ox3gui13IGUIRadioListE
_ZTVN2ox3gui13IGUIRadioListE,2,0x000b5206,_ZN2ox3gui13IGUIRadioListD1Ev
_ZTVN2ox3gui13IGUIRadioListE,3,0x000b5210,_ZN2ox3gui13IGUIRadioListD0Ev
_ZTVN2ox3gui13IGUIRadioListE,4,0x000aac06,_ZN2ox3gui11IGUIElement19setRelativePositionERKNS_4core5CRectIiEE
_ZTVN2ox3gui13IGUIRadioListE,5,0x000ae4ba,_ZN2ox3gui11IGUIElement29getParentAbsoluteClippingRectEb
_ZTVN2ox3gui13IGUIRadioListE,6,0x000aad94,_ZN2ox3gui11IGUIElement22updateAbsolutePositionEv
_ZTVN2ox3gui13IGUIRadioListE,7,0x000aaa08,_ZN2ox3gui11IGUIElement8addChildEPS1_
_ZTVN2ox3gui13IGUIRadioListE,8,0x000ae510,_ZN2ox3gui11IGUIElement11removeChildEPS1_
_ZTVN2ox3gui13IGUIRadioListE,9,0x000aae9e,_ZN2ox3gui11IGUIElement17removeAllChildrenEv
_ZTVN2ox3gui13IGUIRadioListE,10,0x00173520,_ZN2ox3gui11IGUIElement6removeEv
_ZTVN2ox3gui13IGUIRadioListE,11,0x000aaf10,_ZN2ox3gui11IGUIElement4drawEv
_ZTVN2ox3gui13IGUIRadioListE,12,0x000aafc2,_ZN2ox3gui11IGUIElement4moveENS_4core11CPosition2dIiEE
_ZTVN2ox3gui13IGUIRadioListE,13,0x000aafea,_ZN2ox3gui11IGUIElement6moveToENS_4core11CPosition2dIiEE
_ZTVN2ox3gui13IGUIRadioListE,14,0x000ab034,_ZN2ox3gui11IGUIElement12centerOnRectERKNS_4core5CRectIiEE
_ZTVN2ox3gui13IGUIRadioListE,15,0x000ab08a,_ZN2ox3gui11IGUIElement14centerOnParentEv
_ZTVN2ox3gui13IGUIRadioListE,16,0x000ab0c6,_ZN2ox3gui11IGUIElement9isVisibleEv
_ZTVN2ox3gui13IGUIRadioListE,17,0x000ab0d6,_ZN2ox3gui11IGUIElement10setVisibleEb
_ZTVN2ox3gui13IGUIRadioListE,18,0x000ab0e4,_ZN2ox3gui11IGUIElement9isEnabledEv
_ZTVN2ox3gui13IGUIRadioListE,19,0x000ab0f4,_ZN2ox3gui11IGUIElement10setEnabledEb
_ZTVN2ox3gui13IGUIRadioListE,20,0x000ab12e,_ZN2ox3gui11IGUIElement7isFixedEv
_ZTVN2ox3gui13IGUIRadioListE,21,0x000ab13e,_ZN2ox3gui11IGUIElement8setFixedEb
_ZTVN2ox3gui13IGUIRadioListE,22,0x000ab14c,_ZN2ox3gui11IGUIElement11isInvisibleEv
_ZTVN2ox3gui13IGUIRadioListE,23,0x000ab15c,_ZN2ox3gui11IGUIElement12setInvisibleEb
_ZTVN2ox3gui13IGUIRadioListE,24,0x000ab16a,_ZN2ox3gui11IGUIElement16doesReportOnDrawEv
_ZTVN2ox3gui13IGUIRadioListE,25,0x000ab17c,_ZN2ox3gui11IGUIElement15setReportOnDrawEi
_ZTVN2ox3gui13IGUIRadioListE,26,0x000ab18a,_ZN2ox3gui11IGUIElement7setTextEPKw
_ZTVN2ox3gui13IGUIRadioListE,27,0x000ab1aa,_ZNK2ox3gui11IGUIElement7getTextEv
_ZTVN2ox3gui13IGUIRadioListE,28,0x000ab1b6,_ZN2ox3gui11IGUIElement5getIDEv
_ZTVN2ox3gui13IGUIRadioListE,29,0x000ab1c2,_ZN2ox3gui11IGUIElement5setIDEi
_ZTVN2ox3gui13IGUIRadioListE,30,0x000ab1d0,_ZN2ox3gui11IGUIElement7getTypeEv
_ZTVN2ox3gui13IGUIRadioListE,31,0x000ae556,_ZN2ox3gui11IGUIElement7OnEventERKNS_5event6SEventE
_ZTVN2ox3gui13IGUIRadioListE,32,0x000ab1dc,_ZN2ox3gui11IGUIElement22OnEventInNonFocusStateERKNS_5event6SEventE
_ZTVN2ox3gui13IGUIRadioListE,33,0x000ab218,_ZN2ox3gui11IGUIElement12bringToFrontEPS1_
_ZTVN2ox3gui13IGUIRadioListE,34,0x000ab270,_ZN2ox3gui11IGUIElement11getChildrenEv
_ZTVN2ox3gui13IGUIRadioListE,35,0x000ab27c,_ZN2ox3gui11IGUIElement16getElementFromIdEib
_ZTVN2ox3gui13IGUIRadioListE,36,0x000ab2d8,_ZN2ox3gui11IGUIElement12getHoverItemEv
_ZTVN2ox3gui13IGUIRadioListE,37,0x000ab2e4,_ZN2ox3gui11IGUIElement12setHoverItemEPS1_
_ZTVN2ox3gui13IGUIRadioListE,38,0x000ab334,_ZN2ox3gui11IGUIElement16getPreferredSizeEv
_ZTVN2ox3gui13IGUIRadioListE,39,0x00000000,__cxa_pure_virtual
_ZTVN2ox3gui13IGUIRadioListE,40,0x00000000,__cxa_pure_virtual
_ZTVN2ox3gui13IGUIRadioListE,41,0x00000000,__cxa_pure_virtual
_ZTVN2ox3gui13IGUIRadioListE,42,0x00000000,__cxa_pure_virtual
_ZTVN2ox3gui13IGUIRadioListE,43,0x00000000,__cxa_pure_virtual
_ZTVN2ox3gui13IGUIRadioListE,44,0x00000000,__cxa_pure_virtual
_ZTVN2ox3gui13IGUIRadioListE,45,0xfffffff4,
_ZTVN2ox3gui13IGUIRadioListE,46,0x0025f278,_ZTIN2ox3gui13IGUIRadioListE
_ZTVN2ox3gui13IGUIRadioListE,47,0x000ae5a0,_ZThn12_N2ox3gui11IGUIElement7OnEventERKNS_5event6SEventE
_ZTVN2ox3gui13IGUIRadioListE,48,0x000b5240,_ZThn12_N2ox3gui13IGUIRadioListD1Ev
_ZTVN2ox3gui13IGUIRadioListE,49,0x000b5259,_ZThn12_N2ox3gui13IGUIRadioListD0Ev
_ZTVN2ox3gui13IGUIScrollBarE,0,0x00000000,
_ZTVN2ox3gui13IGUIScrollBarE,1,0x0025f358,_ZTIN2ox3gui13IGUIScrollBarE
_ZTVN2ox3gui13IGUIScrollBarE,2,0x000b6aec,_ZN2ox3gui13IGUIScrollBarD1Ev
_ZTVN2ox3gui13IGUIScrollBarE,3,0x000b6af6,_ZN2ox3gui13IGUIScrollBarD0Ev
_ZTVN2ox3gui13IGUIScrollBarE,4,0x000aac06,_ZN2ox3gui11IGUIElement19setRelativePositionERKNS_4core5CRectIiEE
_ZTVN2ox3gui13IGUIScrollBarE,5,0x000ae4ba,_ZN2ox3gui11IGUIElement29getParentAbsoluteClippingRectEb
_ZTVN2ox3gui13IGUIScrollBarE,6,0x000aad94,_ZN2ox3gui11IGUIElement22updateAbsolutePositionEv
_ZTVN2ox3gui13IGUIScrollBarE,7,0x000aaa08,_ZN2ox3gui11IGUIElement8addChildEPS1_
_ZTVN2ox3gui13IGUIScrollBarE,8,0x000ae510,_ZN2ox3gui11IGUIElement11removeChildEPS1_
_ZTVN2ox3gui13IGUIScrollBarE,9,0x000aae9e,_ZN2ox3gui11IGUIElement17removeAllChildrenEv
_ZTVN2ox3gui13IGUIScrollBarE,10,0x00173520,_ZN2ox3gui11IGUIElement6removeEv
_ZTVN2ox3gui13IGUIScrollBarE,11,0x000aaf10,_ZN2ox3gui11IGUIElement4drawEv
_ZTVN2ox3gui13IGUIScrollBarE,12,0x000aafc2,_ZN2ox3gui11IGUIElement4moveENS_4core11CPosition2dIiEE
_ZTVN2ox3gui13IGUIScrollBarE,13,0x000aafea,_ZN2ox3gui11IGUIElement6moveToENS_4core11CPosition2dIiEE
_ZTVN2ox3gui13IGUIScrollBarE,14,0x000ab034,_ZN2ox3gui11IGUIElement12centerOnRectERKNS_4core5CRectIiEE
_ZTVN2ox3gui13IGUIScrollBarE,15,0x000ab08a,_ZN2ox3gui11IGUIElement14centerOnParentEv
_ZTVN2ox3gui13IGUIScrollBarE,16,0x000ab0c6,_ZN2ox3gui11IGUIElement9isVisibleEv
_ZTVN2ox3gui13IGUIScrollBarE,17,0x000ab0d6,_ZN2ox3gui11IGUIElement10setVisibleEb
_ZTVN2ox3gui13IGUIScrollBarE,18,0x000ab0e4,_ZN2ox3gui11IGUIElement9isEnabledEv
_ZTVN2ox3gui13IGUIScrollBarE,19,0x000ab0f4,_ZN2ox3gui11IGUIElement10setEnabledEb
_ZTVN2ox3gui13IGUIScrollBarE,20,0x000ab12e,_ZN2ox3gui11IGUIElement7isFixedEv
_ZTVN2ox3gui13IGUIScrollBarE,21,0x000ab13e,_ZN2ox3gui11IGUIElement8setFixedEb
_ZTVN2ox3gui13IGUIScrollBarE,22,0x000ab14c,_ZN2ox3gui11IGUIElement11isInvisibleEv
_ZTVN2ox3gui13IGUIScrollBarE,23,0x000ab15c,_ZN2ox3gui11IGUIElement12setInvisibleEb
_ZTVN2ox3gui13IGUIScrollBarE,24,0x000ab16a,_ZN2ox3gui11IGUIElement16doesReportOnDrawEv
_ZTVN2ox3gui13IGUIScrollBarE,25,0x000ab17c,_ZN2ox3gui11IGUIElement15setReportOnDrawEi
_ZTVN2ox3gui13IGUIScrollBarE,26,0x000ab18a,_ZN2ox3gui11IGUIElement7setTextEPKw
_ZTVN2ox3gui13IGUIScrollBarE,27,0x000ab1aa,_ZNK2ox3gui11IGUIElement7getTextEv
_ZTVN2ox3gui13IGUIScrollBarE,28,0x000ab1b6,_ZN2ox3gui11IGUIElement5getIDEv
_ZTVN2ox3gui13IGUIScrollBarE,29,0x000ab1c2,_ZN2ox3gui11IGUIElement5setIDEi
_ZTVN2ox3gui13IGUIScrollBarE,30,0x000ab1d0,_ZN2ox3gui11IGUIElement7getTypeEv
_ZTVN2ox3gui13IGUIScrollBarE,31,0x000ae556,_ZN2ox3gui11IGUIElement7OnEventERKNS_5event6SEventE
_ZTVN2ox3gui13IGUIScrollBarE,32,0x000ab1dc,_ZN2ox3gui11IGUIElement22OnEventInNonFocusStateERKNS_5event6SEventE
_ZTVN2ox3gui13IGUIScrollBarE,33,0x000ab218,_ZN2ox3gui11IGUIElement12bringToFrontEPS1_
_ZTVN2ox3gui13IGUIScrollBarE,34,0x000ab270,_ZN2ox3gui11IGUIElement11getChildrenEv
_ZTVN2ox3gui13IGUIScrollBarE,35,0x000ab27c,_ZN2ox3gui11IGUIElement16getElementFromIdEib
_ZTVN2ox3gui13IGUIScrollBarE,36,0x000ab2d8,_ZN2ox3gui11IGUIElement12getHoverItemEv
_ZTVN2ox3gui13IGUIScrollBarE,37,0x000ab2e4,_ZN2ox3gui11IGUIElement12setHoverItemEPS1_
_ZTVN2ox3gui13IGUIScrollBarE,38,0x000ab334,_ZN2ox3gui11IGUIElement16getPreferredSizeEv
_ZTVN2ox3gui13IGUIScrollBarE,39,0x00000000,__cxa_pure_virtual
_ZTVN2ox3gui13IGUIScrollBarE,40,0x00000000,__cxa_pure_virtual
_ZTVN2ox3gui13IGUIScrollBarE,41,0x00000000,__cxa_pure_virtual
_ZTVN2ox3gui13IGUIScrollBarE,42,0x00000000,__cxa_pure_virtual
_ZTVN2ox3gui13IGUIScrollBarE,43,0x00000000,__cxa_pure_virtual
_ZTVN2ox3gui13IGUIScrollBarE,44,0x00000000,__cxa_pure_virtual
_ZTVN2ox3gui13IGUIScrollBarE,45,0x00000000,__cxa_pure_virtual
_ZTVN2ox3gui13IGUIScrollBarE,46,0xfffffff4,
_ZTVN2ox3gui13IGUIScrollBarE,47,0x0025f358,_ZTIN2ox3gui13IGUIScrollBarE
_ZTVN2ox3gui13IGUIScrollBarE,48,0x000ae5a0,_ZThn12_N2ox3gui11IGUIElement7OnEventERKNS_5event6SEventE
_ZTVN2ox3gui13IGUIScrollBarE,49,0x000b6b26,_ZThn12_N2ox3gui13IGUIScrollBarD1Ev
_ZTVN2ox3gui13IGUIScrollBarE,50,0x000b6b3f,_ZThn12_N2ox3gui13IGUIScrollBarD0Ev
_ZTVN2ox3gui13IGUIScrollBarE,51,0x00000000,
_ZTVN2ox3gui13IGUIScrollBarE,52,0x00000000,
_ZTVN2ox3gui13IGUIScrollBarE,53,0x00000000,
_ZTVN2ox3gui8IGUISkinE,0,0x00000000,
_ZTVN2ox3gui8IGUISkinE,1,0x0025f448,_ZTIN2ox3gui8IGUISkinE
_ZTVN2ox3gui8IGUISkinE,2,0x000b7148,_ZN2ox3gui8IGUISkinD1Ev
_ZTVN2ox3gui8IGUISkinE,3,0x000b714e,_ZN2ox3gui8IGUISkinD0Ev
_ZTVN2ox3gui8IGUISkinE,4,0x00000000,__cxa_pure_virtual
_ZTVN2ox3gui8IGUISkinE,5,0x00000000,__cxa_pure_virtual
_ZTVN2ox3gui8IGUISkinE,6,0x00000000,__cxa_pure_virtual
_ZTVN2ox3gui8IGUISkinE,7,0x00000000,__cxa_pure_virtual
_ZTVN2ox3gui8IGUISkinE,8,0x00000000,__cxa_pure_virtual
_ZTVN2ox3gui8IGUISkinE,9,0x00000000,__cxa_pure_virtual
_ZTVN2ox3gui8IGUISkinE,10,0x00000000,__cxa_pure_virtual
_ZTVN2ox3gui8IGUISkinE,11,0x00000000,__cxa_pure_virtual
_ZTVN2ox3gui8IGUISkinE,12,0x00000000,__cxa_pure_virtual
_ZTVN2ox3gui8IGUISkinE,13,0x00000000,__cxa_pure_virtual
_ZTVN2ox3gui14IGUIStaticTextE,0,0x00000000,
_ZTVN2ox3gui14IGUIStaticTextE,1,0x0025f498,_ZTIN2ox3gui14IGUIStaticTextE
_ZTVN2ox3gui14IGUIStaticTextE,2,0x000b8a12,_ZN2ox3gui14IGUIStaticTextD1Ev
_ZTVN2ox3gui14IGUIStaticTextE,3,0x000b8a1c,_ZN2ox3gui14IGUIStaticTextD0Ev
_ZTVN2ox3gui14IGUIStaticTextE,4,0x000aac06,_ZN2ox3gui11IGUIElement19setRelativePositionERKNS_4core5CRectIiEE
_ZTVN2ox3gui14IGUIStaticTextE,5,0x000ae4ba,_ZN2ox3gui11IGUIElement29getParentAbsoluteClippingRectEb
_ZTVN2ox3gui14IGUIStaticTextE,6,0x000aad94,_ZN2ox3gui11IGUIElement22updateAbsolutePositionEv
_ZTVN2ox3gui14IGUIStaticTextE,7,0x000aaa08,_ZN2ox3gui11IGUIElement8addChildEPS1_
_ZTVN2ox3gui14IGUIStaticTextE,8,0x000ae510,_ZN2ox3gui11IGUIElement11removeChildEPS1_
_ZTVN2ox3gui14IGUIStaticTextE,9,0x000aae9e,_ZN2ox3gui11IGUIElement17removeAllChildrenEv
_ZTVN2ox3gui14IGUIStaticTextE,10,0x00173520,_ZN2ox3gui11IGUIElement6removeEv
_ZTVN2ox3gui14IGUIStaticTextE,11,0x000aaf10,_ZN2ox3gui11IGUIElement4drawEv
_ZTVN2ox3gui14IGUIStaticTextE,12,0x000aafc2,_ZN2ox3gui11IGUIElement4moveENS_4core11CPosition2dIiEE
_ZTVN2ox3gui14IGUIStaticTextE,13,0x000aafea,_ZN2ox3gui11IGUIElement6moveToENS_4core11CPosition2dIiEE
_ZTVN2ox3gui14IGUIStaticTextE,14,0x000ab034,_ZN2ox3gui11IGUIElement12centerOnRectERKNS_4core5CRectIiEE
_ZTVN2ox3gui14IGUIStaticTextE,15,0x000ab08a,_ZN2ox3gui11IGUIElement14centerOnParentEv
_ZTVN2ox3gui14IGUIStaticTextE,16,0x000ab0c6,_ZN2ox3gui11IGUIElement9isVisibleEv
_ZTVN2ox3gui14IGUIStaticTextE,17,0x000ab0d6,_ZN2ox3gui11IGUIElement10setVisibleEb
_ZTVN2ox3gui14IGUIStaticTextE,18,0x000ab0e4,_ZN2ox3gui11IGUIElement9isEnabledEv
_ZTVN2ox3gui14IGUIStaticTextE,19,0x000ab0f4,_ZN2ox3gui11IGUIElement10setEnabledEb
_ZTVN2ox3gui14IGUIStaticTextE,20,0x000ab12e,_ZN2ox3gui11IGUIElement7isFixedEv
_ZTVN2ox3gui14IGUIStaticTextE,21,0x000ab13e,_ZN2ox3gui11IGUIElement8setFixedEb
_ZTVN2ox3gui14IGUIStaticTextE,22,0x000ab14c,_ZN2ox3gui11IGUIElement11isInvisibleEv
_ZTVN2ox3gui14IGUIStaticTextE,23,0x000ab15c,_ZN2ox3gui11IGUIElement12setInvisibleEb
_ZTVN2ox3gui14IGUIStaticTextE,24,0x000ab16a,_ZN2ox3gui11IGUIElement16doesReportOnDrawEv
_ZTVN2ox3gui14IGUIStaticTextE,25,0x000ab17c,_ZN2ox3gui11IGUIElement15setReportOnDrawEi
_ZTVN2ox3gui14IGUIStaticTextE,26,0x000ab18a,_ZN2ox3gui11IGUIElement7setTextEPKw
_ZTVN2ox3gui14IGUIStaticTextE,27,0x000ab1aa,_ZNK2ox3gui11IGUIElement7getTextEv
_ZTVN2ox3gui14IGUIStaticTextE,28,0x000ab1b6,_ZN2ox3gui11IGUIElement5getIDEv
_ZTVN2ox3gui14IGUIStaticTextE,29,0x000ab1c2,_ZN2ox3gui11IGUIElement5setIDEi
_ZTVN2ox3gui14IGUIStaticTextE,30,0x000ab1d0,_ZN2ox3gui11IGUIElement7getTypeEv
_ZTVN2ox3gui14IGUIStaticTextE,31,0x000ae556,_ZN2ox3gui11IGUIElement7OnEventERKNS_5event6SEventE
_ZTVN2ox3gui14IGUIStaticTextE,32,0x000ab1dc,_ZN2ox3gui11IGUIElement22OnEventInNonFocusStateERKNS_5event6SEventE
_ZTVN2ox3gui14IGUIStaticTextE,33,0x000ab218,_ZN2ox3gui11IGUIElement12bringToFrontEPS1_
_ZTVN2ox3gui14IGUIStaticTextE,34,0x000ab270,_ZN2ox3gui11IGUIElement11getChildrenEv
_ZTVN2ox3gui14IGUIStaticTextE,35,0x000ab27c,_ZN2ox3gui11IGUIElement16getElementFromIdEib
_ZTVN2ox3gui14IGUIStaticTextE,36,0x000ab2d8,_ZN2ox3gui11IGUIElement12getHoverItemEv
_ZTVN2ox3gui14IGUIStaticTextE,37,0x000ab2e4,_ZN2ox3gui11IGUIElement12setHoverItemEPS1_
_ZTVN2ox3gui14IGUIStaticTextE,38,0x000ab334,_ZN2ox3gui11IGUIElement16getPreferredSizeEv
_ZTVN2ox3gui14IGUIStaticTextE,39,0x00000000,__cxa_pure_virtual
_ZTVN2ox3gui14IGUIStaticTextE,40,0x00000000,__cxa_pure_virtual
_ZTVN2ox3gui14IGUIStaticTextE,41,0x00000000,__cxa_pure_virtual
_ZTVN2ox3gui14IGUIStaticTextE,42,0x00000000,__cxa_pure_virtual
_ZTVN2ox3gui14IGUIStaticTextE,43,0x00000000,__cxa_pure_virtual
_ZTVN2ox3gui14IGUIStaticTextE,44,0x00000000,__cxa_pure_virtual
_ZTVN2ox3gui14IGUIStaticTextE,45,0x00000000,__cxa_pure_virtual
_ZTVN2ox3gui14IGUIStaticTextE,46,0x00000000,__cxa_pure_virtual
_ZTVN2ox3gui14IGUIStaticTextE,47,0x00000000,__cxa_pure_virtual
_ZTVN2ox3gui14IGUIStaticTextE,48,0x00000000,__cxa_pure_virtual
_ZTVN2ox3gui14IGUIStaticTextE,49,0x00000000,__cxa_pure_virtual
_ZTVN2ox3gui14IGUIStaticTextE,50,0x00000000,__cxa_pure_virtual
_ZTVN2ox3gui14IGUIStaticTextE,51,0xfffffff4,
_ZTVN2ox3gui14IGUIStaticTextE,52,0x0025f498,_ZTIN2ox3gui14IGUIStaticTextE
_ZTVN2ox3gui14IGUIStaticTextE,53,0x000ae5a0,_ZThn12_N2ox3gui11IGUIElement7OnEventERKNS_5event6SEventE
_ZTVN2ox3gui14IGUIStaticTextE,54,0x000b8a4c,_ZThn12_N2ox3gui14IGUIStaticTextD1Ev
_ZTVN2ox3gui14IGUIStaticTextE,55,0x000b8a65,_ZThn12_N2ox3gui14IGUIStaticTextD0Ev
_ZTVN2ox3gui14IGUIStaticTextE,56,0x00000000,
_ZTVN2ox3gui14IGUIStaticTextE,57,0x00000000,
_ZTVN2ox3gui16IGUITabButtonRowE,0,0x00000000,
_ZTVN2ox3gui16IGUITabButtonRowE,1,0x0025f5b8,_ZTIN2ox3gui16IGUITabButtonRowE
_ZTVN2ox3gui16IGUITabButtonRowE,2,0x000bc28a,_ZN2ox3gui16IGUITabButtonRowD1Ev
_ZTVN2ox3gui16IGUITabButtonRowE,3,0x000bc294,_ZN2ox3gui16IGUITabButtonRowD0Ev
_ZTVN2ox3gui16IGUITabButtonRowE,4,0x000aac06,_ZN2ox3gui11IGUIElement19setRelativePositionERKNS_4core5CRectIiEE
_ZTVN2ox3gui16IGUITabButtonRowE,5,0x000ae4ba,_ZN2ox3gui11IGUIElement29getParentAbsoluteClippingRectEb
_ZTVN2ox3gui16IGUITabButtonRowE,6,0x000aad94,_ZN2ox3gui11IGUIElement22updateAbsolutePositionEv
_ZTVN2ox3gui16IGUITabButtonRowE,7,0x000aaa08,_ZN2ox3gui11IGUIElement8addChildEPS1_
_ZTVN2ox3gui16IGUITabButtonRowE,8,0x000ae510,_ZN2ox3gui11IGUIElement11removeChildEPS1_
_ZTVN2ox3gui16IGUITabButtonRowE,9,0x000aae9e,_ZN2ox3gui11IGUIElement17removeAllChildrenEv
_ZTVN2ox3gui16IGUITabButtonRowE,10,0x00173520,_ZN2ox3gui11IGUIElement6removeEv
_ZTVN2ox3gui16IGUITabButtonRowE,11,0x000aaf10,_ZN2ox3gui11IGUIElement4drawEv
_ZTVN2ox3gui16IGUITabButtonRowE,12,0x000aafc2,_ZN2ox3gui11IGUIElement4moveENS_4core11CPosition2dIiEE
_ZTVN2ox3gui16IGUITabButtonRowE,13,0x000aafea,_ZN2ox3gui11IGUIElement6moveToENS_4core11CPosition2dIiEE
_ZTVN2ox3gui16IGUITabButtonRowE,14,0x000ab034,_ZN2ox3gui11IGUIElement12centerOnRectERKNS_4core5CRectIiEE
_ZTVN2ox3gui16IGUITabButtonRowE,15,0x000ab08a,_ZN2ox3gui11IGUIElement14centerOnParentEv
_ZTVN2ox3gui16IGUITabButtonRowE,16,0x000ab0c6,_ZN2ox3gui11IGUIElement9isVisibleEv
_ZTVN2ox3gui16IGUITabButtonRowE,17,0x000ab0d6,_ZN2ox3gui11IGUIElement10setVisibleEb
_ZTVN2ox3gui16IGUITabButtonRowE,18,0x000ab0e4,_ZN2ox3gui11IGUIElement9isEnabledEv
_ZTVN2ox3gui16IGUITabButtonRowE,19,0x000ab0f4,_ZN2ox3gui11IGUIElement10setEnabledEb
_ZTVN2ox3gui16IGUITabButtonRowE,20,0x000ab12e,_ZN2ox3gui11IGUIElement7isFixedEv
_ZTVN2ox3gui16IGUITabButtonRowE,21,0x000ab13e,_ZN2ox3gui11IGUIElement8setFixedEb
_ZTVN2ox3gui16IGUITabButtonRowE,22,0x000ab14c,_ZN2ox3gui11IGUIElement11isInvisibleEv
_ZTVN2ox3gui16IGUITabButtonRowE,23,0x000ab15c,_ZN2ox3gui11IGUIElement12setInvisibleEb
_ZTVN2ox3gui16IGUITabButtonRowE,24,0x000ab16a,_ZN2ox3gui11IGUIElement16doesReportOnDrawEv
_ZTVN2ox3gui16IGUITabButtonRowE,25,0x000ab17c,_ZN2ox3gui11IGUIElement15setReportOnDrawEi
_ZTVN2ox3gui16IGUITabButtonRowE,26,0x000ab18a,_ZN2ox3gui11IGUIElement7setTextEPKw
_ZTVN2ox3gui16IGUITabButtonRowE,27,0x000ab1aa,_ZNK2ox3gui11IGUIElement7getTextEv
_ZTVN2ox3gui16IGUITabButtonRowE,28,0x000ab1b6,_ZN2ox3gui11IGUIElement5getIDEv
_ZTVN2ox3gui16IGUITabButtonRowE,29,0x000ab1c2,_ZN2ox3gui11IGUIElement5setIDEi
_ZTVN2ox3gui16IGUITabButtonRowE,30,0x000ab1d0,_ZN2ox3gui11IGUIElement7getTypeEv
_ZTVN2ox3gui16IGUITabButtonRowE,31,0x000ae556,_ZN2ox3gui11IGUIElement7OnEventERKNS_5event6SEventE
_ZTVN2ox3gui16IGUITabButtonRowE,32,0x000ab1dc,_ZN2ox3gui11IGUIElement22OnEventInNonFocusStateERKNS_5event6SEventE
_ZTVN2ox3gui16IGUITabButtonRowE,33,0x000ab218,_ZN2ox3gui11IGUIElement12bringToFrontEPS1_
_ZTVN2ox3gui16IGUITabButtonRowE,34,0x000ab270,_ZN2ox3gui11IGUIElement11getChildrenEv
_ZTVN2ox3gui16IGUITabButtonRowE,35,0x000ab27c,_ZN2ox3gui11IGUIElement16getElementFromIdEib
_ZTVN2ox3gui16IGUITabButtonRowE,36,0x000ab2d8,_ZN2ox3gui11IGUIElement12getHoverItemEv
_ZTVN2ox3gui16IGUITabButtonRowE,37,0x000ab2e4,_ZN2ox3gui11IGUIElement12setHoverItemEPS1_
_ZTVN2ox3gui16IGUITabButtonRowE,38,0x000ab334,_ZN2ox3gui11IGUIElement16getPreferredSizeEv
_ZTVN2ox3gui16IGUITabButtonRowE,39,0x00000000,__cxa_pure_virtual
_ZTVN2ox3gui16IGUITabButtonRowE,40,0x00000000,__cxa_pure_virtual
_ZTVN2ox3gui16IGUITabButtonRowE,41,0x00000000,__cxa_pure_virtual
_ZTVN2ox3gui16IGUITabButtonRowE,42,0x00000000,__cxa_pure_virtual
_ZTVN2ox3gui16IGUITabButtonRowE,43,0x00000000,__cxa_pure_virtual
_ZTVN2ox3gui16IGUITabButtonRowE,44,0x00000000,__cxa_pure_virtual
_ZTVN2ox3gui16IGUITabButtonRowE,45,0x00000000,__cxa_pure_virtual
_ZTVN2ox3gui16IGUITabButtonRowE,46,0x00000000,__cxa_pure_virtual
_ZTVN2ox3gui16IGUITabButtonRowE,47,0x00000000,__cxa_pure_virtual
_ZTVN2ox3gui16IGUITabButtonRowE,48,0x00000000,__cxa_pure_virtual
_ZTVN2ox3gui16IGUITabButtonRowE,49,0xfffffff4,
_ZTVN2ox3gui16IGUITabButtonRowE,50,0x0025f5b8,_ZTIN2ox3gui16IGUITabButtonRowE
_ZTVN2ox3gui16IGUITabButtonRowE,51,0x000ae5a0,_ZThn12_N2ox3gui11IGUIElement7OnEventERKNS_5event6SEventE
_ZTVN2ox3gui16IGUITabButtonRowE,52,0x000bc2c4,_ZThn12_N2ox3gui16IGUITabButtonRowD1Ev
_ZTVN2ox3gui16IGUITabButtonRowE,53,0x000bc2dd,_ZThn12_N2ox3gui16IGUITabButtonRowD0Ev
_ZTVN2ox3gui16IGUITabButtonRowE,54,0x00000000,
_ZTVN2ox3gui16IGUITabButtonRowE,55,0x00000000,
_ZTVN2ox3gui14IGUITabControlE,0,0x00000000,
_ZTVN2ox3gui14IGUITabControlE,1,0x0025f5a8,_ZTIN2ox3gui14IGUITabControlE
_ZTVN2ox3gui14IGUITabControlE,2,0x000bc2f6,_ZN2ox3gui14IGUITabControlD1Ev
_ZTVN2ox3gui14IGUITabControlE,3,0x000bc300,_ZN2ox3gui14IGUITabControlD0Ev
_ZTVN2ox3gui14IGUITabControlE,4,0x000aac06,_ZN2ox3gui11IGUIElement19setRelativePositionERKNS_4core5CRectIiEE
_ZTVN2ox3gui14IGUITabControlE,5,0x000ae4ba,_ZN2ox3gui11IGUIElement29getParentAbsoluteClippingRectEb
_ZTVN2ox3gui14IGUITabControlE,6,0x000aad94,_ZN2ox3gui11IGUIElement22updateAbsolutePositionEv
_ZTVN2ox3gui14IGUITabControlE,7,0x000aaa08,_ZN2ox3gui11IGUIElement8addChildEPS1_
_ZTVN2ox3gui14IGUITabControlE,8,0x000ae510,_ZN2ox3gui11IGUIElement11removeChildEPS1_
_ZTVN2ox3gui14IGUITabControlE,9,0x000aae9e,_ZN2ox3gui11IGUIElement17removeAllChildrenEv
_ZTVN2ox3gui14IGUITabControlE,10,0x00173520,_ZN2ox3gui11IGUIElement6removeEv
_ZTVN2ox3gui14IGUITabControlE,11,0x000aaf10,_ZN2ox3gui11IGUIElement4drawEv
_ZTVN2ox3gui14IGUITabControlE,12,0x000aafc2,_ZN2ox3gui11IGUIElement4moveENS_4core11CPosition2dIiEE
_ZTVN2ox3gui14IGUITabControlE,13,0x000aafea,_ZN2ox3gui11IGUIElement6moveToENS_4core11CPosition2dIiEE
_ZTVN2ox3gui14IGUITabControlE,14,0x000ab034,_ZN2ox3gui11IGUIElement12centerOnRectERKNS_4core5CRectIiEE
_ZTVN2ox3gui14IGUITabControlE,15,0x000ab08a,_ZN2ox3gui11IGUIElement14centerOnParentEv
_ZTVN2ox3gui14IGUITabControlE,16,0x000ab0c6,_ZN2ox3gui11IGUIElement9isVisibleEv
_ZTVN2ox3gui14IGUITabControlE,17,0x000ab0d6,_ZN2ox3gui11IGUIElement10setVisibleEb
_ZTVN2ox3gui14IGUITabControlE,18,0x000ab0e4,_ZN2ox3gui11IGUIElement9isEnabledEv
_ZTVN2ox3gui14IGUITabControlE,19,0x000ab0f4,_ZN2ox3gui11IGUIElement10setEnabledEb
_ZTVN2ox3gui14IGUITabControlE,20,0x000ab12e,_ZN2ox3gui11IGUIElement7isFixedEv
_ZTVN2ox3gui14IGUITabControlE,21,0x000ab13e,_ZN2ox3gui11IGUIElement8setFixedEb
_ZTVN2ox3gui14IGUITabControlE,22,0x000ab14c,_ZN2ox3gui11IGUIElement11isInvisibleEv
_ZTVN2ox3gui14IGUITabControlE,23,0x000ab15c,_ZN2ox3gui11IGUIElement12setInvisibleEb
_ZTVN2ox3gui14IGUITabControlE,24,0x000ab16a,_ZN2ox3gui11IGUIElement16doesReportOnDrawEv
_ZTVN2ox3gui14IGUITabControlE,25,0x000ab17c,_ZN2ox3gui11IGUIElement15setReportOnDrawEi
_ZTVN2ox3gui14IGUITabControlE,26,0x000ab18a,_ZN2ox3gui11IGUIElement7setTextEPKw
_ZTVN2ox3gui14IGUITabControlE,27,0x000ab1aa,_ZNK2ox3gui11IGUIElement7getTextEv
_ZTVN2ox3gui14IGUITabControlE,28,0x000ab1b6,_ZN2ox3gui11IGUIElement5getIDEv
_ZTVN2ox3gui14IGUITabControlE,29,0x000ab1c2,_ZN2ox3gui11IGUIElement5setIDEi
_ZTVN2ox3gui14IGUITabControlE,30,0x000ab1d0,_ZN2ox3gui11IGUIElement7getTypeEv
_ZTVN2ox3gui14IGUITabControlE,31,0x000ae556,_ZN2ox3gui11IGUIElement7OnEventERKNS_5event6SEventE
_ZTVN2ox3gui14IGUITabControlE,32,0x000ab1dc,_ZN2ox3gui11IGUIElement22OnEventInNonFocusStateERKNS_5event6SEventE
_ZTVN2ox3gui14IGUITabControlE,33,0x000ab218,_ZN2ox3gui11IGUIElement12bringToFrontEPS1_
_ZTVN2ox3gui14IGUITabControlE,34,0x000ab270,_ZN2ox3gui11IGUIElement11getChildrenEv
_ZTVN2ox3gui14IGUITabControlE,35,0x000ab27c,_ZN2ox3gui11IGUIElement16getElementFromIdEib
_ZTVN2ox3gui14IGUITabControlE,36,0x000ab2d8,_ZN2ox3gui11IGUIElement12getHoverItemEv
_ZTVN2ox3gui14IGUITabControlE,37,0x000ab2e4,_ZN2ox3gui11IGUIElement12setHoverItemEPS1_
_ZTVN2ox3gui14IGUITabControlE,38,0x000ab334,_ZN2ox3gui11IGUIElement16getPreferredSizeEv
_ZTVN2ox3gui14IGUITabControlE,39,0x00000000,__cxa_pure_virtual
_ZTVN2ox3gui14IGUITabControlE,40,0x00000000,__cxa_pure_virtual
_ZTVN2ox3gui14IGUITabControlE,41,0x00000000,__cxa_pure_virtual
_ZTVN2ox3gui14IGUITabControlE,42,0x00000000,__cxa_pure_virtual
_ZTVN2ox3gui14IGUITabControlE,43,0x00000000,__cxa_pure_virtual
_ZTVN2ox3gui14IGUITabControlE,44,0x00000000,__cxa_pure_virtual
_ZTVN2ox3gui14IGUITabControlE,45,0x00000000,__cxa_pure_virtual
_ZTVN2ox3gui14IGUITabControlE,46,0xfffffff4,
_ZTVN2ox3gui14IGUITabControlE,47,0x0025f5a8,_ZTIN2ox3gui14IGUITabControlE
_ZTVN2ox3gui14IGUITabControlE,48,0x000ae5a0,_ZThn12_N2ox3gui11IGUIElement7OnEventERKNS_5event6SEventE
_ZTVN2ox3gui14IGUITabControlE,49,0x000bc330,_ZThn12_N2ox3gui14IGUITabControlD1Ev
_ZTVN2ox3gui14IGUITabControlE,50,0x000bc349,_ZThn12_N2ox3gui14IGUITabControlD0Ev
_ZTVN2ox3gui14IGUITabControlE,51,0x00000000,
_ZTVN2ox3gui7IGUITabE,0,0x00000000,
_ZTVN2ox3gui7IGUITabE,1,0x0025f598,_ZTIN2ox3gui7IGUITabE
_ZTVN2ox3gui7IGUITabE,2,0x000bc362,_ZN2ox3gui7IGUITabD1Ev
_ZTVN2ox3gui7IGUITabE,3,0x000bc36c,_ZN2ox3gui7IGUITabD0Ev
_ZTVN2ox3gui7IGUITabE,4,0x000aac06,_ZN2ox3gui11IGUIElement19setRelativePositionERKNS_4core5CRectIiEE
_ZTVN2ox3gui7IGUITabE,5,0x000aac8a,_ZN2ox3gui10IGUILayout29getParentAbsoluteClippingRectEb
_ZTVN2ox3gui7IGUITabE,6,0x000aad94,_ZN2ox3gui11IGUIElement22updateAbsolutePositionEv
_ZTVN2ox3gui7IGUITabE,7,0x000aaa08,_ZN2ox3gui11IGUIElement8addChildEPS1_
_ZTVN2ox3gui7IGUITabE,8,0x000ae510,_ZN2ox3gui11IGUIElement11removeChildEPS1_
_ZTVN2ox3gui7IGUITabE,9,0x000aae9e,_ZN2ox3gui11IGUIElement17removeAllChildrenEv
_ZTVN2ox3gui7IGUITabE,10,0x00173520,_ZN2ox3gui11IGUIElement6removeEv
_ZTVN2ox3gui7IGUITabE,11,0x000aaf10,_ZN2ox3gui11IGUIElement4drawEv
_ZTVN2ox3gui7IGUITabE,12,0x000aafc2,_ZN2ox3gui11IGUIElement4moveENS_4core11CPosition2dIiEE
_ZTVN2ox3gui7IGUITabE,13,0x000aafea,_ZN2ox3gui11IGUIElement6moveToENS_4core11CPosition2dIiEE
_ZTVN2ox3gui7IGUITabE,14,0x000ab034,_ZN2ox3gui11IGUIElement12centerOnRectERKNS_4core5CRectIiEE
_ZTVN2ox3gui7IGUITabE,15,0x000ab08a,_ZN2ox3gui11IGUIElement14centerOnParentEv
_ZTVN2ox3gui7IGUITabE,16,0x000ab0c6,_ZN2ox3gui11IGUIElement9isVisibleEv
_ZTVN2ox3gui7IGUITabE,17,0x000ab0d6,_ZN2ox3gui11IGUIElement10setVisibleEb
_ZTVN2ox3gui7IGUITabE,18,0x000ab0e4,_ZN2ox3gui11IGUIElement9isEnabledEv
_ZTVN2ox3gui7IGUITabE,19,0x000ab0f4,_ZN2ox3gui11IGUIElement10setEnabledEb
_ZTVN2ox3gui7IGUITabE,20,0x000ab12e,_ZN2ox3gui11IGUIElement7isFixedEv
_ZTVN2ox3gui7IGUITabE,21,0x000ab13e,_ZN2ox3gui11IGUIElement8setFixedEb
_ZTVN2ox3gui7IGUITabE,22,0x000ab14c,_ZN2ox3gui11IGUIElement11isInvisibleEv
_ZTVN2ox3gui7IGUITabE,23,0x000ab15c,_ZN2ox3gui11IGUIElement12setInvisibleEb
_ZTVN2ox3gui7IGUITabE,24,0x000ab16a,_ZN2ox3gui11IGUIElement16doesReportOnDrawEv
_ZTVN2ox3gui7IGUITabE,25,0x000ab17c,_ZN2ox3gui11IGUIElement15setReportOnDrawEi
_ZTVN2ox3gui7IGUITabE,26,0x000ab18a,_ZN2ox3gui11IGUIElement7setTextEPKw
_ZTVN2ox3gui7IGUITabE,27,0x000ab1aa,_ZNK2ox3gui11IGUIElement7getTextEv
_ZTVN2ox3gui7IGUITabE,28,0x000ab1b6,_ZN2ox3gui11IGUIElement5getIDEv
_ZTVN2ox3gui7IGUITabE,29,0x000ab1c2,_ZN2ox3gui11IGUIElement5setIDEi
_ZTVN2ox3gui7IGUITabE,30,0x000ab1d0,_ZN2ox3gui11IGUIElement7getTypeEv
_ZTVN2ox3gui7IGUITabE,31,0x000ae556,_ZN2ox3gui11IGUIElement7OnEventERKNS_5event6SEventE
_ZTVN2ox3gui7IGUITabE,32,0x000ab1dc,_ZN2ox3gui11IGUIElement22OnEventInNonFocusStateERKNS_5event6SEventE
_ZTVN2ox3gui7IGUITabE,33,0x000ab218,_ZN2ox3gui11IGUIElement12bringToFrontEPS1_
_ZTVN2ox3gui7IGUITabE,34,0x000ab270,_ZN2ox3gui11IGUIElement11getChildrenEv
_ZTVN2ox3gui7IGUITabE,35,0x000ab27c,_ZN2ox3gui11IGUIElement16getElementFromIdEib
_ZTVN2ox3gui7IGUITabE,36,0x000ab2d8,_ZN2ox3gui11IGUIElement12getHoverItemEv
_ZTVN2ox3gui7IGUITabE,37,0x000ab2e4,_ZN2ox3gui11IGUIElement12setHoverItemEPS1_
_ZTVN2ox3gui7IGUITabE,38,0x000ab334,_ZN2ox3gui11IGUIElement16getPreferredSizeEv
_ZTVN2ox3gui7IGUITabE,39,0x000ab352,_ZN2ox3gui10IGUILayout8sortFlowEiibb
_ZTVN2ox3gui7IGUITabE,40,0x000ab5cc,_ZN2ox3gui10IGUILayout14sortVerticallyEib
_ZTVN2ox3gui7IGUITabE,41,0x000ab6c2,_ZN2ox3gui10IGUILayout16sortHorizontallyEi
_ZTVN2ox3gui7IGUITabE,42,0x000ab7a2,_ZN2ox3gui10IGUILayout9sortRiverEbiib
_ZTVN2ox3gui7IGUITabE,43,0x000ac424,_ZN2ox3gui10IGUILayout14getContentAreaEv
_ZTVN2ox3gui7IGUITabE,44,0x000ac450,_ZN2ox3gui10IGUILayout28updateChildrenForContentAreaEv
_ZTVN2ox3gui7IGUITabE,45,0x00000000,__cxa_pure_virtual
_ZTVN2ox3gui7IGUITabE,46,0x00000000,__cxa_pure_virtual
_ZTVN2ox3gui7IGUITabE,47,0x00000000,__cxa_pure_virtual
_ZTVN2ox3gui7IGUITabE,48,0xfffffff4,
_ZTVN2ox3gui7IGUITabE,49,0x0025f598,_ZTIN2ox3gui7IGUITabE
_ZTVN2ox3gui7IGUITabE,50,0x000ae5a0,_ZThn12_N2ox3gui11IGUIElement7OnEventERKNS_5event6SEventE
_ZTVN2ox3gui7IGUITabE,51,0x000bc39c,_ZThn12_N2ox3gui7IGUITabD1Ev
_ZTVN2ox3gui7IGUITabE,52,0x000bc3b5,_ZThn12_N2ox3gui7IGUITabD0Ev
_ZTVN2ox3gui7IGUITabE,53,0x00000000,
_ZTVN2ox3gui7IGUITabE,54,0x00000000,
_ZTVN2ox3gui7IGUITabE,55,0x00000000,
_ZTVN2ox3gui7IGUITabE,56,0x00000000,
_ZTVN2ox3gui7IGUITabE,57,0x00000000,
_ZTVN2ox3gui11IGUIToolBarE,0,0x00000000,
_ZTVN2ox3gui11IGUIToolBarE,1,0x0025f868,_ZTIN2ox3gui11IGUIToolBarE
_ZTVN2ox3gui11IGUIToolBarE,2,0x000bc772,_ZN2ox3gui11IGUIToolBarD1Ev
_ZTVN2ox3gui11IGUIToolBarE,3,0x000bc77c,_ZN2ox3gui11IGUIToolBarD0Ev
_ZTVN2ox3gui11IGUIToolBarE,4,0x000aac06,_ZN2ox3gui11IGUIElement19setRelativePositionERKNS_4core5CRectIiEE
_ZTVN2ox3gui11IGUIToolBarE,5,0x000ae4ba,_ZN2ox3gui11IGUIElement29getParentAbsoluteClippingRectEb
_ZTVN2ox3gui11IGUIToolBarE,6,0x000aad94,_ZN2ox3gui11IGUIElement22updateAbsolutePositionEv
_ZTVN2ox3gui11IGUIToolBarE,7,0x000aaa08,_ZN2ox3gui11IGUIElement8addChildEPS1_
_ZTVN2ox3gui11IGUIToolBarE,8,0x000ae510,_ZN2ox3gui11IGUIElement11removeChildEPS1_
_ZTVN2ox3gui11IGUIToolBarE,9,0x000aae9e,_ZN2ox3gui11IGUIElement17removeAllChildrenEv
_ZTVN2ox3gui11IGUIToolBarE,10,0x00173520,_ZN2ox3gui11IGUIElement6removeEv
_ZTVN2ox3gui11IGUIToolBarE,11,0x000aaf10,_ZN2ox3gui11IGUIElement4drawEv
_ZTVN2ox3gui11IGUIToolBarE,12,0x000aafc2,_ZN2ox3gui11IGUIElement4moveENS_4core11CPosition2dIiEE
_ZTVN2ox3gui11IGUIToolBarE,13,0x000aafea,_ZN2ox3gui11IGUIElement6moveToENS_4core11CPosition2dIiEE
_ZTVN2ox3gui11IGUIToolBarE,14,0x000ab034,_ZN2ox3gui11IGUIElement12centerOnRectERKNS_4core5CRectIiEE
_ZTVN2ox3gui11IGUIToolBarE,15,0x000ab08a,_ZN2ox3gui11IGUIElement14centerOnParentEv
_ZTVN2ox3gui11IGUIToolBarE,16,0x000ab0c6,_ZN2ox3gui11IGUIElement9isVisibleEv
_ZTVN2ox3gui11IGUIToolBarE,17,0x000ab0d6,_ZN2ox3gui11IGUIElement10setVisibleEb
_ZTVN2ox3gui11IGUIToolBarE,18,0x000ab0e4,_ZN2ox3gui11IGUIElement9isEnabledEv
_ZTVN2ox3gui11IGUIToolBarE,19,0x000ab0f4,_ZN2ox3gui11IGUIElement10setEnabledEb
_ZTVN2ox3gui11IGUIToolBarE,20,0x000ab12e,_ZN2ox3gui11IGUIElement7isFixedEv
_ZTVN2ox3gui11IGUIToolBarE,21,0x000ab13e,_ZN2ox3gui11IGUIElement8setFixedEb
_ZTVN2ox3gui11IGUIToolBarE,22,0x000ab14c,_ZN2ox3gui11IGUIElement11isInvisibleEv
_ZTVN2ox3gui11IGUIToolBarE,23,0x000ab15c,_ZN2ox3gui11IGUIElement12setInvisibleEb
_ZTVN2ox3gui11IGUIToolBarE,24,0x000ab16a,_ZN2ox3gui11IGUIElement16doesReportOnDrawEv
_ZTVN2ox3gui11IGUIToolBarE,25,0x000ab17c,_ZN2ox3gui11IGUIElement15setReportOnDrawEi
_ZTVN2ox3gui11IGUIToolBarE,26,0x000ab18a,_ZN2ox3gui11IGUIElement7setTextEPKw
_ZTVN2ox3gui11IGUIToolBarE,27,0x000ab1aa,_ZNK2ox3gui11IGUIElement7getTextEv
_ZTVN2ox3gui11IGUIToolBarE,28,0x000ab1b6,_ZN2ox3gui11IGUIElement5getIDEv
_ZTVN2ox3gui11IGUIToolBarE,29,0x000ab1c2,_ZN2ox3gui11IGUIElement5setIDEi
_ZTVN2ox3gui11IGUIToolBarE,30,0x000ab1d0,_ZN2ox3gui11IGUIElement7getTypeEv
_ZTVN2ox3gui11IGUIToolBarE,31,0x000ae556,_ZN2ox3gui11IGUIElement7OnEventERKNS_5event6SEventE
_ZTVN2ox3gui11IGUIToolBarE,32,0x000ab1dc,_ZN2ox3gui11IGUIElement22OnEventInNonFocusStateERKNS_5event6SEventE
_ZTVN2ox3gui11IGUIToolBarE,33,0x000ab218,_ZN2ox3gui11IGUIElement12bringToFrontEPS1_
_ZTVN2ox3gui11IGUIToolBarE,34,0x000ab270,_ZN2ox3gui11IGUIElement11getChildrenEv
_ZTVN2ox3gui11IGUIToolBarE,35,0x000ab27c,_ZN2ox3gui11IGUIElement16getElementFromIdEib
_ZTVN2ox3gui11IGUIToolBarE,36,0x000ab2d8,_ZN2ox3gui11IGUIElement12getHoverItemEv
_ZTVN2ox3gui11IGUIToolBarE,37,0x000ab2e4,_ZN2ox3gui11IGUIElement12setHoverItemEPS1_
_ZTVN2ox3gui11IGUIToolBarE,38,0x000ab334,_ZN2ox3gui11IGUIElement16getPreferredSizeEv
_ZTVN2ox3gui11IGUIToolBarE,39,0x00000000,__cxa_pure_virtual
_ZTVN2ox3gui11IGUIToolBarE,40,0xfffffff4,
_ZTVN2ox3gui11IGUIToolBarE,41,0x0025f868,_ZTIN2ox3gui11IGUIToolBarE
_ZTVN2ox3gui11IGUIToolBarE,42,0x000ae5a0,_ZThn12_N2ox3gui11IGUIElement7OnEventERKNS_5event6SEventE
_ZTVN2ox3gui11IGUIToolBarE,43,0x000bc7ac,_ZThn12_N2ox3gui11IGUIToolBarD1Ev
_ZTVN2ox3gui11IGUIToolBarE,44,0x000bc7c5,_ZThn12_N2ox3gui11IGUIToolBarD0Ev
_ZTVN2ox3gui11IGUIToolBarE,45,0x00000000,
_ZTVN2ox3gui19IGUIDetachableFrameE,0,0x00000000,
_ZTVN2ox3gui19IGUIDetachableFrameE,1,0x0025f948,_ZTIN2ox3gui19IGUIDetachableFrameE
_ZTVN2ox3gui19IGUIDetachableFrameE,2,0x000c09fa,_ZN2ox3gui19IGUIDetachableFrameD1Ev
_ZTVN2ox3gui19IGUIDetachableFrameE,3,0x000c0a04,_ZN2ox3gui19IGUIDetachableFrameD0Ev
_ZTVN2ox3gui19IGUIDetachableFrameE,4,0x000aac06,_ZN2ox3gui11IGUIElement19setRelativePositionERKNS_4core5CRectIiEE
_ZTVN2ox3gui19IGUIDetachableFrameE,5,0x000aac8a,_ZN2ox3gui10IGUILayout29getParentAbsoluteClippingRectEb
_ZTVN2ox3gui19IGUIDetachableFrameE,6,0x000aad94,_ZN2ox3gui11IGUIElement22updateAbsolutePositionEv
_ZTVN2ox3gui19IGUIDetachableFrameE,7,0x000aaa08,_ZN2ox3gui11IGUIElement8addChildEPS1_
_ZTVN2ox3gui19IGUIDetachableFrameE,8,0x000ae510,_ZN2ox3gui11IGUIElement11removeChildEPS1_
_ZTVN2ox3gui19IGUIDetachableFrameE,9,0x000aae9e,_ZN2ox3gui11IGUIElement17removeAllChildrenEv
_ZTVN2ox3gui19IGUIDetachableFrameE,10,0x00173520,_ZN2ox3gui11IGUIElement6removeEv
_ZTVN2ox3gui19IGUIDetachableFrameE,11,0x000aaf10,_ZN2ox3gui11IGUIElement4drawEv
_ZTVN2ox3gui19IGUIDetachableFrameE,12,0x000aafc2,_ZN2ox3gui11IGUIElement4moveENS_4core11CPosition2dIiEE
_ZTVN2ox3gui19IGUIDetachableFrameE,13,0x000aafea,_ZN2ox3gui11IGUIElement6moveToENS_4core11CPosition2dIiEE
_ZTVN2ox3gui19IGUIDetachableFrameE,14,0x000ab034,_ZN2ox3gui11IGUIElement12centerOnRectERKNS_4core5CRectIiEE
_ZTVN2ox3gui19IGUIDetachableFrameE,15,0x000ab08a,_ZN2ox3gui11IGUIElement14centerOnParentEv
_ZTVN2ox3gui19IGUIDetachableFrameE,16,0x000ab0c6,_ZN2ox3gui11IGUIElement9isVisibleEv
_ZTVN2ox3gui19IGUIDetachableFrameE,17,0x000ab0d6,_ZN2ox3gui11IGUIElement10setVisibleEb
_ZTVN2ox3gui19IGUIDetachableFrameE,18,0x000ab0e4,_ZN2ox3gui11IGUIElement9isEnabledEv
_ZTVN2ox3gui19IGUIDetachableFrameE,19,0x000ab0f4,_ZN2ox3gui11IGUIElement10setEnabledEb
_ZTVN2ox3gui19IGUIDetachableFrameE,20,0x000ab12e,_ZN2ox3gui11IGUIElement7isFixedEv
_ZTVN2ox3gui19IGUIDetachableFrameE,21,0x000ab13e,_ZN2ox3gui11IGUIElement8setFixedEb
_ZTVN2ox3gui19IGUIDetachableFrameE,22,0x000ab14c,_ZN2ox3gui11IGUIElement11isInvisibleEv
_ZTVN2ox3gui19IGUIDetachableFrameE,23,0x000ab15c,_ZN2ox3gui11IGUIElement12setInvisibleEb
_ZTVN2ox3gui19IGUIDetachableFrameE,24,0x000ab16a,_ZN2ox3gui11IGUIElement16doesReportOnDrawEv
_ZTVN2ox3gui19IGUIDetachableFrameE,25,0x000ab17c,_ZN2ox3gui11IGUIElement15setReportOnDrawEi
_ZTVN2ox3gui19IGUIDetachableFrameE,26,0x000ab18a,_ZN2ox3gui11IGUIElement7setTextEPKw
_ZTVN2ox3gui19IGUIDetachableFrameE,27,0x000ab1aa,_ZNK2ox3gui11IGUIElement7getTextEv
_ZTVN2ox3gui19IGUIDetachableFrameE,28,0x000ab1b6,_ZN2ox3gui11IGUIElement5getIDEv
_ZTVN2ox3gui19IGUIDetachableFrameE,29,0x000ab1c2,_ZN2ox3gui11IGUIElement5setIDEi
_ZTVN2ox3gui19IGUIDetachableFrameE,30,0x000ab1d0,_ZN2ox3gui11IGUIElement7getTypeEv
_ZTVN2ox3gui19IGUIDetachableFrameE,31,0x000ae556,_ZN2ox3gui11IGUIElement7OnEventERKNS_5event6SEventE
_ZTVN2ox3gui19IGUIDetachableFrameE,32,0x000ab1dc,_ZN2ox3gui11IGUIElement22OnEventInNonFocusStateERKNS_5event6SEventE
_ZTVN2ox3gui19IGUIDetachableFrameE,33,0x000ab218,_ZN2ox3gui11IGUIElement12bringToFrontEPS1_
_ZTVN2ox3gui19IGUIDetachableFrameE,34,0x000ab270,_ZN2ox3gui11IGUIElement11getChildrenEv
_ZTVN2ox3gui19IGUIDetachableFrameE,35,0x000ab27c,_ZN2ox3gui11IGUIElement16getElementFromIdEib
_ZTVN2ox3gui19IGUIDetachableFrameE,36,0x000ab2d8,_ZN2ox3gui11IGUIElement12getHoverItemEv
_ZTVN2ox3gui19IGUIDetachableFrameE,37,0x000ab2e4,_ZN2ox3gui11IGUIElement12setHoverItemEPS1_
_ZTVN2ox3gui19IGUIDetachableFrameE,38,0x000ab334,_ZN2ox3gui11IGUIElement16getPreferredSizeEv
_ZTVN2ox3gui19IGUIDetachableFrameE,39,0x000ab352,_ZN2ox3gui10IGUILayout8sortFlowEiibb
_ZTVN2ox3gui19IGUIDetachableFrameE,40,0x000ab5cc,_ZN2ox3gui10IGUILayout14sortVerticallyEib
_ZTVN2ox3gui19IGUIDetachableFrameE,41,0x000ab6c2,_ZN2ox3gui10IGUILayout16sortHorizontallyEi
_ZTVN2ox3gui19IGUIDetachableFrameE,42,0x000ab7a2,_ZN2ox3gui10IGUILayout9sortRiverEbiib
_ZTVN2ox3gui19IGUIDetachableFrameE,43,0x000ac424,_ZN2ox3gui10IGUILayout14getContentAreaEv
_ZTVN2ox3gui19IGUIDetachableFrameE,44,0x000ac450,_ZN2ox3gui10IGUILayout28updateChildrenForContentAreaEv
_ZTVN2ox3gui19IGUIDetachableFrameE,45,0x00000000,__cxa_pure_virtual
_ZTVN2ox3gui19IGUIDetachableFrameE,46,0x00000000,__cxa_pure_virtual
_ZTVN2ox3gui19IGUIDetachableFrameE,47,0x00000000,__cxa_pure_virtual
_ZTVN2ox3gui19IGUIDetachableFrameE,48,0x00000000,__cxa_pure_virtual
_ZTVN2ox3gui19IGUIDetachableFrameE,49,0x00000000,__cxa_pure_virtual
_ZTVN2ox3gui19IGUIDetachableFrameE,50,0x00000000,__cxa_pure_virtual
_ZTVN2ox3gui19IGUIDetachableFrameE,51,0x00000000,__cxa_pure_virtual
_ZTVN2ox3gui19IGUIDetachableFrameE,52,0x00000000,__cxa_pure_virtual
_ZTVN2ox3gui19IGUIDetachableFrameE,53,0x00000000,__cxa_pure_virtual
_ZTVN2ox3gui19IGUIDetachableFrameE,54,0x00000000,__cxa_pure_virtual
_ZTVN2ox3gui19IGUIDetachableFrameE,55,0x00000000,__cxa_pure_virtual
_ZTVN2ox3gui19IGUIDetachableFrameE,56,0xfffffff4,
_ZTVN2ox3gui19IGUIDetachableFrameE,57,0x0025f948,_ZTIN2ox3gui19IGUIDetachableFrameE
_ZTVN2ox3gui19IGUIDetachableFrameE,58,0x000ae5a0,_ZThn12_N2ox3gui11IGUIElement7OnEventERKNS_5event6SEventE
_ZTVN2ox3gui19IGUIDetachableFrameE,59,0x000c0a34,_ZThn12_N2ox3gui19IGUIDetachableFrameD1Ev
_ZTVN2ox3gui19IGUIDetachableFrameE,60,0x000c0a4d,_ZThn12_N2ox3gui19IGUIDetachableFrameD0Ev
_ZTVN2ox3gui19IGUIDetachableFrameE,61,0x00000000,
_ZTVN2ox3gui19IGUIDetachableFrameE,62,0x00000000,
_ZTVN2ox3gui19IGUIDetachableFrameE,63,0x00000000,
_ZTVN2ox3gui10IGUIWindowE,0,0x00000000,
_ZTVN2ox3gui10IGUIWindowE,1,0x0025f938,_ZTIN2ox3gui10IGUIWindowE
_ZTVN2ox3gui10IGUIWindowE,2,0x000c0a66,_ZN2ox3gui10IGUIWindowD1Ev
_ZTVN2ox3gui10IGUIWindowE,3,0x000c0a70,_ZN2ox3gui10IGUIWindowD0Ev
_ZTVN2ox3gui10IGUIWindowE,4,0x000aac06,_ZN2ox3gui11IGUIElement19setRelativePositionERKNS_4core5CRectIiEE
_ZTVN2ox3gui10IGUIWindowE,5,0x000aac8a,_ZN2ox3gui10IGUILayout29getParentAbsoluteClippingRectEb
_ZTVN2ox3gui10IGUIWindowE,6,0x000aad94,_ZN2ox3gui11IGUIElement22updateAbsolutePositionEv
_ZTVN2ox3gui10IGUIWindowE,7,0x000aaa08,_ZN2ox3gui11IGUIElement8addChildEPS1_
_ZTVN2ox3gui10IGUIWindowE,8,0x000ae510,_ZN2ox3gui11IGUIElement11removeChildEPS1_
_ZTVN2ox3gui10IGUIWindowE,9,0x000aae9e,_ZN2ox3gui11IGUIElement17removeAllChildrenEv
_ZTVN2ox3gui10IGUIWindowE,10,0x00173520,_ZN2ox3gui11IGUIElement6removeEv
_ZTVN2ox3gui10IGUIWindowE,11,0x000aaf10,_ZN2ox3gui11IGUIElement4drawEv
_ZTVN2ox3gui10IGUIWindowE,12,0x000aafc2,_ZN2ox3gui11IGUIElement4moveENS_4core11CPosition2dIiEE
_ZTVN2ox3gui10IGUIWindowE,13,0x000aafea,_ZN2ox3gui11IGUIElement6moveToENS_4core11CPosition2dIiEE
_ZTVN2ox3gui10IGUIWindowE,14,0x000ab034,_ZN2ox3gui11IGUIElement12centerOnRectERKNS_4core5CRectIiEE
_ZTVN2ox3gui10IGUIWindowE,15,0x000ab08a,_ZN2ox3gui11IGUIElement14centerOnParentEv
_ZTVN2ox3gui10IGUIWindowE,16,0x000ab0c6,_ZN2ox3gui11IGUIElement9isVisibleEv
_ZTVN2ox3gui10IGUIWindowE,17,0x000ab0d6,_ZN2ox3gui11IGUIElement10setVisibleEb
_ZTVN2ox3gui10IGUIWindowE,18,0x000ab0e4,_ZN2ox3gui11IGUIElement9isEnabledEv
_ZTVN2ox3gui10IGUIWindowE,19,0x000ab0f4,_ZN2ox3gui11IGUIElement10setEnabledEb
_ZTVN2ox3gui10IGUIWindowE,20,0x000ab12e,_ZN2ox3gui11IGUIElement7isFixedEv
_ZTVN2ox3gui10IGUIWindowE,21,0x000ab13e,_ZN2ox3gui11IGUIElement8setFixedEb
_ZTVN2ox3gui10IGUIWindowE,22,0x000ab14c,_ZN2ox3gui11IGUIElement11isInvisibleEv
_ZTVN2ox3gui10IGUIWindowE,23,0x000ab15c,_ZN2ox3gui11IGUIElement12setInvisibleEb
_ZTVN2ox3gui10IGUIWindowE,24,0x000ab16a,_ZN2ox3gui11IGUIElement16doesReportOnDrawEv
_ZTVN2ox3gui10IGUIWindowE,25,0x000ab17c,_ZN2ox3gui11IGUIElement15setReportOnDrawEi
_ZTVN2ox3gui10IGUIWindowE,26,0x000ab18a,_ZN2ox3gui11IGUIElement7setTextEPKw
_ZTVN2ox3gui10IGUIWindowE,27,0x000ab1aa,_ZNK2ox3gui11IGUIElement7getTextEv
_ZTVN2ox3gui10IGUIWindowE,28,0x000ab1b6,_ZN2ox3gui11IGUIElement5getIDEv
_ZTVN2ox3gui10IGUIWindowE,29,0x000ab1c2,_ZN2ox3gui11IGUIElement5setIDEi
_ZTVN2ox3gui10IGUIWindowE,30,0x000ab1d0,_ZN2ox3gui11IGUIElement7getTypeEv
_ZTVN2ox3gui10IGUIWindowE,31,0x000ae556,_ZN2ox3gui11IGUIElement7OnEventERKNS_5event6SEventE
_ZTVN2ox3gui10IGUIWindowE,32,0x000ab1dc,_ZN2ox3gui11IGUIElement22OnEventInNonFocusStateERKNS_5event6SEventE
_ZTVN2ox3gui10IGUIWindowE,33,0x000ab218,_ZN2ox3gui11IGUIElement12bringToFrontEPS1_
_ZTVN2ox3gui10IGUIWindowE,34,0x000ab270,_ZN2ox3gui11IGUIElement11getChildrenEv
_ZTVN2ox3gui10IGUIWindowE,35,0x000ab27c,_ZN2ox3gui11IGUIElement16getElementFromIdEib
_ZTVN2ox3gui10IGUIWindowE,36,0x000ab2d8,_ZN2ox3gui11IGUIElement12getHoverItemEv
_ZTVN2ox3gui10IGUIWindowE,37,0x000ab2e4,_ZN2ox3gui11IGUIElement12setHoverItemEPS1_
_ZTVN2ox3gui10IGUIWindowE,38,0x000ab334,_ZN2ox3gui11IGUIElement16getPreferredSizeEv
_ZTVN2ox3gui10IGUIWindowE,39,0x000ab352,_ZN2ox3gui10IGUILayout8sortFlowEiibb
_ZTVN2ox3gui10IGUIWindowE,40,0x000ab5cc,_ZN2ox3gui10IGUILayout14sortVerticallyEib
_ZTVN2ox3gui10IGUIWindowE,41,0x000ab6c2,_ZN2ox3gui10IGUILayout16sortHorizontallyEi
_ZTVN2ox3gui10IGUIWindowE,42,0x000ab7a2,_ZN2ox3gui10IGUILayout9sortRiverEbiib
_ZTVN2ox3gui10IGUIWindowE,43,0x000ac424,_ZN2ox3gui10IGUILayout14getContentAreaEv
_ZTVN2ox3gui10IGUIWindowE,44,0x000ac450,_ZN2ox3gui10IGUILayout28updateChildrenForContentAreaEv
_ZTVN2ox3gui10IGUIWindowE,45,0x00000000,__cxa_pure_virtual
_ZTVN2ox3gui10IGUIWindowE,46,0x00000000,__cxa_pure_virtual
_ZTVN2ox3gui10IGUIWindowE,47,0x00000000,__cxa_pure_virtual
_ZTVN2ox3gui10IGUIWindowE,48,0x00000000,__cxa_pure_virtual
_ZTVN2ox3gui10IGUIWindowE,49,0xfffffff4,
_ZTVN2ox3gui10IGUIWindowE,50,0x0025f938,_ZTIN2ox3gui10IGUIWindowE
_ZTVN2ox3gui10IGUIWindowE,51,0x000ae5a0,_ZThn12_N2ox3gui11IGUIElement7OnEventERKNS_5event6SEventE
_ZTVN2ox3gui10IGUIWindowE,52,0x000c0aa0,_ZThn12_N2ox3gui10IGUIWindowD1Ev
_ZTVN2ox3gui10IGUIWindowE,53,0x000c0ab9,_ZThn12_N2ox3gui10IGUIWindowD0Ev
_ZTVN5daisy2io9CFilePathE,0,0x00000000,
_ZTVN5daisy2io9CFilePathE,1,0x0025fb78,_ZTIN5daisy2io9CFilePathE
_ZTVN5daisy2io9CFilePathE,2,0x000c5e48,_ZN5daisy2io9CFilePathD1Ev
_ZTVN5daisy2io9CFilePathE,3,0x000c5e76,_ZN5daisy2io9CFilePathD0Ev
_ZTVN5daisy2io9CFilePathE,4,0x000c5ea8,_ZN5daisy2io9CFilePath7getPathEv
_ZTVN5daisy2io9CFilePathE,5,0x00000000,
_ZTVN2ox2io9IFilePathE,0,0x00000000,
_ZTVN2ox2io9IFilePathE,1,0x0025fb68,_ZTIN2ox2io9IFilePathE
_ZTVN2ox2io9IFilePathE,2,0x000c5eb4,_ZN2ox2io9IFilePathD1Ev
_ZTVN2ox2io9IFilePathE,3,0x000c5eba,_ZN2ox2io9IFilePathD0Ev
_ZTVN2ox2io9IFilePathE,4,0x00000000,__cxa_pure_virtual
_ZTVN2ox2io9IFilePathE,5,0x00000000,
_ZTVN2ox2io9IFilePathE,6,0x00000000,
_ZTVN2ox2io9IFilePathE,7,0x00000000,
_ZTVN2ox2io11IFileSystemE,0,0x00000000,
_ZTVN2ox2io11IFileSystemE,1,0x0025fb38,_ZTIN2ox2io11IFileSystemE
_ZTVN2ox2io11IFileSystemE,2,0x000c5fc2,_ZN2ox2io11IFileSystemD1Ev
_ZTVN2ox2io11IFileSystemE,3,0x000c5fc8,_ZN2ox2io11IFileSystemD0Ev
_ZTVN2ox2io11IFileSystemE,4,0x00000000,__cxa_pure_virtual
_ZTVN2ox2io11IFileSystemE,5,0x00000000,__cxa_pure_virtual
_ZTVN2ox2io11IFileSystemE,6,0x00000000,__cxa_pure_virtual
_ZTVN2ox2io11IFileSystemE,7,0x00000000,__cxa_pure_virtual
_ZTVN2ox2io11IFileSystemE,8,0x00000000,__cxa_pure_virtual
_ZTVN2ox2io11IFileSystemE,9,0x00000000,__cxa_pure_virtual
_ZTVN2ox2io11IFileSystemE,10,0x00000000,__cxa_pure_virtual
_ZTVN2ox2io11IFileSystemE,11,0x00000000,__cxa_pure_virtual
_ZTVN2ox2io11IFileSystemE,12,0x00000000,__cxa_pure_virtual
_ZTVN2ox2io11IFileSystemE,13,0x00000000,__cxa_pure_virtual
_ZTVN2ox2io11IFileSystemE,14,0x00000000,__cxa_pure_virtual
_ZTVN2ox2io11IFileSystemE,15,0x00000000,__cxa_pure_virtual
_ZTVN2ox2io11IFileSystemE,16,0x00000000,__cxa_pure_virtual
_ZTVN2ox2io11IFileSystemE,17,0x00000000,__cxa_pure_virtual
_ZTVN2ox2io11IFileSystemE,18,0x00000000,__cxa_pure_virtual
_ZTVN2ox2io11IFileSystemE,19,0x00000000,__cxa_pure_virtual
_ZTVN2ox2io11IFileSystemE,20,0x00000000,__cxa_pure_virtual
_ZTVN2ox2io11IFileSystemE,21,0x00000000,__cxa_pure_virtual
_ZTVN2ox2io11IFileSystemE,22,0x00000000,__cxa_pure_virtual
_ZTVN2ox2io11IFileSystemE,23,0x00000000,__cxa_pure_virtual
_ZTVN2ox2io11IFileSystemE,24,0x00000000,
_ZTVN2ox2io11IFileSystemE,25,0x00000000,
_ZTVN2ox2io10IXMLReaderE,0,0x00000000,
_ZTVN2ox2io10IXMLReaderE,1,0x0025fc18,_ZTIN2ox2io10IXMLReaderE
_ZTVN2ox2io10IXMLReaderE,2,0x000c81e6,_ZN2ox2io10IXMLReaderD1Ev
_ZTVN2ox2io10IXMLReaderE,3,0x000c81ec,_ZN2ox2io10IXMLReaderD0Ev
_ZTVN2ox2io10IXMLReaderE,4,0x00000000,__cxa_pure_virtual
_ZTVN2ox2io10IXMLReaderE,5,0x00000000,__cxa_pure_virtual
_ZTVN2ox2io10IXMLReaderE,6,0x00000000,__cxa_pure_virtual
_ZTVN2ox2io10IXMLReaderE,7,0x00000000,__cxa_pure_virtual
_ZTVN2ox2io10IXMLReaderE,8,0x00000000,__cxa_pure_virtual
_ZTVN2ox2io10IXMLReaderE,9,0x00000000,__cxa_pure_virtual
_ZTVN2ox2io10IXMLReaderE,10,0x00000000,__cxa_pure_virtual
_ZTVN2ox2io10IXMLReaderE,11,0x00000000,__cxa_pure_virtual
_ZTVN2ox2io10IXMLReaderE,12,0x00000000,__cxa_pure_virtual
_ZTVN2ox2io10IXMLReaderE,13,0x00000000,__cxa_pure_virtual
_ZTVN2ox2io10IXMLReaderE,14,0x00000000,__cxa_pure_virtual
_ZTVN2ox2io10IXMLReaderE,15,0x00000000,__cxa_pure_virtual
_ZTVN2ox2io10IXMLReaderE,16,0x00000000,
_ZTVN2ox2io10IXMLReaderE,17,0x00000000,
_ZTVN2ox2io10IXMLWriterE,0,0x00000000,
_ZTVN2ox2io10IXMLWriterE,1,0x0025fc78,_ZTIN2ox2io10IXMLWriterE
_ZTVN2ox2io10IXMLWriterE,2,0x000c880a,_ZN2ox2io10IXMLWriterD1Ev
_ZTVN2ox2io10IXMLWriterE,3,0x000c8810,_ZN2ox2io10IXMLWriterD0Ev
_ZTVN2ox2io10IXMLWriterE,4,0x00000000,__cxa_pure_virtual
_ZTVN2ox2io10IXMLWriterE,5,0x00000000,__cxa_pure_virtual
_ZTVN2ox2io10IXMLWriterE,6,0x00000000,__cxa_pure_virtual
_ZTVN2ox2io10IXMLWriterE,7,0x00000000,__cxa_pure_virtual
_ZTVN2ox2io10IXMLWriterE,8,0x00000000,__cxa_pure_virtual
_ZTVN2ox2io10IXMLWriterE,9,0x00000000,__cxa_pure_virtual
_ZTVN2ox2io9IFileListE,0,0x00000000,
_ZTVN2ox2io9IFileListE,1,0x0025fcb8,_ZTIN2ox2io9IFileListE
_ZTVN2ox2io9IFileListE,2,0x000c9538,_ZN2ox2io9IFileListD1Ev
_ZTVN2ox2io9IFileListE,3,0x000c953e,_ZN2ox2io9IFileListD0Ev
_ZTVN2ox2io9IFileListE,4,0x00000000,__cxa_pure_virtual
_ZTVN2ox2io9IFileListE,5,0x00000000,__cxa_pure_virtual
_ZTVN2ox2io9IFileListE,6,0x00000000,__cxa_pure_virtual
_ZTVN2ox2io9IFileListE,7,0x00000000,__cxa_pure_virtual
_ZTVN2ox2io9IFileListE,8,0x00000000,
_ZTVN2ox2io9IFileListE,9,0x00000000,
_ZTVN2ox3net14INetworkDeviceE,0,0x00000000,
_ZTVN2ox3net14INetworkDeviceE,1,0x0025fcf8,_ZTIN2ox3net14INetworkDeviceE
_ZTVN2ox3net14INetworkDeviceE,2,0x000cda6c,_ZN2ox3net14INetworkDeviceD1Ev
_ZTVN2ox3net14INetworkDeviceE,3,0x000cda72,_ZN2ox3net14INetworkDeviceD0Ev
_ZTVN2ox3net14INetworkDeviceE,4,0x00000000,__cxa_pure_virtual
_ZTVN2ox3net14INetworkDeviceE,5,0x00000000,__cxa_pure_virtual
_ZTVN2ox3net14INetworkDeviceE,6,0x00000000,__cxa_pure_virtual
_ZTVN2ox3net14INetworkDeviceE,7,0x00000000,__cxa_pure_virtual
_ZTVN2ox3net14INetworkDeviceE,8,0x00000000,__cxa_pure_virtual
_ZTVN2ox3net14INetworkDeviceE,9,0x00000000,__cxa_pure_virtual
_ZTVN2ox3net14INetworkDeviceE,10,0x00000000,__cxa_pure_virtual
_ZTVN2ox3net14INetworkDeviceE,11,0x00000000,__cxa_pure_virtual
_ZTVN2ox3net14INetworkDeviceE,12,0x00000000,__cxa_pure_virtual
_ZTVN2ox3net14INetworkDeviceE,13,0x00000000,
_ZTVN2ox3net14INetworkDeviceE,14,0x00000000,
_ZTVN2ox3net14INetworkDeviceE,15,0x00000000,
_ZTVN2ox3gui14ICursorControlE,0,0x00000000,
_ZTVN2ox3gui14ICursorControlE,1,0x0025fd80,_ZTIN2ox3gui14ICursorControlE
_ZTVN2ox3gui14ICursorControlE,2,0x000cf58c,_ZN2ox3gui14ICursorControlD1Ev
_ZTVN2ox3gui14ICursorControlE,3,0x000cf592,_ZN2ox3gui14ICursorControlD0Ev
_ZTVN2ox3gui14ICursorControlE,4,0x00000000,__cxa_pure_virtual
_ZTVN2ox3gui14ICursorControlE,5,0x00000000,__cxa_pure_virtual
_ZTVN2ox3gui14ICursorControlE,6,0x00000000,__cxa_pure_virtual
_ZTVN2ox3gui14ICursorControlE,7,0x00000000,__cxa_pure_virtual
_ZTVN2ox3gui14ICursorControlE,8,0x00000000,__cxa_pure_virtual
_ZTVN2ox3gui14ICursorControlE,9,0x00000000,__cxa_pure_virtual
_ZTVN2ox3gui14ICursorControlE,10,0x00000000,__cxa_pure_virtual
_ZTVN2ox3gui14ICursorControlE,11,0x00000000,__cxa_pure_virtual
_ZTVN2ox3gui14ICursorControlE,12,0x00000000,__cxa_pure_virtual
_ZTVN5daisy5video15IImagePresenterE,0,0x00000000,
_ZTVN5daisy5video15IImagePresenterE,1,0x0025fd78,_ZTIN5daisy5video15IImagePresenterE
_ZTVN5daisy5video15IImagePresenterE,2,0x00000000,__cxa_pure_virtual
_ZTVN5daisy5video15IImagePresenterE,3,0x00000000,
_ZTVN5daisy5video15IImagePresenterE,4,0x00000000,
_ZTVN2ox5input15IJoystickDriverE,0,0x00000000,
_ZTVN2ox5input15IJoystickDriverE,1,0x0025fdd8,_ZTIN2ox5input15IJoystickDriverE
_ZTVN2ox5input15IJoystickDriverE,2,0x000d0c80,_ZN2ox5input15IJoystickDriverD1Ev
_ZTVN2ox5input15IJoystickDriverE,3,0x000d0c86,_ZN2ox5input15IJoystickDriverD0Ev
_ZTVN2ox5input15IJoystickDriverE,4,0x00000000,__cxa_pure_virtual
_ZTVN2ox5input15IJoystickDriverE,5,0x00000000,__cxa_pure_virtual
_ZTVN2ox5input15IJoystickDriverE,6,0x00000000,__cxa_pure_virtual
_ZTVN2ox5input15IJoystickDriverE,7,0x00000000,__cxa_pure_virtual
_ZTVN2ox8IUnknownE,0,0x00000000,
_ZTVN2ox8IUnknownE,1,0x0025fd50,_ZTIN2ox8IUnknownE
_ZTVN2ox8IUnknownE,2,0x000cf59c,_ZN2ox8IUnknownD1Ev
_ZTVN2ox8IUnknownE,3,0x000cf5a2,_ZN2ox8IUnknownD0Ev
_ZTVN5daisy6CTimerE,0,0x00000000,
_ZTVN5daisy6CTimerE,1,0x0025fe70,_ZTIN5daisy6CTimerE
_ZTVN5daisy6CTimerE,2,0x000d0d36,_ZN5daisy6CTimer7getTimeEv
_ZTVN5daisy6CTimerE,3,0x000d0d40,_ZN5daisy6CTimer12getFloatTimeEv
_ZTVN5daisy6CTimerE,4,0x000d0d4a,_ZN5daisy6CTimerD1Ev
_ZTVN5daisy6CTimerE,5,0x000d0d50,_ZN5daisy6CTimerD0Ev
_ZTVN5daisy6CTimerE,6,0xfffffffc,
_ZTVN5daisy6CTimerE,7,0x0025fe70,_ZTIN5daisy6CTimerE
_ZTVN5daisy6CTimerE,8,0x000d0d59,_ZThn4_N5daisy6CTimerD1Ev
_ZTVN5daisy6CTimerE,9,0x000d0d5e,_ZThn4_N5daisy6CTimerD0Ev
_ZTVN5daisy6ITimerE,0,0x00000000,
_ZTVN5daisy6ITimerE,1,0x0025fe50,_ZTIN5daisy6ITimerE
_ZTVN5daisy6ITimerE,2,0x00000000,__cxa_pure_virtual
_ZTVN5daisy6ITimerE,3,0x00000000,__cxa_pure_virtual
_ZTVN5daisy6ITimerE,4,0x000d0d78,_ZN5daisy6ITimerD1Ev
_ZTVN5daisy6ITimerE,5,0x000d0d7e,_ZN5daisy6ITimerD0Ev
_ZTVN5daisy6ITimerE,6,0xfffffffc,
_ZTVN5daisy6ITimerE,7,0x0025fe50,_ZTIN5daisy6ITimerE
_ZTVN5daisy6ITimerE,8,0x000d0d87,_ZThn4_N5daisy6ITimerD1Ev
_ZTVN5daisy6ITimerE,9,0x000d0d8c,_ZThn4_N5daisy6ITimerD0Ev
_ZTVN2ox6ITimerE,0,0x00000000,
_ZTVN2ox6ITimerE,1,0x0025fe48,_ZTIN2ox6ITimerE
_ZTVN2ox6ITimerE,2,0x00000000,__cxa_pure_virtual
_ZTVN2ox6ITimerE,3,0x00000000,__cxa_pure_virtual
_ZTVN2ox6ITimerE,4,0x00000000,
_ZTVN2ox6ITimerE,5,0x00000000,
_ZTVN5daisy12IDaisyDeviceE,0,0x00000000,
_ZTVN5daisy12IDaisyDeviceE,1,0x0025fd68,_ZTIN5daisy12IDaisyDeviceE
_ZTVN5daisy12IDaisyDeviceE,2,0x000d0da6,_ZN5daisy12IDaisyDeviceD1Ev
_ZTVN5daisy12IDaisyDeviceE,3,0x000d0dac,_ZN5daisy12IDaisyDeviceD0Ev
_ZTVN5daisy12IDaisyDeviceE,4,0x00000000,__cxa_pure_virtual
_ZTVN5daisy12IDaisyDeviceE,5,0x00000000,__cxa_pure_virtual
_ZTVN5daisy12IDaisyDeviceE,6,0x00000000,__cxa_pure_virtual
_ZTVN5daisy12IDaisyDeviceE,7,0x00000000,__cxa_pure_virtual
_ZTVN5daisy12IDaisyDeviceE,8,0x00000000,__cxa_pure_virtual
_ZTVN5daisy12IDaisyDeviceE,9,0x00000000,__cxa_pure_virtual
_ZTVN5daisy12IDaisyDeviceE,10,0x00000000,__cxa_pure_virtual
_ZTVN5daisy12IDaisyDeviceE,11,0x00000000,__cxa_pure_virtual
_ZTVN5daisy12IDaisyDeviceE,12,0x00000000,__cxa_pure_virtual
_ZTVN5daisy12IDaisyDeviceE,13,0x00000000,__cxa_pure_virtual
_ZTVN5daisy12IDaisyDeviceE,14,0x00000000,__cxa_pure_virtual
_ZTVN5daisy12IDaisyDeviceE,15,0x00000000,__cxa_pure_virtual
_ZTVN5daisy12IDaisyDeviceE,16,0x00000000,__cxa_pure_virtual
_ZTVN5daisy12IDaisyDeviceE,17,0x00000000,__cxa_pure_virtual
_ZTVN5daisy12IDaisyDeviceE,18,0x00000000,__cxa_pure_virtual
_ZTVN5daisy12IDaisyDeviceE,19,0x00000000,__cxa_pure_virtual
_ZTVN5daisy12IDaisyDeviceE,20,0x00000000,__cxa_pure_virtual
_ZTVN5daisy12IDaisyDeviceE,21,0x00000000,__cxa_pure_virtual
_ZTVN5daisy12IDaisyDeviceE,22,0x00000000,__cxa_pure_virtual
_ZTVN5daisy12IDaisyDeviceE,23,0x00000000,__cxa_pure_virtual
_ZTVN5daisy12IDaisyDeviceE,24,0x00000000,__cxa_pure_virtual
_ZTVN5daisy12IDaisyDeviceE,25,0x00000000,__cxa_pure_virtual
_ZTVN5daisy12IDaisyDeviceE,26,0x00000000,__cxa_pure_virtual
_ZTVN5daisy12IDaisyDeviceE,27,0x00000000,__cxa_pure_virtual
_ZTVN5daisy12IDaisyDeviceE,28,0x00000000,__cxa_pure_virtual
_ZTVN5daisy12IDaisyDeviceE,29,0x00000000,__cxa_pure_virtual
_ZTVN5daisy12IDaisyDeviceE,30,0x00000000,__cxa_pure_virtual
_ZTVN5daisy12IDaisyDeviceE,31,0x00000000,__cxa_pure_virtual
_ZTVN5daisy12IDaisyDeviceE,32,0x00000000,__cxa_pure_virtual
_ZTVN5daisy12IDaisyDeviceE,33,0x00000000,__cxa_pure_virtual
_ZTVN5daisy12IDaisyDeviceE,34,0x00000000,__cxa_pure_virtual
_ZTVN5daisy12IDaisyDeviceE,35,0x00000000,__cxa_pure_virtual
_ZTVN5daisy12IDaisyDeviceE,36,0x00000000,__cxa_pure_virtual
_ZTVN5daisy12IDaisyDeviceE,37,0x00000000,__cxa_pure_virtual
_ZTVN5daisy12IDaisyDeviceE,38,0x00000000,__cxa_pure_virtual
_ZTVN5daisy12IDaisyDeviceE,39,0x00000000,__cxa_pure_virtual
_ZTVN5daisy12IDaisyDeviceE,40,0x00000000,__cxa_pure_virtual
_ZTVN5daisy12IDaisyDeviceE,41,0x00000000,
_ZTVN5daisy12IDaisyDeviceE,42,0x00000000,
_ZTVN5daisy12IDaisyDeviceE,43,0x00000000,
_ZTVN2ox9IOxDeviceE,0,0x00000000,
_ZTVN2ox9IOxDeviceE,1,0x0025fd58,_ZTIN2ox9IOxDeviceE
_ZTVN2ox9IOxDeviceE,2,0x000d0db6,_ZN2ox9IOxDeviceD1Ev
_ZTVN2ox9IOxDeviceE,3,0x000d0dbc,_ZN2ox9IOxDeviceD0Ev
_ZTVN2ox9IOxDeviceE,4,0x00000000,__cxa_pure_virtual
_ZTVN2ox9IOxDeviceE,5,0x00000000,__cxa_pure_virtual
_ZTVN2ox9IOxDeviceE,6,0x00000000,__cxa_pure_virtual
_ZTVN2ox9IOxDeviceE,7,0x00000000,__cxa_pure_virtual
_ZTVN2ox9IOxDeviceE,8,0x00000000,__cxa_pure_virtual
_ZTVN2ox9IOxDeviceE,9,0x00000000,__cxa_pure_virtual
_ZTVN2ox9IOxDeviceE,10,0x00000000,__cxa_pure_virtual
_ZTVN2ox9IOxDeviceE,11,0x00000000,__cxa_pure_virtual
_ZTVN2ox9IOxDeviceE,12,0x00000000,__cxa_pure_virtual
_ZTVN2ox9IOxDeviceE,13,0x00000000,__cxa_pure_virtual
_ZTVN2ox9IOxDeviceE,14,0x00000000,__cxa_pure_virtual
_ZTVN2ox9IOxDeviceE,15,0x00000000,__cxa_pure_virtual
_ZTVN2ox9IOxDeviceE,16,0x00000000,__cxa_pure_virtual
_ZTVN2ox9IOxDeviceE,17,0x00000000,__cxa_pure_virtual
_ZTVN2ox9IOxDeviceE,18,0x00000000,__cxa_pure_virtual
_ZTVN2ox9IOxDeviceE,19,0x00000000,__cxa_pure_virtual
_ZTVN2ox9IOxDeviceE,20,0x00000000,__cxa_pure_virtual
_ZTVN2ox9IOxDeviceE,21,0x00000000,__cxa_pure_virtual
_ZTVN2ox9IOxDeviceE,22,0x00000000,__cxa_pure_virtual
_ZTVN2ox9IOxDeviceE,23,0x00000000,__cxa_pure_virtual
_ZTVN2ox9IOxDeviceE,24,0x00000000,__cxa_pure_virtual
_ZTVN2ox9IOxDeviceE,25,0x00000000,__cxa_pure_virtual
_ZTVN2ox9IOxDeviceE,26,0x00000000,__cxa_pure_virtual
_ZTVN2ox9IOxDeviceE,27,0x00000000,__cxa_pure_virtual
_ZTVN2ox9IOxDeviceE,28,0x00000000,__cxa_pure_virtual
_ZTVN2ox9IOxDeviceE,29,0x00000000,__cxa_pure_virtual
_ZTVN2ox9IOxDeviceE,30,0x00000000,__cxa_pure_virtual
_ZTVN2ox9IOxDeviceE,31,0x00000000,__cxa_pure_virtual
_ZTVN2ox9IOxDeviceE,32,0x00000000,__cxa_pure_virtual
_ZTVN2ox9IOxDeviceE,33,0x00000000,__cxa_pure_virtual
_ZTVN2ox9IOxDeviceE,34,0x00000000,__cxa_pure_virtual
_ZTVN2ox9IOxDeviceE,35,0x00000000,__cxa_pure_virtual
_ZTVN2ox9IOxDeviceE,36,0x00000000,__cxa_pure_virtual
_ZTVN2ox9IOxDeviceE,37,0x00000000,__cxa_pure_virtual
_ZTVN2ox9IOxDeviceE,38,0x00000000,__cxa_pure_virtual
_ZTVN2ox9IOxDeviceE,39,0x00000000,__cxa_pure_virtual
_ZTVN2ox9IOxDeviceE,40,0x00000000,__cxa_pure_virtual
_ZTVN2ox9IOxDeviceE,41,0x00000000,
_ZTVN2ox5event7ILoggerE,0,0x00000000,
_ZTVN2ox5event7ILoggerE,1,0x00260018,_ZTIN2ox5event7ILoggerE
_ZTVN2ox5event7ILoggerE,2,0x000d1306,_ZN2ox5event7ILoggerD1Ev
_ZTVN2ox5event7ILoggerE,3,0x000d130c,_ZN2ox5event7ILoggerD0Ev
_ZTVN2ox5event7ILoggerE,4,0x00000000,__cxa_pure_virtual
_ZTVN2ox5event7ILoggerE,5,0x00000000,__cxa_pure_virtual
_ZTVN2ox5event7ILoggerE,6,0x00000000,__cxa_pure_virtual
_ZTVN2ox5event7ILoggerE,7,0x00000000,__cxa_pure_virtual
_ZTVN2ox5event7ILoggerE,8,0x00000000,__cxa_pure_virtual
_ZTVN2ox5event7ILoggerE,9,0x00000000,__cxa_pure_virtual
_ZTVN2ox5event7ILoggerE,10,0x00000000,__cxa_pure_virtual
_ZTVN2ox5event7ILoggerE,11,0x00000000,
_ZTVN2ox5event7ILoggerE,12,0x00000000,
_ZTVN2ox5event7ILoggerE,13,0x00000000,
_ZTVN2ox11IOSOperatorE,0,0x00000000,
_ZTVN2ox11IOSOperatorE,1,0x00260068,_ZTIN2ox11IOSOperatorE
_ZTVN2ox11IOSOperatorE,2,0x000d1a38,_ZN2ox11IOSOperatorD1Ev
_ZTVN2ox11IOSOperatorE,3,0x000d1a3e,_ZN2ox11IOSOperatorD0Ev
_ZTVN2ox11IOSOperatorE,4,0x00000000,__cxa_pure_virtual
_ZTVN2ox11IOSOperatorE,5,0x00000000,__cxa_pure_virtual
_ZTVN2ox11IOSOperatorE,6,0x00000000,__cxa_pure_virtual
_ZTVN2ox11IOSOperatorE,7,0x00000000,__cxa_pure_virtual
_ZTVN2ox11IOSOperatorE,8,0x00000000,__cxa_pure_virtual
_ZTVN2ox11IOSOperatorE,9,0x00000000,__cxa_pure_virtual
_ZTVN2ox11IOSOperatorE,10,0x00000000,__cxa_pure_virtual
_ZTVN2ox11IOSOperatorE,11,0x00000000,__cxa_pure_virtual
_ZTVN2ox11IOSOperatorE,12,0x00000000,__cxa_pure_virtual
_ZTVN2ox11IOSOperatorE,13,0x00000000,__cxa_pure_virtual
_ZTVN2ox11IOSOperatorE,14,0x00000000,__cxa_pure_virtual
_ZTVN2ox11IOSOperatorE,15,0x00000000,__cxa_pure_virtual
_ZTVN2ox11IOSOperatorE,16,0x0021b0e8,_dist_code
_ZTVN2ox11IOSOperatorE,17,0x0021b2e8,_length_code
_ZTVN2ox11IOSOperatorE,18,0x000ed243,zcalloc
_ZTVN2ox11IOSOperatorE,19,0x000ed25d,zcfree
_ZTVN2ox11IOSOperatorE,20,0x000ed243,zcalloc
_ZTVN2ox11IOSOperatorE,21,0x000ed25d,zcfree
_ZTVN2ox5scene13SAnimatedMeshE,0,0x00000000,
_ZTVN2ox5scene13SAnimatedMeshE,1,0x00260150,_ZTIN2ox5scene13SAnimatedMeshE
_ZTVN2ox5scene13SAnimatedMeshE,2,0x000f0102,_ZN2ox5scene13SAnimatedMeshD1Ev
_ZTVN2ox5scene13SAnimatedMeshE,3,0x000f010c,_ZN2ox5scene13SAnimatedMeshD0Ev
_ZTVN2ox5scene13SAnimatedMeshE,4,0x000f013c,_ZN2ox5scene13SAnimatedMesh13getFrameCountEv
_ZTVN2ox5scene13SAnimatedMeshE,5,0x000f014e,_ZN2ox5scene13SAnimatedMesh7getMeshEiiii
_ZTVN2ox5scene13SAnimatedMeshE,6,0x000f0160,_ZNK2ox5scene13SAnimatedMesh14getBoundingBoxEv
_ZTVN2ox5scene13SAnimatedMeshE,7,0x000f016c,_ZNK2ox5scene13SAnimatedMesh11getMeshTypeEv
_ZTVN2ox5scene13IAnimatedMeshE,0,0x00000000,
_ZTVN2ox5scene13IAnimatedMeshE,1,0x00260140,_ZTIN2ox5scene13IAnimatedMeshE
_ZTVN2ox5scene13IAnimatedMeshE,2,0x000f01ec,_ZN2ox5scene13IAnimatedMeshD1Ev
_ZTVN2ox5scene13IAnimatedMeshE,3,0x000f01f2,_ZN2ox5scene13IAnimatedMeshD0Ev
_ZTVN2ox5scene13IAnimatedMeshE,4,0x00000000,__cxa_pure_virtual
_ZTVN2ox5scene13IAnimatedMeshE,5,0x00000000,__cxa_pure_virtual
_ZTVN2ox5scene13IAnimatedMeshE,6,0x00000000,__cxa_pure_virtual
_ZTVN2ox5scene13IAnimatedMeshE,7,0x000f01fc,_ZNK2ox5scene13IAnimatedMesh11getMeshTypeEv
_ZTVN2ox5scene16IAnimatedMeshMD2E,0,0x00000000,
_ZTVN2ox5scene16IAnimatedMeshMD2E,1,0x00260288,_ZTIN2ox5scene16IAnimatedMeshMD2E
_ZTVN2ox5scene16IAnimatedMeshMD2E,2,0x000f220c,_ZN2ox5scene16IAnimatedMeshMD2D1Ev
_ZTVN2ox5scene16IAnimatedMeshMD2E,3,0x000f2212,_ZN2ox5scene16IAnimatedMeshMD2D0Ev
_ZTVN2ox5scene16IAnimatedMeshMD2E,4,0x00000000,__cxa_pure_virtual
_ZTVN2ox5scene16IAnimatedMeshMD2E,5,0x00000000,__cxa_pure_virtual
_ZTVN2ox5scene16IAnimatedMeshMD2E,6,0x00000000,__cxa_pure_virtual
_ZTVN2ox5scene16IAnimatedMeshMD2E,7,0x000f01fc,_ZNK2ox5scene13IAnimatedMesh11getMeshTypeEv
_ZTVN2ox5scene16IAnimatedMeshMD2E,8,0x00000000,__cxa_pure_virtual
_ZTVN2ox5scene16IAnimatedMeshMD2E,9,0x00000000,__cxa_pure_virtual
_ZTVN2ox5scene16IAnimatedMeshMD2E,10,0x00000000,__cxa_pure_virtual
_ZTVN2ox5scene16IAnimatedMeshMD2E,11,0x00000000,__cxa_pure_virtual
_ZTVN2ox5scene16IAnimatedMeshMD2E,12,0x00000000,
_ZTVN2ox5scene16IAnimatedMeshMD2E,13,0x00000000,
_ZTVN2ox5scene17IAnimatedMeshMS3DE,0,0x00000000,
_ZTVN2ox5scene17IAnimatedMeshMS3DE,1,0x002602d8,_ZTIN2ox5scene17IAnimatedMeshMS3DE
_ZTVN2ox5scene17IAnimatedMeshMS3DE,2,0x000f54d8,_ZN2ox5scene17IAnimatedMeshMS3DD1Ev
_ZTVN2ox5scene17IAnimatedMeshMS3DE,3,0x000f54de,_ZN2ox5scene17IAnimatedMeshMS3DD0Ev
_ZTVN2ox5scene17IAnimatedMeshMS3DE,4,0x00000000,__cxa_pure_virtual
_ZTVN2ox5scene17IAnimatedMeshMS3DE,5,0x00000000,__cxa_pure_virtual
_ZTVN2ox5scene17IAnimatedMeshMS3DE,6,0x00000000,__cxa_pure_virtual
_ZTVN2ox5scene17IAnimatedMeshMS3DE,7,0x000f01fc,_ZNK2ox5scene13IAnimatedMesh11getMeshTypeEv
_ZTVN2ox5scene17IAnimatedMeshMS3DE,8,0x00000000,__cxa_pure_virtual
_ZTVN2ox5scene17IAnimatedMeshMS3DE,9,0x00000000,__cxa_pure_virtual
_ZTVN2ox5scene17IAnimatedMeshMS3DE,10,0x00000000,__cxa_pure_virtual
_ZTVN2ox5scene17IAnimatedMeshMS3DE,11,0x00000000,__cxa_pure_virtual
_ZTVN2ox5scene17IAnimatedMeshMS3DE,12,0x00000000,
_ZTVN2ox5scene17IAnimatedMeshMS3DE,13,0x00000000,
_ZTVN2ox5scene22IAnimatedMeshSceneNodeE,0,0x00000000,
_ZTVN2ox5scene22IAnimatedMeshSceneNodeE,1,0x00260328,_ZTIN2ox5scene22IAnimatedMeshSceneNodeE
_ZTVN2ox5scene22IAnimatedMeshSceneNodeE,2,0x000f6530,_ZN2ox5scene22IAnimatedMeshSceneNodeD1Ev
_ZTVN2ox5scene22IAnimatedMeshSceneNodeE,3,0x000f653a,_ZN2ox5scene22IAnimatedMeshSceneNodeD0Ev
_ZTVN2ox5scene22IAnimatedMeshSceneNodeE,4,0x001136dc,_ZN2ox5scene10ISceneNode11OnPreRenderEv
_ZTVN2ox5scene22IAnimatedMeshSceneNodeE,5,0x0011371e,_ZN2ox5scene10ISceneNode12OnPostRenderEj
_ZTVN2ox5scene22IAnimatedMeshSceneNodeE,6,0x00000000,__cxa_pure_virtual
_ZTVN2ox5scene22IAnimatedMeshSceneNodeE,7,0x00113794,_ZNK2ox5scene10ISceneNode7getNameEv
_ZTVN2ox5scene22IAnimatedMeshSceneNodeE,8,0x001137a0,_ZN2ox5scene10ISceneNode7setNameEPKw
_ZTVN2ox5scene22IAnimatedMeshSceneNodeE,9,0x00000000,__cxa_pure_virtual
_ZTVN2ox5scene22IAnimatedMeshSceneNodeE,10,0x001137c0,_ZNK2ox5scene10ISceneNode25getRelativeTransformationEv
_ZTVN2ox5scene22IAnimatedMeshSceneNodeE,11,0x00113b04,_ZN2ox5scene10ISceneNode9isVisibleEv
_ZTVN2ox5scene22IAnimatedMeshSceneNodeE,12,0x00113b16,_ZN2ox5scene10ISceneNode10setVisibleEb
_ZTVN2ox5scene22IAnimatedMeshSceneNodeE,13,0x00113b28,_ZN2ox5scene10ISceneNode5getIDEv
_ZTVN2ox5scene22IAnimatedMeshSceneNodeE,14,0x00113b36,_ZN2ox5scene10ISceneNode5setIDEi
_ZTVN2ox5scene22IAnimatedMeshSceneNodeE,15,0x00113b48,_ZN2ox5scene10ISceneNode8addChildEPS1_
_ZTVN2ox5scene22IAnimatedMeshSceneNodeE,16,0x00113b8e,_ZN2ox5scene10ISceneNode11removeChildEPS1_
_ZTVN2ox5scene22IAnimatedMeshSceneNodeE,17,0x00113672,_ZN2ox5scene10ISceneNode9removeAllEv
_ZTVN2ox5scene22IAnimatedMeshSceneNodeE,18,0x00113bde,_ZN2ox5scene10ISceneNode6removeEv
_ZTVN2ox5scene22IAnimatedMeshSceneNodeE,19,0x00113c00,_ZN2ox5scene10ISceneNode11addAnimatorEPNS0_18ISceneNodeAnimatorE
_ZTVN2ox5scene22IAnimatedMeshSceneNodeE,20,0x00113c3c,_ZN2ox5scene10ISceneNode14removeAnimatorEPNS0_18ISceneNodeAnimatorE
_ZTVN2ox5scene22IAnimatedMeshSceneNodeE,21,0x00113c84,_ZN2ox5scene10ISceneNode15removeAnimatorsEv
_ZTVN2ox5scene22IAnimatedMeshSceneNodeE,22,0x00113cf0,_ZN2ox5scene10ISceneNode11getMaterialEi
_ZTVN2ox5scene22IAnimatedMeshSceneNodeE,23,0x00113cf8,_ZN2ox5scene10ISceneNode16getMaterialCountEv
_ZTVN2ox5scene22IAnimatedMeshSceneNodeE,24,0x00113d00,_ZNK2ox5scene10ISceneNode8getScaleEv
_ZTVN2ox5scene22IAnimatedMeshSceneNodeE,25,0x00113d2a,_ZN2ox5scene10ISceneNode8setScaleERKNS_4core9CVector3dIfEE
_ZTVN2ox5scene22IAnimatedMeshSceneNodeE,26,0x00113d52,_ZNK2ox5scene10ISceneNode11getRotationEv
_ZTVN2ox5scene22IAnimatedMeshSceneNodeE,27,0x00113d7c,_ZN2ox5scene10ISceneNode11setRotationERKNS_4core9CVector3dIfEE
_ZTVN2ox5scene22IAnimatedMeshSceneNodeE,28,0x00113da4,_ZNK2ox5scene10ISceneNode11getPositionEv
_ZTVN2ox5scene22IAnimatedMeshSceneNodeE,29,0x00113dce,_ZN2ox5scene10ISceneNode11setPositionERKNS_4core9CVector3dIfEE
_ZTVN2ox5scene22IAnimatedMeshSceneNodeE,30,0x00113df6,_ZNK2ox5scene10ISceneNode19getAbsolutePositionEv
_ZTVN2ox5scene22IAnimatedMeshSceneNodeE,31,0x00113e9e,_ZN2ox5scene10ISceneNode9setParentEPS1_
_ZTVN2ox5scene22IAnimatedMeshSceneNodeE,32,0x00113ee6,_ZNK2ox5scene10ISceneNode19getTriangleSelectorEv
_ZTVN2ox5scene22IAnimatedMeshSceneNodeE,33,0x00113ef4,_ZN2ox5scene10ISceneNode19setTriangleSelectorEPNS0_17ITriangleSelectorE
_ZTVN2ox5scene22IAnimatedMeshSceneNodeE,34,0x00113f2c,_ZN2ox5scene10ISceneNode22updateAbsolutePositionEv
_ZTVN2ox5scene22IAnimatedMeshSceneNodeE,35,0x00000000,__cxa_pure_virtual
_ZTVN2ox5scene22IAnimatedMeshSceneNodeE,36,0x00000000,__cxa_pure_virtual
_ZTVN2ox5scene22IAnimatedMeshSceneNodeE,37,0x00000000,__cxa_pure_virtual
_ZTVN2ox5scene22IAnimatedMeshSceneNodeE,38,0x00000000,__cxa_pure_virtual
_ZTVN2ox5scene22IAnimatedMeshSceneNodeE,39,0x00000000,__cxa_pure_virtual
_ZTVN2ox5scene22IAnimatedMeshSceneNodeE,40,0x00000000,__cxa_pure_virtual
_ZTVN2ox5scene22IAnimatedMeshSceneNodeE,41,0x00000000,__cxa_pure_virtual
_ZTVN2ox5scene22IAnimatedMeshSceneNodeE,42,0x00000000,__cxa_pure_virtual
_ZTVN2ox5scene22IAnimatedMeshSceneNodeE,43,0x00000000,
_ZTVN2ox5scene22IAnimatedMeshSceneNodeE,44,0x00000000,
_ZTVN2ox5scene22IAnimatedMeshSceneNodeE,45,0x00000000,
_ZTVN2ox5scene19IBillboardSceneNodeE,0,0x00000000,
_ZTVN2ox5scene19IBillboardSceneNodeE,1,0x002603f8,_ZTIN2ox5scene19IBillboardSceneNodeE
_ZTVN2ox5scene19IBillboardSceneNodeE,2,0x000f6d3c,_ZN2ox5scene19IBillboardSceneNodeD1Ev
_ZTVN2ox5scene19IBillboardSceneNodeE,3,0x000f6d46,_ZN2ox5scene19IBillboardSceneNodeD0Ev
_ZTVN2ox5scene19IBillboardSceneNodeE,4,0x001136dc,_ZN2ox5scene10ISceneNode11OnPreRenderEv
_ZTVN2ox5scene19IBillboardSceneNodeE,5,0x0011371e,_ZN2ox5scene10ISceneNode12OnPostRenderEj
_ZTVN2ox5scene19IBillboardSceneNodeE,6,0x00000000,__cxa_pure_virtual
_ZTVN2ox5scene19IBillboardSceneNodeE,7,0x00113794,_ZNK2ox5scene10ISceneNode7getNameEv
_ZTVN2ox5scene19IBillboardSceneNodeE,8,0x001137a0,_ZN2ox5scene10ISceneNode7setNameEPKw
_ZTVN2ox5scene19IBillboardSceneNodeE,9,0x00000000,__cxa_pure_virtual
_ZTVN2ox5scene19IBillboardSceneNodeE,10,0x001137c0,_ZNK2ox5scene10ISceneNode25getRelativeTransformationEv
_ZTVN2ox5scene19IBillboardSceneNodeE,11,0x00113b04,_ZN2ox5scene10ISceneNode9isVisibleEv
_ZTVN2ox5scene19IBillboardSceneNodeE,12,0x00113b16,_ZN2ox5scene10ISceneNode10setVisibleEb
_ZTVN2ox5scene19IBillboardSceneNodeE,13,0x00113b28,_ZN2ox5scene10ISceneNode5getIDEv
_ZTVN2ox5scene19IBillboardSceneNodeE,14,0x00113b36,_ZN2ox5scene10ISceneNode5setIDEi
_ZTVN2ox5scene19IBillboardSceneNodeE,15,0x00113b48,_ZN2ox5scene10ISceneNode8addChildEPS1_
_ZTVN2ox5scene19IBillboardSceneNodeE,16,0x00113b8e,_ZN2ox5scene10ISceneNode11removeChildEPS1_
_ZTVN2ox5scene19IBillboardSceneNodeE,17,0x00113672,_ZN2ox5scene10ISceneNode9removeAllEv
_ZTVN2ox5scene19IBillboardSceneNodeE,18,0x00113bde,_ZN2ox5scene10ISceneNode6removeEv
_ZTVN2ox5scene19IBillboardSceneNodeE,19,0x00113c00,_ZN2ox5scene10ISceneNode11addAnimatorEPNS0_18ISceneNodeAnimatorE
_ZTVN2ox5scene19IBillboardSceneNodeE,20,0x00113c3c,_ZN2ox5scene10ISceneNode14removeAnimatorEPNS0_18ISceneNodeAnimatorE
_ZTVN2ox5scene19IBillboardSceneNodeE,21,0x00113c84,_ZN2ox5scene10ISceneNode15removeAnimatorsEv
_ZTVN2ox5scene19IBillboardSceneNodeE,22,0x00113cf0,_ZN2ox5scene10ISceneNode11getMaterialEi
_ZTVN2ox5scene19IBillboardSceneNodeE,23,0x00113cf8,_ZN2ox5scene10ISceneNode16getMaterialCountEv
_ZTVN2ox5scene19IBillboardSceneNodeE,24,0x00113d00,_ZNK2ox5scene10ISceneNode8getScaleEv
_ZTVN2ox5scene19IBillboardSceneNodeE,25,0x00113d2a,_ZN2ox5scene10ISceneNode8setScaleERKNS_4core9CVector3dIfEE
_ZTVN2ox5scene19IBillboardSceneNodeE,26,0x00113d52,_ZNK2ox5scene10ISceneNode11getRotationEv
_ZTVN2ox5scene19IBillboardSceneNodeE,27,0x00113d7c,_ZN2ox5scene10ISceneNode11setRotationERKNS_4core9CVector3dIfEE
_ZTVN2ox5scene19IBillboardSceneNodeE,28,0x00113da4,_ZNK2ox5scene10ISceneNode11getPositionEv
_ZTVN2ox5scene19IBillboardSceneNodeE,29,0x00113dce,_ZN2ox5scene10ISceneNode11setPositionERKNS_4core9CVector3dIfEE
_ZTVN2ox5scene19IBillboardSceneNodeE,30,0x00113df6,_ZNK2ox5scene10ISceneNode19getAbsolutePositionEv
_ZTVN2ox5scene19IBillboardSceneNodeE,31,0x00113e9e,_ZN2ox5scene10ISceneNode9setParentEPS1_
_ZTVN2ox5scene19IBillboardSceneNodeE,32,0x00113ee6,_ZNK2ox5scene10ISceneNode19getTriangleSelectorEv
_ZTVN2ox5scene19IBillboardSceneNodeE,33,0x00113ef4,_ZN2ox5scene10ISceneNode19setTriangleSelectorEPNS0_17ITriangleSelectorE
_ZTVN2ox5scene19IBillboardSceneNodeE,34,0x00113f2c,_ZN2ox5scene10ISceneNode22updateAbsolutePositionEv
_ZTVN2ox5scene19IBillboardSceneNodeE,35,0x00000000,__cxa_pure_virtual
_ZTVN2ox5scene19IBillboardSceneNodeE,36,0x00000000,__cxa_pure_virtual
_ZTVN2ox5scene19IBillboardSceneNodeE,37,0x00000000,
_ZTVN2ox5scene17IBspTreeSceneNodeE,0,0x00000000,
_ZTVN2ox5scene17IBspTreeSceneNodeE,1,0x002604a8,_ZTIN2ox5scene17IBspTreeSceneNodeE
_ZTVN2ox5scene17IBspTreeSceneNodeE,2,0x000f9bb6,_ZN2ox5scene17IBspTreeSceneNodeD1Ev
_ZTVN2ox5scene17IBspTreeSceneNodeE,3,0x000f9bc0,_ZN2ox5scene17IBspTreeSceneNodeD0Ev
_ZTVN2ox5scene17IBspTreeSceneNodeE,4,0x001136dc,_ZN2ox5scene10ISceneNode11OnPreRenderEv
_ZTVN2ox5scene17IBspTreeSceneNodeE,5,0x0011371e,_ZN2ox5scene10ISceneNode12OnPostRenderEj
_ZTVN2ox5scene17IBspTreeSceneNodeE,6,0x00000000,__cxa_pure_virtual
_ZTVN2ox5scene17IBspTreeSceneNodeE,7,0x00113794,_ZNK2ox5scene10ISceneNode7getNameEv
_ZTVN2ox5scene17IBspTreeSceneNodeE,8,0x001137a0,_ZN2ox5scene10ISceneNode7setNameEPKw
_ZTVN2ox5scene17IBspTreeSceneNodeE,9,0x00000000,__cxa_pure_virtual
_ZTVN2ox5scene17IBspTreeSceneNodeE,10,0x001137c0,_ZNK2ox5scene10ISceneNode25getRelativeTransformationEv
_ZTVN2ox5scene17IBspTreeSceneNodeE,11,0x00113b04,_ZN2ox5scene10ISceneNode9isVisibleEv
_ZTVN2ox5scene17IBspTreeSceneNodeE,12,0x00113b16,_ZN2ox5scene10ISceneNode10setVisibleEb
_ZTVN2ox5scene17IBspTreeSceneNodeE,13,0x00113b28,_ZN2ox5scene10ISceneNode5getIDEv
_ZTVN2ox5scene17IBspTreeSceneNodeE,14,0x00113b36,_ZN2ox5scene10ISceneNode5setIDEi
_ZTVN2ox5scene17IBspTreeSceneNodeE,15,0x00113b48,_ZN2ox5scene10ISceneNode8addChildEPS1_
_ZTVN2ox5scene17IBspTreeSceneNodeE,16,0x00113b8e,_ZN2ox5scene10ISceneNode11removeChildEPS1_
_ZTVN2ox5scene17IBspTreeSceneNodeE,17,0x00113672,_ZN2ox5scene10ISceneNode9removeAllEv
_ZTVN2ox5scene17IBspTreeSceneNodeE,18,0x00113bde,_ZN2ox5scene10ISceneNode6removeEv
_ZTVN2ox5scene17IBspTreeSceneNodeE,19,0x00113c00,_ZN2ox5scene10ISceneNode11addAnimatorEPNS0_18ISceneNodeAnimatorE
_ZTVN2ox5scene17IBspTreeSceneNodeE,20,0x00113c3c,_ZN2ox5scene10ISceneNode14removeAnimatorEPNS0_18ISceneNodeAnimatorE
_ZTVN2ox5scene17IBspTreeSceneNodeE,21,0x00113c84,_ZN2ox5scene10ISceneNode15removeAnimatorsEv
_ZTVN2ox5scene17IBspTreeSceneNodeE,22,0x00113cf0,_ZN2ox5scene10ISceneNode11getMaterialEi
_ZTVN2ox5scene17IBspTreeSceneNodeE,23,0x00113cf8,_ZN2ox5scene10ISceneNode16getMaterialCountEv
_ZTVN2ox5scene17IBspTreeSceneNodeE,24,0x00113d00,_ZNK2ox5scene10ISceneNode8getScaleEv
_ZTVN2ox5scene17IBspTreeSceneNodeE,25,0x00113d2a,_ZN2ox5scene10ISceneNode8setScaleERKNS_4core9CVector3dIfEE
_ZTVN2ox5scene17IBspTreeSceneNodeE,26,0x00113d52,_ZNK2ox5scene10ISceneNode11getRotationEv
_ZTVN2ox5scene17IBspTreeSceneNodeE,27,0x00113d7c,_ZN2ox5scene10ISceneNode11setRotationERKNS_4core9CVector3dIfEE
_ZTVN2ox5scene17IBspTreeSceneNodeE,28,0x00113da4,_ZNK2ox5scene10ISceneNode11getPositionEv
_ZTVN2ox5scene17IBspTreeSceneNodeE,29,0x00113dce,_ZN2ox5scene10ISceneNode11setPositionERKNS_4core9CVector3dIfEE
_ZTVN2ox5scene17IBspTreeSceneNodeE,30,0x00113df6,_ZNK2ox5scene10ISceneNode19getAbsolutePositionEv
_ZTVN2ox5scene17IBspTreeSceneNodeE,31,0x00113e9e,_ZN2ox5scene10ISceneNode9setParentEPS1_
_ZTVN2ox5scene17IBspTreeSceneNodeE,32,0x00113ee6,_ZNK2ox5scene10ISceneNode19getTriangleSelectorEv
_ZTVN2ox5scene17IBspTreeSceneNodeE,33,0x00113ef4,_ZN2ox5scene10ISceneNode19setTriangleSelectorEPNS0_17ITriangleSelectorE
_ZTVN2ox5scene17IBspTreeSceneNodeE,34,0x00113f2c,_ZN2ox5scene10ISceneNode22updateAbsolutePositionEv
_ZTVN2ox5scene17IBspTreeSceneNodeE,35,0x00000000,
_ZTVN2ox5scene16ICameraSceneNodeE,0,0x00000000,
_ZTVN2ox5scene16ICameraSceneNodeE,1,0x00260550,_ZTIN2ox5scene16ICameraSceneNodeE
_ZTVN2ox5scene16ICameraSceneNodeE,2,0x000fc750,_ZN2ox5scene16ICameraSceneNodeD1Ev
_ZTVN2ox5scene16ICameraSceneNodeE,3,0x000fc75a,_ZN2ox5scene16ICameraSceneNodeD0Ev
_ZTVN2ox5scene16ICameraSceneNodeE,4,0x001136dc,_ZN2ox5scene10ISceneNode11OnPreRenderEv
_ZTVN2ox5scene16ICameraSceneNodeE,5,0x0011371e,_ZN2ox5scene10ISceneNode12OnPostRenderEj
_ZTVN2ox5scene16ICameraSceneNodeE,6,0x00000000,__cxa_pure_virtual
_ZTVN2ox5scene16ICameraSceneNodeE,7,0x00113794,_ZNK2ox5scene10ISceneNode7getNameEv
_ZTVN2ox5scene16ICameraSceneNodeE,8,0x001137a0,_ZN2ox5scene10ISceneNode7setNameEPKw
_ZTVN2ox5scene16ICameraSceneNodeE,9,0x00000000,__cxa_pure_virtual
_ZTVN2ox5scene16ICameraSceneNodeE,10,0x001137c0,_ZNK2ox5scene10ISceneNode25getRelativeTransformationEv
_ZTVN2ox5scene16ICameraSceneNodeE,11,0x00113b04,_ZN2ox5scene10ISceneNode9isVisibleEv
_ZTVN2ox5scene16ICameraSceneNodeE,12,0x00113b16,_ZN2ox5scene10ISceneNode10setVisibleEb
_ZTVN2ox5scene16ICameraSceneNodeE,13,0x00113b28,_ZN2ox5scene10ISceneNode5getIDEv
_ZTVN2ox5scene16ICameraSceneNodeE,14,0x00113b36,_ZN2ox5scene10ISceneNode5setIDEi
_ZTVN2ox5scene16ICameraSceneNodeE,15,0x00113b48,_ZN2ox5scene10ISceneNode8addChildEPS1_
_ZTVN2ox5scene16ICameraSceneNodeE,16,0x00113b8e,_ZN2ox5scene10ISceneNode11removeChildEPS1_
_ZTVN2ox5scene16ICameraSceneNodeE,17,0x00113672,_ZN2ox5scene10ISceneNode9removeAllEv
_ZTVN2ox5scene16ICameraSceneNodeE,18,0x00113bde,_ZN2ox5scene10ISceneNode6removeEv
_ZTVN2ox5scene16ICameraSceneNodeE,19,0x00113c00,_ZN2ox5scene10ISceneNode11addAnimatorEPNS0_18ISceneNodeAnimatorE
_ZTVN2ox5scene16ICameraSceneNodeE,20,0x00113c3c,_ZN2ox5scene10ISceneNode14removeAnimatorEPNS0_18ISceneNodeAnimatorE
_ZTVN2ox5scene16ICameraSceneNodeE,21,0x00113c84,_ZN2ox5scene10ISceneNode15removeAnimatorsEv
_ZTVN2ox5scene16ICameraSceneNodeE,22,0x00113cf0,_ZN2ox5scene10ISceneNode11getMaterialEi
_ZTVN2ox5scene16ICameraSceneNodeE,23,0x00113cf8,_ZN2ox5scene10ISceneNode16getMaterialCountEv
_ZTVN2ox5scene16ICameraSceneNodeE,24,0x00113d00,_ZNK2ox5scene10ISceneNode8getScaleEv
_ZTVN2ox5scene16ICameraSceneNodeE,25,0x00113d2a,_ZN2ox5scene10ISceneNode8setScaleERKNS_4core9CVector3dIfEE
_ZTVN2ox5scene16ICameraSceneNodeE,26,0x00113d52,_ZNK2ox5scene10ISceneNode11getRotationEv
_ZTVN2ox5scene16ICameraSceneNodeE,27,0x00113d7c,_ZN2ox5scene10ISceneNode11setRotationERKNS_4core9CVector3dIfEE
_ZTVN2ox5scene16ICameraSceneNodeE,28,0x00113da4,_ZNK2ox5scene10ISceneNode11getPositionEv
_ZTVN2ox5scene16ICameraSceneNodeE,29,0x00113dce,_ZN2ox5scene10ISceneNode11setPositionERKNS_4core9CVector3dIfEE
_ZTVN2ox5scene16ICameraSceneNodeE,30,0x00113df6,_ZNK2ox5scene10ISceneNode19getAbsolutePositionEv
_ZTVN2ox5scene16ICameraSceneNodeE,31,0x00113e9e,_ZN2ox5scene10ISceneNode9setParentEPS1_
_ZTVN2ox5scene16ICameraSceneNodeE,32,0x00113ee6,_ZNK2ox5scene10ISceneNode19getTriangleSelectorEv
_ZTVN2ox5scene16ICameraSceneNodeE,33,0x00113ef4,_ZN2ox5scene10ISceneNode19setTriangleSelectorEPNS0_17ITriangleSelectorE
_ZTVN2ox5scene16ICameraSceneNodeE,34,0x00113f2c,_ZN2ox5scene10ISceneNode22updateAbsolutePositionEv
_ZTVN2ox5scene16ICameraSceneNodeE,35,0x00000000,__cxa_pure_virtual
_ZTVN2ox5scene16ICameraSceneNodeE,36,0x00000000,__cxa_pure_virtual
_ZTVN2ox5scene16ICameraSceneNodeE,37,0x00000000,__cxa_pure_virtual
_ZTVN2ox5scene16ICameraSceneNodeE,38,0x00000000,__cxa_pure_virtual
_ZTVN2ox5scene16ICameraSceneNodeE,39,0x00000000,__cxa_pure_virtual
_ZTVN2ox5scene16ICameraSceneNodeE,40,0x00000000,__cxa_pure_virtual
_ZTVN2ox5scene16ICameraSceneNodeE,41,0x00000000,__cxa_pure_virtual
_ZTVN2ox5scene16ICameraSceneNodeE,42,0x00000000,__cxa_pure_virtual
_ZTVN2ox5scene16ICameraSceneNodeE,43,0x00000000,__cxa_pure_virtual
_ZTVN2ox5scene16ICameraSceneNodeE,44,0x00000000,__cxa_pure_virtual
_ZTVN2ox5scene16ICameraSceneNodeE,45,0x00000000,__cxa_pure_virtual
_ZTVN2ox5scene16ICameraSceneNodeE,46,0x00000000,__cxa_pure_virtual
_ZTVN2ox5scene16ICameraSceneNodeE,47,0x00000000,__cxa_pure_virtual
_ZTVN2ox5scene16ICameraSceneNodeE,48,0x00000000,__cxa_pure_virtual
_ZTVN2ox5scene16ICameraSceneNodeE,49,0x00000000,__cxa_pure_virtual
_ZTVN2ox5scene16ICameraSceneNodeE,50,0x00000000,__cxa_pure_virtual
_ZTVN2ox5scene16ICameraSceneNodeE,51,0x00000000,__cxa_pure_virtual
_ZTVN2ox5scene16ICameraSceneNodeE,52,0x00000000,__cxa_pure_virtual
_ZTVN2ox5scene16ICameraSceneNodeE,53,0x00000000,__cxa_pure_virtual
_ZTVN2ox5scene16ICameraSceneNodeE,54,0xffffff60,
_ZTVN2ox5scene16ICameraSceneNodeE,55,0x00260550,_ZTIN2ox5scene16ICameraSceneNodeE
_ZTVN2ox5scene16ICameraSceneNodeE,56,0x00000000,__cxa_pure_virtual
_ZTVN2ox5scene16ICameraSceneNodeE,57,0x000fc78a,_ZThn160_N2ox5scene16ICameraSceneNodeD1Ev
_ZTVN2ox5scene16ICameraSceneNodeE,58,0x000fc7a5,_ZThn160_N2ox5scene16ICameraSceneNodeD0Ev
_ZTVN2ox5scene16ICameraSceneNodeE,59,0x00000000,
_ZTVN2ox5scene16ICameraSceneNodeE,60,0x00000000,
_ZTVN2ox5scene16ICameraSceneNodeE,61,0x00000000,
_ZTVN2ox5scene11IMeshLoaderE,0,0x00000000,
_ZTVN2ox5scene11IMeshLoaderE,1,0x00260668,_ZTIN2ox5scene11IMeshLoaderE
_ZTVN2ox5scene11IMeshLoaderE,2,0x000fcb78,_ZN2ox5scene11IMeshLoaderD1Ev
_ZTVN2ox5scene11IMeshLoaderE,3,0x000fcb7e,_ZN2ox5scene11IMeshLoaderD0Ev
_ZTVN2ox5scene11IMeshLoaderE,4,0x00000000,__cxa_pure_virtual
_ZTVN2ox5scene11IMeshLoaderE,5,0x00000000,__cxa_pure_virtual
_ZTVN2ox5scene29IDummyTransformationSceneNodeE,0,0x00000000,
_ZTVN2ox5scene29IDummyTransformationSceneNodeE,1,0x00260698,_ZTIN2ox5scene29IDummyTransformationSceneNodeE
_ZTVN2ox5scene29IDummyTransformationSceneNodeE,2,0x000fce50,_ZN2ox5scene29IDummyTransformationSceneNodeD1Ev
_ZTVN2ox5scene29IDummyTransformationSceneNodeE,3,0x000fce5a,_ZN2ox5scene29IDummyTransformationSceneNodeD0Ev
_ZTVN2ox5scene29IDummyTransformationSceneNodeE,4,0x001136dc,_ZN2ox5scene10ISceneNode11OnPreRenderEv
_ZTVN2ox5scene29IDummyTransformationSceneNodeE,5,0x0011371e,_ZN2ox5scene10ISceneNode12OnPostRenderEj
_ZTVN2ox5scene29IDummyTransformationSceneNodeE,6,0x00000000,__cxa_pure_virtual
_ZTVN2ox5scene29IDummyTransformationSceneNodeE,7,0x00113794,_ZNK2ox5scene10ISceneNode7getNameEv
_ZTVN2ox5scene29IDummyTransformationSceneNodeE,8,0x001137a0,_ZN2ox5scene10ISceneNode7setNameEPKw
_ZTVN2ox5scene29IDummyTransformationSceneNodeE,9,0x00000000,__cxa_pure_virtual
_ZTVN2ox5scene29IDummyTransformationSceneNodeE,10,0x001137c0,_ZNK2ox5scene10ISceneNode25getRelativeTransformationEv
_ZTVN2ox5scene29IDummyTransformationSceneNodeE,11,0x00113b04,_ZN2ox5scene10ISceneNode9isVisibleEv
_ZTVN2ox5scene29IDummyTransformationSceneNodeE,12,0x00113b16,_ZN2ox5scene10ISceneNode10setVisibleEb
_ZTVN2ox5scene29IDummyTransformationSceneNodeE,13,0x00113b28,_ZN2ox5scene10ISceneNode5getIDEv
_ZTVN2ox5scene29IDummyTransformationSceneNodeE,14,0x00113b36,_ZN2ox5scene10ISceneNode5setIDEi
_ZTVN2ox5scene29IDummyTransformationSceneNodeE,15,0x00113b48,_ZN2ox5scene10ISceneNode8addChildEPS1_
_ZTVN2ox5scene29IDummyTransformationSceneNodeE,16,0x00113b8e,_ZN2ox5scene10ISceneNode11removeChildEPS1_
_ZTVN2ox5scene29IDummyTransformationSceneNodeE,17,0x00113672,_ZN2ox5scene10ISceneNode9removeAllEv
_ZTVN2ox5scene29IDummyTransformationSceneNodeE,18,0x00113bde,_ZN2ox5scene10ISceneNode6removeEv
_ZTVN2ox5scene29IDummyTransformationSceneNodeE,19,0x00113c00,_ZN2ox5scene10ISceneNode11addAnimatorEPNS0_18ISceneNodeAnimatorE
_ZTVN2ox5scene29IDummyTransformationSceneNodeE,20,0x00113c3c,_ZN2ox5scene10ISceneNode14removeAnimatorEPNS0_18ISceneNodeAnimatorE
_ZTVN2ox5scene29IDummyTransformationSceneNodeE,21,0x00113c84,_ZN2ox5scene10ISceneNode15removeAnimatorsEv
_ZTVN2ox5scene29IDummyTransformationSceneNodeE,22,0x00113cf0,_ZN2ox5scene10ISceneNode11getMaterialEi
_ZTVN2ox5scene29IDummyTransformationSceneNodeE,23,0x00113cf8,_ZN2ox5scene10ISceneNode16getMaterialCountEv
_ZTVN2ox5scene29IDummyTransformationSceneNodeE,24,0x00113d00,_ZNK2ox5scene10ISceneNode8getScaleEv
_ZTVN2ox5scene29IDummyTransformationSceneNodeE,25,0x00113d2a,_ZN2ox5scene10ISceneNode8setScaleERKNS_4core9CVector3dIfEE
_ZTVN2ox5scene29IDummyTransformationSceneNodeE,26,0x00113d52,_ZNK2ox5scene10ISceneNode11getRotationEv
_ZTVN2ox5scene29IDummyTransformationSceneNodeE,27,0x00113d7c,_ZN2ox5scene10ISceneNode11setRotationERKNS_4core9CVector3dIfEE
_ZTVN2ox5scene29IDummyTransformationSceneNodeE,28,0x00113da4,_ZNK2ox5scene10ISceneNode11getPositionEv
_ZTVN2ox5scene29IDummyTransformationSceneNodeE,29,0x00113dce,_ZN2ox5scene10ISceneNode11setPositionERKNS_4core9CVector3dIfEE
_ZTVN2ox5scene29IDummyTransformationSceneNodeE,30,0x00113df6,_ZNK2ox5scene10ISceneNode19getAbsolutePositionEv
_ZTVN2ox5scene29IDummyTransformationSceneNodeE,31,0x00113e9e,_ZN2ox5scene10ISceneNode9setParentEPS1_
_ZTVN2ox5scene29IDummyTransformationSceneNodeE,32,0x00113ee6,_ZNK2ox5scene10ISceneNode19getTriangleSelectorEv
_ZTVN2ox5scene29IDummyTransformationSceneNodeE,33,0x00113ef4,_ZN2ox5scene10ISceneNode19setTriangleSelectorEPNS0_17ITriangleSelectorE
_ZTVN2ox5scene29IDummyTransformationSceneNodeE,34,0x00113f2c,_ZN2ox5scene10ISceneNode22updateAbsolutePositionEv
_ZTVN2ox5scene29IDummyTransformationSceneNodeE,35,0x00000000,__cxa_pure_virtual
_ZTVN2ox5scene29IDummyTransformationSceneNodeE,36,0x00000000,
_ZTVN2ox5scene29IDummyTransformationSceneNodeE,37,0x00000000,
_ZTVN2ox5scene15ILightSceneNodeE,0,0x00000000,
_ZTVN2ox5scene15ILightSceneNodeE,1,0x00260748,_ZTIN2ox5scene15ILightSceneNodeE
_ZTVN2ox5scene15ILightSceneNodeE,2,0x000fe496,_ZN2ox5scene15ILightSceneNodeD1Ev
_ZTVN2ox5scene15ILightSceneNodeE,3,0x000fe4a0,_ZN2ox5scene15ILightSceneNodeD0Ev
_ZTVN2ox5scene15ILightSceneNodeE,4,0x001136dc,_ZN2ox5scene10ISceneNode11OnPreRenderEv
_ZTVN2ox5scene15ILightSceneNodeE,5,0x0011371e,_ZN2ox5scene10ISceneNode12OnPostRenderEj
_ZTVN2ox5scene15ILightSceneNodeE,6,0x00000000,__cxa_pure_virtual
_ZTVN2ox5scene15ILightSceneNodeE,7,0x00113794,_ZNK2ox5scene10ISceneNode7getNameEv
_ZTVN2ox5scene15ILightSceneNodeE,8,0x001137a0,_ZN2ox5scene10ISceneNode7setNameEPKw
_ZTVN2ox5scene15ILightSceneNodeE,9,0x00000000,__cxa_pure_virtual
_ZTVN2ox5scene15ILightSceneNodeE,10,0x001137c0,_ZNK2ox5scene10ISceneNode25getRelativeTransformationEv
_ZTVN2ox5scene15ILightSceneNodeE,11,0x00113b04,_ZN2ox5scene10ISceneNode9isVisibleEv
_ZTVN2ox5scene15ILightSceneNodeE,12,0x00113b16,_ZN2ox5scene10ISceneNode10setVisibleEb
_ZTVN2ox5scene15ILightSceneNodeE,13,0x00113b28,_ZN2ox5scene10ISceneNode5getIDEv
_ZTVN2ox5scene15ILightSceneNodeE,14,0x00113b36,_ZN2ox5scene10ISceneNode5setIDEi
_ZTVN2ox5scene15ILightSceneNodeE,15,0x00113b48,_ZN2ox5scene10ISceneNode8addChildEPS1_
_ZTVN2ox5scene15ILightSceneNodeE,16,0x00113b8e,_ZN2ox5scene10ISceneNode11removeChildEPS1_
_ZTVN2ox5scene15ILightSceneNodeE,17,0x00113672,_ZN2ox5scene10ISceneNode9removeAllEv
_ZTVN2ox5scene15ILightSceneNodeE,18,0x00113bde,_ZN2ox5scene10ISceneNode6removeEv
_ZTVN2ox5scene15ILightSceneNodeE,19,0x00113c00,_ZN2ox5scene10ISceneNode11addAnimatorEPNS0_18ISceneNodeAnimatorE
_ZTVN2ox5scene15ILightSceneNodeE,20,0x00113c3c,_ZN2ox5scene10ISceneNode14removeAnimatorEPNS0_18ISceneNodeAnimatorE
_ZTVN2ox5scene15ILightSceneNodeE,21,0x00113c84,_ZN2ox5scene10ISceneNode15removeAnimatorsEv
_ZTVN2ox5scene15ILightSceneNodeE,22,0x00113cf0,_ZN2ox5scene10ISceneNode11getMaterialEi
_ZTVN2ox5scene15ILightSceneNodeE,23,0x00113cf8,_ZN2ox5scene10ISceneNode16getMaterialCountEv
_ZTVN2ox5scene15ILightSceneNodeE,24,0x00113d00,_ZNK2ox5scene10ISceneNode8getScaleEv
_ZTVN2ox5scene15ILightSceneNodeE,25,0x00113d2a,_ZN2ox5scene10ISceneNode8setScaleERKNS_4core9CVector3dIfEE
_ZTVN2ox5scene15ILightSceneNodeE,26,0x00113d52,_ZNK2ox5scene10ISceneNode11getRotationEv
_ZTVN2ox5scene15ILightSceneNodeE,27,0x00113d7c,_ZN2ox5scene10ISceneNode11setRotationERKNS_4core9CVector3dIfEE
_ZTVN2ox5scene15ILightSceneNodeE,28,0x00113da4,_ZNK2ox5scene10ISceneNode11getPositionEv
_ZTVN2ox5scene15ILightSceneNodeE,29,0x00113dce,_ZN2ox5scene10ISceneNode11setPositionERKNS_4core9CVector3dIfEE
_ZTVN2ox5scene15ILightSceneNodeE,30,0x00113df6,_ZNK2ox5scene10ISceneNode19getAbsolutePositionEv
_ZTVN2ox5scene15ILightSceneNodeE,31,0x00113e9e,_ZN2ox5scene10ISceneNode9setParentEPS1_
_ZTVN2ox5scene15ILightSceneNodeE,32,0x00113ee6,_ZNK2ox5scene10ISceneNode19getTriangleSelectorEv
_ZTVN2ox5scene15ILightSceneNodeE,33,0x00113ef4,_ZN2ox5scene10ISceneNode19setTriangleSelectorEPNS0_17ITriangleSelectorE
_ZTVN2ox5scene15ILightSceneNodeE,34,0x00113f2c,_ZN2ox5scene10ISceneNode22updateAbsolutePositionEv
_ZTVN2ox5scene15ILightSceneNodeE,35,0x00000000,__cxa_pure_virtual
_ZTVN2ox5scene15ILightSceneNodeE,36,0x00000000,
_ZTVN2ox5scene15ILightSceneNodeE,37,0x00000000,
_ZTVN2ox5scene19SMeshBufferLightMapE,0,0x00000000,
_ZTVN2ox5scene19SMeshBufferLightMapE,1,0x00260860,_ZTIN2ox5scene19SMeshBufferLightMapE
_ZTVN2ox5scene19SMeshBufferLightMapE,2,0x00100148,_ZN2ox5scene19SMeshBufferLightMapD1Ev
_ZTVN2ox5scene19SMeshBufferLightMapE,3,0x00100152,_ZN2ox5scene19SMeshBufferLightMapD0Ev
_ZTVN2ox5scene19SMeshBufferLightMapE,4,0x00100182,_ZN2ox5scene19SMeshBufferLightMap11getMaterialEv
_ZTVN2ox5scene19SMeshBufferLightMapE,5,0x0010018e,_ZNK2ox5scene19SMeshBufferLightMap11getMaterialEv
_ZTVN2ox5scene19SMeshBufferLightMapE,6,0x0010019a,_ZNK2ox5scene19SMeshBufferLightMap13getVertexTypeEv
_ZTVN2ox5scene19SMeshBufferLightMapE,7,0x001001a4,_ZNK2ox5scene19SMeshBufferLightMap11getVerticesEv
_ZTVN2ox5scene19SMeshBufferLightMapE,8,0x001001b0,_ZN2ox5scene19SMeshBufferLightMap11getVerticesEv
_ZTVN2ox5scene19SMeshBufferLightMapE,9,0x001001bc,_ZNK2ox5scene19SMeshBufferLightMap14getVertexCountEv
_ZTVN2ox5scene19SMeshBufferLightMapE,10,0x001001de,_ZNK2ox5scene19SMeshBufferLightMap10getIndicesEv
_ZTVN2ox5scene19SMeshBufferLightMapE,11,0x001001ea,_ZN2ox5scene19SMeshBufferLightMap10getIndicesEv
_ZTVN2ox5scene19SMeshBufferLightMapE,12,0x001001f6,_ZNK2ox5scene19SMeshBufferLightMap13getIndexCountEv
_ZTVN2ox5scene19SMeshBufferLightMapE,13,0x00100206,_ZNK2ox5scene19SMeshBufferLightMap14getBoundingBoxEv
_ZTVN2ox5scene19SMeshBufferLightMapE,14,0x00100212,_ZN2ox5scene19SMeshBufferLightMap14getBoundingBoxEv
_ZTVN2ox5scene19SMeshBufferLightMapE,15,0x00000000,
_ZTVN2ox5scene11IMeshBufferE,0,0x00000000,
_ZTVN2ox5scene11IMeshBufferE,1,0x00260850,_ZTIN2ox5scene11IMeshBufferE
_ZTVN2ox5scene11IMeshBufferE,2,0x0010025c,_ZN2ox5scene11IMeshBufferD1Ev
_ZTVN2ox5scene11IMeshBufferE,3,0x00100262,_ZN2ox5scene11IMeshBufferD0Ev
_ZTVN2ox5scene11IMeshBufferE,4,0x00000000,__cxa_pure_virtual
_ZTVN2ox5scene11IMeshBufferE,5,0x00000000,__cxa_pure_virtual
_ZTVN2ox5scene11IMeshBufferE,6,0x00000000,__cxa_pure_virtual
_ZTVN2ox5scene11IMeshBufferE,7,0x00000000,__cxa_pure_virtual
_ZTVN2ox5scene11IMeshBufferE,8,0x00000000,__cxa_pure_virtual
_ZTVN2ox5scene11IMeshBufferE,9,0x00000000,__cxa_pure_virtual
_ZTVN2ox5scene11IMeshBufferE,10,0x00000000,__cxa_pure_virtual
_ZTVN2ox5scene11IMeshBufferE,11,0x00000000,__cxa_pure_virtual
_ZTVN2ox5scene11IMeshBufferE,12,0x00000000,__cxa_pure_virtual
_ZTVN2ox5scene11IMeshBufferE,13,0x00000000,__cxa_pure_virtual
_ZTVN2ox5scene11IMeshBufferE,14,0x00000000,__cxa_pure_virtual
_ZTVN2ox5scene11IMeshBufferE,15,0x00000000,
_ZTVN2ox5scene11SMeshBufferE,0,0x00000000,
_ZTVN2ox5scene11SMeshBufferE,1,0x002608f0,_ZTIN2ox5scene11SMeshBufferE
_ZTVN2ox5scene11SMeshBufferE,2,0x001004d4,_ZN2ox5scene11SMeshBufferD1Ev
_ZTVN2ox5scene11SMeshBufferE,3,0x001004de,_ZN2ox5scene11SMeshBufferD0Ev
_ZTVN2ox5scene11SMeshBufferE,4,0x0010050e,_ZN2ox5scene11SMeshBuffer11getMaterialEv
_ZTVN2ox5scene11SMeshBufferE,5,0x0010051a,_ZNK2ox5scene11SMeshBuffer11getMaterialEv
_ZTVN2ox5scene11SMeshBufferE,6,0x00100526,_ZNK2ox5scene11SMeshBuffer13getVertexTypeEv
_ZTVN2ox5scene11SMeshBufferE,7,0x0010052e,_ZNK2ox5scene11SMeshBuffer11getVerticesEv
_ZTVN2ox5scene11SMeshBufferE,8,0x0010053a,_ZN2ox5scene11SMeshBuffer11getVerticesEv
_ZTVN2ox5scene11SMeshBufferE,9,0x00100546,_ZNK2ox5scene11SMeshBuffer14getVertexCountEv
_ZTVN2ox5scene11SMeshBufferE,10,0x00100568,_ZNK2ox5scene11SMeshBuffer10getIndicesEv
_ZTVN2ox5scene11SMeshBufferE,11,0x00100574,_ZN2ox5scene11SMeshBuffer10getIndicesEv
_ZTVN2ox5scene11SMeshBufferE,12,0x00100580,_ZNK2ox5scene11SMeshBuffer13getIndexCountEv
_ZTVN2ox5scene11SMeshBufferE,13,0x00100590,_ZNK2ox5scene11SMeshBuffer14getBoundingBoxEv
_ZTVN2ox5scene11SMeshBufferE,14,0x0010059c,_ZN2ox5scene11SMeshBuffer14getBoundingBoxEv
_ZTVN2ox5scene11SMeshBufferE,15,0x00000000,
_ZTVN2ox5scene5SMeshE,0,0x00000000,
_ZTVN2ox5scene5SMeshE,1,0x00260938,_ZTIN2ox5scene5SMeshE
_ZTVN2ox5scene5SMeshE,2,0x001005e6,_ZN2ox5scene5SMeshD1Ev
_ZTVN2ox5scene5SMeshE,3,0x001005f0,_ZN2ox5scene5SMeshD0Ev
_ZTVN2ox5scene5SMeshE,4,0x00100620,_ZN2ox5scene5SMesh18getMeshBufferCountEv
_ZTVN2ox5scene5SMeshE,5,0x00100632,_ZN2ox5scene5SMesh13getMeshBufferEi
_ZTVN2ox5scene5SMeshE,6,0x00100644,_ZNK2ox5scene5SMesh14getBoundingBoxEv
_ZTVN2ox5scene5SMeshE,7,0x00100650,_ZN2ox5scene5SMesh14getBoundingBoxEv
_ZTVN2ox5scene5SMeshE,8,0x0010065c,_ZN2ox5scene5SMesh15setMaterialFlagENS_5video15E_MATERIAL_FLAGEb
_ZTVN2ox5scene5SMeshE,9,0x00000000,
_ZTVN2ox5scene5IMeshE,0,0x00000000,
_ZTVN2ox5scene5IMeshE,1,0x00260928,_ZTIN2ox5scene5IMeshE
_ZTVN2ox5scene5IMeshE,2,0x00100714,_ZN2ox5scene5IMeshD1Ev
_ZTVN2ox5scene5IMeshE,3,0x0010071a,_ZN2ox5scene5IMeshD0Ev
_ZTVN2ox5scene5IMeshE,4,0x00000000,__cxa_pure_virtual
_ZTVN2ox5scene5IMeshE,5,0x00000000,__cxa_pure_virtual
_ZTVN2ox5scene5IMeshE,6,0x00000000,__cxa_pure_virtual
_ZTVN2ox5scene5IMeshE,7,0x00000000,__cxa_pure_virtual
_ZTVN2ox5scene5IMeshE,8,0x00000000,__cxa_pure_virtual
_ZTVN2ox5scene5IMeshE,9,0x00000000,
_ZTVN2ox5scene5IMeshE,10,0x00000000,
_ZTVN2ox5scene5IMeshE,11,0x00000000,
_ZTVN2ox5scene16IMeshManipulatorE,0,0x00000000,
_ZTVN2ox5scene16IMeshManipulatorE,1,0x002607f8,_ZTIN2ox5scene16IMeshManipulatorE
_ZTVN2ox5scene16IMeshManipulatorE,2,0x00100724,_ZN2ox5scene16IMeshManipulatorD1Ev
_ZTVN2ox5scene16IMeshManipulatorE,3,0x0010072a,_ZN2ox5scene16IMeshManipulatorD0Ev
_ZTVN2ox5scene16IMeshManipulatorE,4,0x00000000,__cxa_pure_virtual
_ZTVN2ox5scene16IMeshManipulatorE,5,0x00000000,__cxa_pure_virtual
_ZTVN2ox5scene16IMeshManipulatorE,6,0x00000000,__cxa_pure_virtual
_ZTVN2ox5scene16IMeshManipulatorE,7,0x00000000,__cxa_pure_virtual
_ZTVN2ox5scene16IMeshManipulatorE,8,0x00000000,__cxa_pure_virtual
_ZTVN2ox5scene16IMeshManipulatorE,9,0x00000000,__cxa_pure_virtual
_ZTVN2ox5scene16IMeshManipulatorE,10,0x00000000,__cxa_pure_virtual
_ZTVN2ox5scene16IMeshManipulatorE,11,0x00000000,__cxa_pure_virtual
_ZTVN2ox5scene16IMeshManipulatorE,12,0x00000000,__cxa_pure_virtual
_ZTVN2ox5scene16IMeshManipulatorE,13,0x00000000,
_ZTVN2ox5scene21IMetaTriangleSelectorE,0,0x00000000,
_ZTVN2ox5scene21IMetaTriangleSelectorE,1,0x002609b8,_ZTIN2ox5scene21IMetaTriangleSelectorE
_ZTVN2ox5scene21IMetaTriangleSelectorE,2,0x00101672,_ZN2ox5scene21IMetaTriangleSelectorD1Ev
_ZTVN2ox5scene21IMetaTriangleSelectorE,3,0x00101678,_ZN2ox5scene21IMetaTriangleSelectorD0Ev
_ZTVN2ox5scene21IMetaTriangleSelectorE,4,0x00000000,__cxa_pure_virtual
_ZTVN2ox5scene21IMetaTriangleSelectorE,5,0x00000000,__cxa_pure_virtual
_ZTVN2ox5scene21IMetaTriangleSelectorE,6,0x00000000,__cxa_pure_virtual
_ZTVN2ox5scene21IMetaTriangleSelectorE,7,0x00000000,__cxa_pure_virtual
_ZTVN2ox5scene21IMetaTriangleSelectorE,8,0x00000000,__cxa_pure_virtual
_ZTVN2ox5scene21IMetaTriangleSelectorE,9,0x00000000,__cxa_pure_virtual
_ZTVN2ox5scene21IMetaTriangleSelectorE,10,0x00000000,__cxa_pure_virtual
_ZTVN2ox5scene21IMetaTriangleSelectorE,11,0x00000000,
_ZTVN2ox5scene21IMetaTriangleSelectorE,12,0x00000000,
_ZTVN2ox5scene21IMetaTriangleSelectorE,13,0x00000000,
_ZTVN2ox5scene17IParticleAffectorE,0,0x00000000,
_ZTVN2ox5scene17IParticleAffectorE,1,0x00260a08,_ZTIN2ox5scene17IParticleAffectorE
_ZTVN2ox5scene17IParticleAffectorE,2,0x00109206,_ZN2ox5scene17IParticleAffectorD1Ev
_ZTVN2ox5scene17IParticleAffectorE,3,0x0010920c,_ZN2ox5scene17IParticleAffectorD0Ev
_ZTVN2ox5scene17IParticleAffectorE,4,0x00000000,__cxa_pure_virtual
_ZTVN2ox5scene17IParticleAffectorE,5,0x00000000,
_ZTVN2ox5scene16IParticleEmitterE,0,0x00000000,
_ZTVN2ox5scene16IParticleEmitterE,1,0x00260a38,_ZTIN2ox5scene16IParticleEmitterE
_ZTVN2ox5scene16IParticleEmitterE,2,0x00109928,_ZN2ox5scene16IParticleEmitterD1Ev
_ZTVN2ox5scene16IParticleEmitterE,3,0x0010992e,_ZN2ox5scene16IParticleEmitterD0Ev
_ZTVN2ox5scene16IParticleEmitterE,4,0x00000000,__cxa_pure_virtual
_ZTVN2ox5scene16IParticleEmitterE,5,0x00000000,
_ZTVN2ox5scene24IParticleSystemSceneNodeE,0,0x00000000,
_ZTVN2ox5scene24IParticleSystemSceneNodeE,1,0x00260a68,_ZTIN2ox5scene24IParticleSystemSceneNodeE
_ZTVN2ox5scene24IParticleSystemSceneNodeE,2,0x0010b52e,_ZN2ox5scene24IParticleSystemSceneNodeD1Ev
_ZTVN2ox5scene24IParticleSystemSceneNodeE,3,0x0010b538,_ZN2ox5scene24IParticleSystemSceneNodeD0Ev
_ZTVN2ox5scene24IParticleSystemSceneNodeE,4,0x001136dc,_ZN2ox5scene10ISceneNode11OnPreRenderEv
_ZTVN2ox5scene24IParticleSystemSceneNodeE,5,0x0011371e,_ZN2ox5scene10ISceneNode12OnPostRenderEj
_ZTVN2ox5scene24IParticleSystemSceneNodeE,6,0x00000000,__cxa_pure_virtual
_ZTVN2ox5scene24IParticleSystemSceneNodeE,7,0x00113794,_ZNK2ox5scene10ISceneNode7getNameEv
_ZTVN2ox5scene24IParticleSystemSceneNodeE,8,0x001137a0,_ZN2ox5scene10ISceneNode7setNameEPKw
_ZTVN2ox5scene24IParticleSystemSceneNodeE,9,0x00000000,__cxa_pure_virtual
_ZTVN2ox5scene24IParticleSystemSceneNodeE,10,0x001137c0,_ZNK2ox5scene10ISceneNode25getRelativeTransformationEv
_ZTVN2ox5scene24IParticleSystemSceneNodeE,11,0x00113b04,_ZN2ox5scene10ISceneNode9isVisibleEv
_ZTVN2ox5scene24IParticleSystemSceneNodeE,12,0x00113b16,_ZN2ox5scene10ISceneNode10setVisibleEb
_ZTVN2ox5scene24IParticleSystemSceneNodeE,13,0x00113b28,_ZN2ox5scene10ISceneNode5getIDEv
_ZTVN2ox5scene24IParticleSystemSceneNodeE,14,0x00113b36,_ZN2ox5scene10ISceneNode5setIDEi
_ZTVN2ox5scene24IParticleSystemSceneNodeE,15,0x00113b48,_ZN2ox5scene10ISceneNode8addChildEPS1_
_ZTVN2ox5scene24IParticleSystemSceneNodeE,16,0x00113b8e,_ZN2ox5scene10ISceneNode11removeChildEPS1_
_ZTVN2ox5scene24IParticleSystemSceneNodeE,17,0x00113672,_ZN2ox5scene10ISceneNode9removeAllEv
_ZTVN2ox5scene24IParticleSystemSceneNodeE,18,0x00113bde,_ZN2ox5scene10ISceneNode6removeEv
_ZTVN2ox5scene24IParticleSystemSceneNodeE,19,0x00113c00,_ZN2ox5scene10ISceneNode11addAnimatorEPNS0_18ISceneNodeAnimatorE
_ZTVN2ox5scene24IParticleSystemSceneNodeE,20,0x00113c3c,_ZN2ox5scene10ISceneNode14removeAnimatorEPNS0_18ISceneNodeAnimatorE
_ZTVN2ox5scene24IParticleSystemSceneNodeE,21,0x00113c84,_ZN2ox5scene10ISceneNode15removeAnimatorsEv
_ZTVN2ox5scene24IParticleSystemSceneNodeE,22,0x00113cf0,_ZN2ox5scene10ISceneNode11getMaterialEi
_ZTVN2ox5scene24IParticleSystemSceneNodeE,23,0x00113cf8,_ZN2ox5scene10ISceneNode16getMaterialCountEv
_ZTVN2ox5scene24IParticleSystemSceneNodeE,24,0x00113d00,_ZNK2ox5scene10ISceneNode8getScaleEv
_ZTVN2ox5scene24IParticleSystemSceneNodeE,25,0x00113d2a,_ZN2ox5scene10ISceneNode8setScaleERKNS_4core9CVector3dIfEE
_ZTVN2ox5scene24IParticleSystemSceneNodeE,26,0x00113d52,_ZNK2ox5scene10ISceneNode11getRotationEv
_ZTVN2ox5scene24IParticleSystemSceneNodeE,27,0x00113d7c,_ZN2ox5scene10ISceneNode11setRotationERKNS_4core9CVector3dIfEE
_ZTVN2ox5scene24IParticleSystemSceneNodeE,28,0x00113da4,_ZNK2ox5scene10ISceneNode11getPositionEv
_ZTVN2ox5scene24IParticleSystemSceneNodeE,29,0x00113dce,_ZN2ox5scene10ISceneNode11setPositionERKNS_4core9CVector3dIfEE
_ZTVN2ox5scene24IParticleSystemSceneNodeE,30,0x00113df6,_ZNK2ox5scene10ISceneNode19getAbsolutePositionEv
_ZTVN2ox5scene24IParticleSystemSceneNodeE,31,0x00113e9e,_ZN2ox5scene10ISceneNode9setParentEPS1_
_ZTVN2ox5scene24IParticleSystemSceneNodeE,32,0x00113ee6,_ZNK2ox5scene10ISceneNode19getTriangleSelectorEv
_ZTVN2ox5scene24IParticleSystemSceneNodeE,33,0x00113ef4,_ZN2ox5scene10ISceneNode19setTriangleSelectorEPNS0_17ITriangleSelectorE
_ZTVN2ox5scene24IParticleSystemSceneNodeE,34,0x00113f2c,_ZN2ox5scene10ISceneNode22updateAbsolutePositionEv
_ZTVN2ox5scene24IParticleSystemSceneNodeE,35,0x00000000,__cxa_pure_virtual
_ZTVN2ox5scene24IParticleSystemSceneNodeE,36,0x00000000,__cxa_pure_virtual
_ZTVN2ox5scene24IParticleSystemSceneNodeE,37,0x00000000,__cxa_pure_virtual
_ZTVN2ox5scene24IParticleSystemSceneNodeE,38,0x00000000,__cxa_pure_virtual
_ZTVN2ox5scene24IParticleSystemSceneNodeE,39,0x00000000,__cxa_pure_virtual
_ZTVN2ox5scene24IParticleSystemSceneNodeE,40,0x00000000,__cxa_pure_virtual
_ZTVN2ox5scene24IParticleSystemSceneNodeE,41,0x00000000,__cxa_pure_virtual
_ZTVN2ox5scene24IParticleSystemSceneNodeE,42,0x00000000,__cxa_pure_virtual
_ZTVN2ox5scene24IParticleSystemSceneNodeE,43,0x00000000,
_ZTVN2ox5scene24IParticleSystemSceneNodeE,44,0x00000000,
_ZTVN2ox5scene24IParticleSystemSceneNodeE,45,0x00000000,
_ZTVN2ox5scene12IQ3LevelMeshE,0,0x00000000,
_ZTVN2ox5scene12IQ3LevelMeshE,1,0x00260b38,_ZTIN2ox5scene12IQ3LevelMeshE
_ZTVN2ox5scene12IQ3LevelMeshE,2,0x0010d84e,_ZN2ox5scene12IQ3LevelMeshD1Ev
_ZTVN2ox5scene12IQ3LevelMeshE,3,0x0010d854,_ZN2ox5scene12IQ3LevelMeshD0Ev
_ZTVN2ox5scene12IQ3LevelMeshE,4,0x00000000,__cxa_pure_virtual
_ZTVN2ox5scene12IQ3LevelMeshE,5,0x00000000,__cxa_pure_virtual
_ZTVN2ox5scene12IQ3LevelMeshE,6,0x00000000,__cxa_pure_virtual
_ZTVN2ox5scene12IQ3LevelMeshE,7,0x000f01fc,_ZNK2ox5scene13IAnimatedMesh11getMeshTypeEv
_ZTVN2ox5scene12IQ3LevelMeshE,8,0x00000000,
_ZTVN2ox5scene12IQ3LevelMeshE,9,0x00000000,
_ZTVN2ox5scene22ISceneCollisionManagerE,0,0x00000000,
_ZTVN2ox5scene22ISceneCollisionManagerE,1,0x00260b78,_ZTIN2ox5scene22ISceneCollisionManagerE
_ZTVN2ox5scene22ISceneCollisionManagerE,2,0x00110b5e,_ZN2ox5scene22ISceneCollisionManagerD1Ev
_ZTVN2ox5scene22ISceneCollisionManagerE,3,0x00110b64,_ZN2ox5scene22ISceneCollisionManagerD0Ev
_ZTVN2ox5scene22ISceneCollisionManagerE,4,0x00000000,__cxa_pure_virtual
_ZTVN2ox5scene22ISceneCollisionManagerE,5,0x00000000,__cxa_pure_virtual
_ZTVN2ox5scene22ISceneCollisionManagerE,6,0x00000000,__cxa_pure_virtual
_ZTVN2ox5scene22ISceneCollisionManagerE,7,0x00000000,__cxa_pure_virtual
_ZTVN2ox5scene22ISceneCollisionManagerE,8,0x00000000,__cxa_pure_virtual
_ZTVN2ox5scene22ISceneCollisionManagerE,9,0x00000000,__cxa_pure_virtual
_ZTVN2ox5scene22ISceneCollisionManagerE,10,0x00000000,__cxa_pure_virtual
_ZTVN2ox5scene22ISceneCollisionManagerE,11,0x00000000,
_ZTVN2ox5scene22ISceneCollisionManagerE,12,0x00000000,
_ZTVN2ox5scene22ISceneCollisionManagerE,13,0x00000000,
_ZTVN2ox5scene10ISceneNodeE,0,0x00000000,
_ZTVN2ox5scene10ISceneNodeE,1,0x00260bd8,_ZTIN2ox5scene10ISceneNodeE
_ZTVN2ox5scene10ISceneNodeE,2,0x00115f6c,_ZN2ox5scene10ISceneNodeD1Ev
_ZTVN2ox5scene10ISceneNodeE,3,0x00115f76,_ZN2ox5scene10ISceneNodeD0Ev
_ZTVN2ox5scene10ISceneNodeE,4,0x001136dc,_ZN2ox5scene10ISceneNode11OnPreRenderEv
_ZTVN2ox5scene10ISceneNodeE,5,0x0011371e,_ZN2ox5scene10ISceneNode12OnPostRenderEj
_ZTVN2ox5scene10ISceneNodeE,6,0x00000000,__cxa_pure_virtual
_ZTVN2ox5scene10ISceneNodeE,7,0x00113794,_ZNK2ox5scene10ISceneNode7getNameEv
_ZTVN2ox5scene10ISceneNodeE,8,0x001137a0,_ZN2ox5scene10ISceneNode7setNameEPKw
_ZTVN2ox5scene10ISceneNodeE,9,0x00000000,__cxa_pure_virtual
_ZTVN2ox5scene10ISceneNodeE,10,0x001137c0,_ZNK2ox5scene10ISceneNode25getRelativeTransformationEv
_ZTVN2ox5scene10ISceneNodeE,11,0x00113b04,_ZN2ox5scene10ISceneNode9isVisibleEv
_ZTVN2ox5scene10ISceneNodeE,12,0x00113b16,_ZN2ox5scene10ISceneNode10setVisibleEb
_ZTVN2ox5scene10ISceneNodeE,13,0x00113b28,_ZN2ox5scene10ISceneNode5getIDEv
_ZTVN2ox5scene10ISceneNodeE,14,0x00113b36,_ZN2ox5scene10ISceneNode5setIDEi
_ZTVN2ox5scene10ISceneNodeE,15,0x00113b48,_ZN2ox5scene10ISceneNode8addChildEPS1_
_ZTVN2ox5scene10ISceneNodeE,16,0x00113b8e,_ZN2ox5scene10ISceneNode11removeChildEPS1_
_ZTVN2ox5scene10ISceneNodeE,17,0x00113672,_ZN2ox5scene10ISceneNode9removeAllEv
_ZTVN2ox5scene10ISceneNodeE,18,0x00113bde,_ZN2ox5scene10ISceneNode6removeEv
_ZTVN2ox5scene10ISceneNodeE,19,0x00113c00,_ZN2ox5scene10ISceneNode11addAnimatorEPNS0_18ISceneNodeAnimatorE
_ZTVN2ox5scene10ISceneNodeE,20,0x00113c3c,_ZN2ox5scene10ISceneNode14removeAnimatorEPNS0_18ISceneNodeAnimatorE
_ZTVN2ox5scene10ISceneNodeE,21,0x00113c84,_ZN2ox5scene10ISceneNode15removeAnimatorsEv
_ZTVN2ox5scene10ISceneNodeE,22,0x00113cf0,_ZN2ox5scene10ISceneNode11getMaterialEi
_ZTVN2ox5scene10ISceneNodeE,23,0x00113cf8,_ZN2ox5scene10ISceneNode16getMaterialCountEv
_ZTVN2ox5scene10ISceneNodeE,24,0x00113d00,_ZNK2ox5scene10ISceneNode8getScaleEv
_ZTVN2ox5scene10ISceneNodeE,25,0x00113d2a,_ZN2ox5scene10ISceneNode8setScaleERKNS_4core9CVector3dIfEE
_ZTVN2ox5scene10ISceneNodeE,26,0x00113d52,_ZNK2ox5scene10ISceneNode11getRotationEv
_ZTVN2ox5scene10ISceneNodeE,27,0x00113d7c,_ZN2ox5scene10ISceneNode11setRotationERKNS_4core9CVector3dIfEE
_ZTVN2ox5scene10ISceneNodeE,28,0x00113da4,_ZNK2ox5scene10ISceneNode11getPositionEv
_ZTVN2ox5scene10ISceneNodeE,29,0x00113dce,_ZN2ox5scene10ISceneNode11setPositionERKNS_4core9CVector3dIfEE
_ZTVN2ox5scene10ISceneNodeE,30,0x00113df6,_ZNK2ox5scene10ISceneNode19getAbsolutePositionEv
_ZTVN2ox5scene10ISceneNodeE,31,0x00113e9e,_ZN2ox5scene10ISceneNode9setParentEPS1_
_ZTVN2ox5scene10ISceneNodeE,32,0x00113ee6,_ZNK2ox5scene10ISceneNode19getTriangleSelectorEv
_ZTVN2ox5scene10ISceneNodeE,33,0x00113ef4,_ZN2ox5scene10ISceneNode19setTriangleSelectorEPNS0_17ITriangleSelectorE
_ZTVN2ox5scene10ISceneNodeE,34,0x00113f2c,_ZN2ox5scene10ISceneNode22updateAbsolutePositionEv
_ZTVN2ox5scene10ISceneNodeE,35,0x00000000,
_ZTVN2ox5scene13ISceneManagerE,0,0x00000000,
_ZTVN2ox5scene13ISceneManagerE,1,0x00260bc8,_ZTIN2ox5scene13ISceneManagerE
_ZTVN2ox5scene13ISceneManagerE,2,0x00115fe6,_ZN2ox5scene13ISceneManagerD1Ev
_ZTVN2ox5scene13ISceneManagerE,3,0x00115fec,_ZN2ox5scene13ISceneManagerD0Ev
_ZTVN2ox5scene13ISceneManagerE,4,0x00000000,__cxa_pure_virtual
_ZTVN2ox5scene13ISceneManagerE,5,0x00000000,__cxa_pure_virtual
_ZTVN2ox5scene13ISceneManagerE,6,0x00000000,__cxa_pure_virtual
_ZTVN2ox5scene13ISceneManagerE,7,0x00000000,__cxa_pure_virtual
_ZTVN2ox5scene13ISceneManagerE,8,0x00000000,__cxa_pure_virtual
_ZTVN2ox5scene13ISceneManagerE,9,0x00000000,__cxa_pure_virtual
_ZTVN2ox5scene13ISceneManagerE,10,0x00000000,__cxa_pure_virtual
_ZTVN2ox5scene13ISceneManagerE,11,0x00000000,__cxa_pure_virtual
_ZTVN2ox5scene13ISceneManagerE,12,0x00000000,__cxa_pure_virtual
_ZTVN2ox5scene13ISceneManagerE,13,0x00000000,__cxa_pure_virtual
_ZTVN2ox5scene13ISceneManagerE,14,0x00000000,__cxa_pure_virtual
_ZTVN2ox5scene13ISceneManagerE,15,0x00000000,__cxa_pure_virtual
_ZTVN2ox5scene13ISceneManagerE,16,0x00000000,__cxa_pure_virtual
_ZTVN2ox5scene13ISceneManagerE,17,0x00000000,__cxa_pure_virtual
_ZTVN2ox5scene13ISceneManagerE,18,0x00000000,__cxa_pure_virtual
_ZTVN2ox5scene13ISceneManagerE,19,0x00000000,__cxa_pure_virtual
_ZTVN2ox5scene13ISceneManagerE,20,0x00000000,__cxa_pure_virtual
_ZTVN2ox5scene13ISceneManagerE,21,0x00000000,__cxa_pure_virtual
_ZTVN2ox5scene13ISceneManagerE,22,0x00000000,__cxa_pure_virtual
_ZTVN2ox5scene13ISceneManagerE,23,0x00000000,__cxa_pure_virtual
_ZTVN2ox5scene13ISceneManagerE,24,0x00000000,__cxa_pure_virtual
_ZTVN2ox5scene13ISceneManagerE,25,0x00000000,__cxa_pure_virtual
_ZTVN2ox5scene13ISceneManagerE,26,0x00000000,__cxa_pure_virtual
_ZTVN2ox5scene13ISceneManagerE,27,0x00000000,__cxa_pure_virtual
_ZTVN2ox5scene13ISceneManagerE,28,0x00000000,__cxa_pure_virtual
_ZTVN2ox5scene13ISceneManagerE,29,0x00000000,__cxa_pure_virtual
_ZTVN2ox5scene13ISceneManagerE,30,0x00000000,__cxa_pure_virtual
_ZTVN2ox5scene13ISceneManagerE,31,0x00000000,__cxa_pure_virtual
_ZTVN2ox5scene13ISceneManagerE,32,0x00000000,__cxa_pure_virtual
_ZTVN2ox5scene13ISceneManagerE,33,0x00000000,__cxa_pure_virtual
_ZTVN2ox5scene13ISceneManagerE,34,0x00000000,__cxa_pure_virtual
_ZTVN2ox5scene13ISceneManagerE,35,0x00000000,__cxa_pure_virtual
_ZTVN2ox5scene13ISceneManagerE,36,0x00000000,__cxa_pure_virtual
_ZTVN2ox5scene13ISceneManagerE,37,0x00000000,__cxa_pure_virtual
_ZTVN2ox5scene13ISceneManagerE,38,0x00000000,__cxa_pure_virtual
_ZTVN2ox5scene13ISceneManagerE,39,0x00000000,__cxa_pure_virtual
_ZTVN2ox5scene13ISceneManagerE,40,0x00000000,__cxa_pure_virtual
_ZTVN2ox5scene13ISceneManagerE,41,0x00000000,__cxa_pure_virtual
_ZTVN2ox5scene13ISceneManagerE,42,0x00000000,__cxa_pure_virtual
_ZTVN2ox5scene13ISceneManagerE,43,0x00000000,__cxa_pure_virtual
_ZTVN2ox5scene13ISceneManagerE,44,0x00000000,__cxa_pure_virtual
_ZTVN2ox5scene13ISceneManagerE,45,0x00000000,__cxa_pure_virtual
_ZTVN2ox5scene13ISceneManagerE,46,0x00000000,__cxa_pure_virtual
_ZTVN2ox5scene13ISceneManagerE,47,0x00000000,__cxa_pure_virtual
_ZTVN2ox5scene13ISceneManagerE,48,0x00000000,__cxa_pure_virtual
_ZTVN2ox5scene13ISceneManagerE,49,0x00000000,__cxa_pure_virtual
_ZTVN2ox5scene13ISceneManagerE,50,0x00000000,__cxa_pure_virtual
_ZTVN2ox5scene13ISceneManagerE,51,0x00000000,__cxa_pure_virtual
_ZTVN2ox5scene13ISceneManagerE,52,0x00000000,
_ZTVN2ox5scene13ISceneManagerE,53,0x00000000,
_ZTVN2ox5scene35ISceneNodeAnimatorCollisionResponseE,0,0x00000000,
_ZTVN2ox5scene35ISceneNodeAnimatorCollisionResponseE,1,0x00260d58,_ZTIN2ox5scene35ISceneNodeAnimatorCollisionResponseE
_ZTVN2ox5scene35ISceneNodeAnimatorCollisionResponseE,2,0x001166de,_ZN2ox5scene35ISceneNodeAnimatorCollisionResponseD1Ev
_ZTVN2ox5scene35ISceneNodeAnimatorCollisionResponseE,3,0x001166e4,_ZN2ox5scene35ISceneNodeAnimatorCollisionResponseD0Ev
_ZTVN2ox5scene35ISceneNodeAnimatorCollisionResponseE,4,0x00000000,__cxa_pure_virtual
_ZTVN2ox5scene35ISceneNodeAnimatorCollisionResponseE,5,0x00000000,__cxa_pure_virtual
_ZTVN2ox5scene35ISceneNodeAnimatorCollisionResponseE,6,0x00000000,__cxa_pure_virtual
_ZTVN2ox5scene35ISceneNodeAnimatorCollisionResponseE,7,0x00000000,__cxa_pure_virtual
_ZTVN2ox5scene35ISceneNodeAnimatorCollisionResponseE,8,0x00000000,__cxa_pure_virtual
_ZTVN2ox5scene35ISceneNodeAnimatorCollisionResponseE,9,0x00000000,__cxa_pure_virtual
_ZTVN2ox5scene35ISceneNodeAnimatorCollisionResponseE,10,0x00000000,__cxa_pure_virtual
_ZTVN2ox5scene35ISceneNodeAnimatorCollisionResponseE,11,0x00000000,__cxa_pure_virtual
_ZTVN2ox5scene35ISceneNodeAnimatorCollisionResponseE,12,0x00000000,__cxa_pure_virtual
_ZTVN2ox5scene35ISceneNodeAnimatorCollisionResponseE,13,0x00000000,__cxa_pure_virtual
_ZTVN2ox5scene35ISceneNodeAnimatorCollisionResponseE,14,0x00000000,__cxa_pure_virtual
_ZTVN2ox5scene35ISceneNodeAnimatorCollisionResponseE,15,0x00000000,__cxa_pure_virtual
_ZTVN2ox5scene35ISceneNodeAnimatorCollisionResponseE,16,0x00000000,
_ZTVN2ox5scene35ISceneNodeAnimatorCollisionResponseE,17,0x00000000,
_ZTVN2ox5scene18ISceneNodeAnimatorE,0,0x00000000,
_ZTVN2ox5scene18ISceneNodeAnimatorE,1,0x00260db8,_ZTIN2ox5scene18ISceneNodeAnimatorE
_ZTVN2ox5scene18ISceneNodeAnimatorE,2,0x00117322,_ZN2ox5scene18ISceneNodeAnimatorD1Ev
_ZTVN2ox5scene18ISceneNodeAnimatorE,3,0x00117328,_ZN2ox5scene18ISceneNodeAnimatorD0Ev
_ZTVN2ox5scene18ISceneNodeAnimatorE,4,0x00000000,__cxa_pure_virtual
_ZTVN2ox5scene18ISceneNodeAnimatorE,5,0x00000000,
_ZTVN2ox5scene22IShadowVolumeSceneNodeE,0,0x00000000,
_ZTVN2ox5scene22IShadowVolumeSceneNodeE,1,0x00260de8,_ZTIN2ox5scene22IShadowVolumeSceneNodeE
_ZTVN2ox5scene22IShadowVolumeSceneNodeE,2,0x0011927a,_ZN2ox5scene22IShadowVolumeSceneNodeD1Ev
_ZTVN2ox5scene22IShadowVolumeSceneNodeE,3,0x00119284,_ZN2ox5scene22IShadowVolumeSceneNodeD0Ev
_ZTVN2ox5scene22IShadowVolumeSceneNodeE,4,0x001136dc,_ZN2ox5scene10ISceneNode11OnPreRenderEv
_ZTVN2ox5scene22IShadowVolumeSceneNodeE,5,0x0011371e,_ZN2ox5scene10ISceneNode12OnPostRenderEj
_ZTVN2ox5scene22IShadowVolumeSceneNodeE,6,0x00000000,__cxa_pure_virtual
_ZTVN2ox5scene22IShadowVolumeSceneNodeE,7,0x00113794,_ZNK2ox5scene10ISceneNode7getNameEv
_ZTVN2ox5scene22IShadowVolumeSceneNodeE,8,0x001137a0,_ZN2ox5scene10ISceneNode7setNameEPKw
_ZTVN2ox5scene22IShadowVolumeSceneNodeE,9,0x00000000,__cxa_pure_virtual
_ZTVN2ox5scene22IShadowVolumeSceneNodeE,10,0x001137c0,_ZNK2ox5scene10ISceneNode25getRelativeTransformationEv
_ZTVN2ox5scene22IShadowVolumeSceneNodeE,11,0x00113b04,_ZN2ox5scene10ISceneNode9isVisibleEv
_ZTVN2ox5scene22IShadowVolumeSceneNodeE,12,0x00113b16,_ZN2ox5scene10ISceneNode10setVisibleEb
_ZTVN2ox5scene22IShadowVolumeSceneNodeE,13,0x00113b28,_ZN2ox5scene10ISceneNode5getIDEv
_ZTVN2ox5scene22IShadowVolumeSceneNodeE,14,0x00113b36,_ZN2ox5scene10ISceneNode5setIDEi
_ZTVN2ox5scene22IShadowVolumeSceneNodeE,15,0x00113b48,_ZN2ox5scene10ISceneNode8addChildEPS1_
_ZTVN2ox5scene22IShadowVolumeSceneNodeE,16,0x00113b8e,_ZN2ox5scene10ISceneNode11removeChildEPS1_
_ZTVN2ox5scene22IShadowVolumeSceneNodeE,17,0x00113672,_ZN2ox5scene10ISceneNode9removeAllEv
_ZTVN2ox5scene22IShadowVolumeSceneNodeE,18,0x00113bde,_ZN2ox5scene10ISceneNode6removeEv
_ZTVN2ox5scene22IShadowVolumeSceneNodeE,19,0x00113c00,_ZN2ox5scene10ISceneNode11addAnimatorEPNS0_18ISceneNodeAnimatorE
_ZTVN2ox5scene22IShadowVolumeSceneNodeE,20,0x00113c3c,_ZN2ox5scene10ISceneNode14removeAnimatorEPNS0_18ISceneNodeAnimatorE
_ZTVN2ox5scene22IShadowVolumeSceneNodeE,21,0x00113c84,_ZN2ox5scene10ISceneNode15removeAnimatorsEv
_ZTVN2ox5scene22IShadowVolumeSceneNodeE,22,0x00113cf0,_ZN2ox5scene10ISceneNode11getMaterialEi
_ZTVN2ox5scene22IShadowVolumeSceneNodeE,23,0x00113cf8,_ZN2ox5scene10ISceneNode16getMaterialCountEv
_ZTVN2ox5scene22IShadowVolumeSceneNodeE,24,0x00113d00,_ZNK2ox5scene10ISceneNode8getScaleEv
_ZTVN2ox5scene22IShadowVolumeSceneNodeE,25,0x00113d2a,_ZN2ox5scene10ISceneNode8setScaleERKNS_4core9CVector3dIfEE
_ZTVN2ox5scene22IShadowVolumeSceneNodeE,26,0x00113d52,_ZNK2ox5scene10ISceneNode11getRotationEv
_ZTVN2ox5scene22IShadowVolumeSceneNodeE,27,0x00113d7c,_ZN2ox5scene10ISceneNode11setRotationERKNS_4core9CVector3dIfEE
_ZTVN2ox5scene22IShadowVolumeSceneNodeE,28,0x00113da4,_ZNK2ox5scene10ISceneNode11getPositionEv
_ZTVN2ox5scene22IShadowVolumeSceneNodeE,29,0x00113dce,_ZN2ox5scene10ISceneNode11setPositionERKNS_4core9CVector3dIfEE
_ZTVN2ox5scene22IShadowVolumeSceneNodeE,30,0x00113df6,_ZNK2ox5scene10ISceneNode19getAbsolutePositionEv
_ZTVN2ox5scene22IShadowVolumeSceneNodeE,31,0x00113e9e,_ZN2ox5scene10ISceneNode9setParentEPS1_
_ZTVN2ox5scene22IShadowVolumeSceneNodeE,32,0x00113ee6,_ZNK2ox5scene10ISceneNode19getTriangleSelectorEv
_ZTVN2ox5scene22IShadowVolumeSceneNodeE,33,0x00113ef4,_ZN2ox5scene10ISceneNode19setTriangleSelectorEPNS0_17ITriangleSelectorE
_ZTVN2ox5scene22IShadowVolumeSceneNodeE,34,0x00113f2c,_ZN2ox5scene10ISceneNode22updateAbsolutePositionEv
_ZTVN2ox5scene22IShadowVolumeSceneNodeE,35,0x00000000,__cxa_pure_virtual
_ZTVN2ox5scene22IShadowVolumeSceneNodeE,36,0x00000000,
_ZTVN2ox5scene22IShadowVolumeSceneNodeE,37,0x00000000,
_ZTVN2ox5scene17ITerrainSceneNodeE,0,0x00000000,
_ZTVN2ox5scene17ITerrainSceneNodeE,1,0x00260e98,_ZTIN2ox5scene17ITerrainSceneNodeE
_ZTVN2ox5scene17ITerrainSceneNodeE,2,0x0011f45a,_ZN2ox5scene17ITerrainSceneNodeD1Ev
_ZTVN2ox5scene17ITerrainSceneNodeE,3,0x0011f464,_ZN2ox5scene17ITerrainSceneNodeD0Ev
_ZTVN2ox5scene17ITerrainSceneNodeE,4,0x001136dc,_ZN2ox5scene10ISceneNode11OnPreRenderEv
_ZTVN2ox5scene17ITerrainSceneNodeE,5,0x0011371e,_ZN2ox5scene10ISceneNode12OnPostRenderEj
_ZTVN2ox5scene17ITerrainSceneNodeE,6,0x00000000,__cxa_pure_virtual
_ZTVN2ox5scene17ITerrainSceneNodeE,7,0x00113794,_ZNK2ox5scene10ISceneNode7getNameEv
_ZTVN2ox5scene17ITerrainSceneNodeE,8,0x001137a0,_ZN2ox5scene10ISceneNode7setNameEPKw
_ZTVN2ox5scene17ITerrainSceneNodeE,9,0x00000000,__cxa_pure_virtual
_ZTVN2ox5scene17ITerrainSceneNodeE,10,0x001137c0,_ZNK2ox5scene10ISceneNode25getRelativeTransformationEv
_ZTVN2ox5scene17ITerrainSceneNodeE,11,0x00113b04,_ZN2ox5scene10ISceneNode9isVisibleEv
_ZTVN2ox5scene17ITerrainSceneNodeE,12,0x00113b16,_ZN2ox5scene10ISceneNode10setVisibleEb
_ZTVN2ox5scene17ITerrainSceneNodeE,13,0x00113b28,_ZN2ox5scene10ISceneNode5getIDEv
_ZTVN2ox5scene17ITerrainSceneNodeE,14,0x00113b36,_ZN2ox5scene10ISceneNode5setIDEi
_ZTVN2ox5scene17ITerrainSceneNodeE,15,0x00113b48,_ZN2ox5scene10ISceneNode8addChildEPS1_
_ZTVN2ox5scene17ITerrainSceneNodeE,16,0x00113b8e,_ZN2ox5scene10ISceneNode11removeChildEPS1_
_ZTVN2ox5scene17ITerrainSceneNodeE,17,0x00113672,_ZN2ox5scene10ISceneNode9removeAllEv
_ZTVN2ox5scene17ITerrainSceneNodeE,18,0x00113bde,_ZN2ox5scene10ISceneNode6removeEv
_ZTVN2ox5scene17ITerrainSceneNodeE,19,0x00113c00,_ZN2ox5scene10ISceneNode11addAnimatorEPNS0_18ISceneNodeAnimatorE
_ZTVN2ox5scene17ITerrainSceneNodeE,20,0x00113c3c,_ZN2ox5scene10ISceneNode14removeAnimatorEPNS0_18ISceneNodeAnimatorE
_ZTVN2ox5scene17ITerrainSceneNodeE,21,0x00113c84,_ZN2ox5scene10ISceneNode15removeAnimatorsEv
_ZTVN2ox5scene17ITerrainSceneNodeE,22,0x00113cf0,_ZN2ox5scene10ISceneNode11getMaterialEi
_ZTVN2ox5scene17ITerrainSceneNodeE,23,0x00113cf8,_ZN2ox5scene10ISceneNode16getMaterialCountEv
_ZTVN2ox5scene17ITerrainSceneNodeE,24,0x00113d00,_ZNK2ox5scene10ISceneNode8getScaleEv
_ZTVN2ox5scene17ITerrainSceneNodeE,25,0x00113d2a,_ZN2ox5scene10ISceneNode8setScaleERKNS_4core9CVector3dIfEE
_ZTVN2ox5scene17ITerrainSceneNodeE,26,0x00113d52,_ZNK2ox5scene10ISceneNode11getRotationEv
_ZTVN2ox5scene17ITerrainSceneNodeE,27,0x00113d7c,_ZN2ox5scene10ISceneNode11setRotationERKNS_4core9CVector3dIfEE
_ZTVN2ox5scene17ITerrainSceneNodeE,28,0x00113da4,_ZNK2ox5scene10ISceneNode11getPositionEv
_ZTVN2ox5scene17ITerrainSceneNodeE,29,0x00113dce,_ZN2ox5scene10ISceneNode11setPositionERKNS_4core9CVector3dIfEE
_ZTVN2ox5scene17ITerrainSceneNodeE,30,0x00113df6,_ZNK2ox5scene10ISceneNode19getAbsolutePositionEv
_ZTVN2ox5scene17ITerrainSceneNodeE,31,0x00113e9e,_ZN2ox5scene10ISceneNode9setParentEPS1_
_ZTVN2ox5scene17ITerrainSceneNodeE,32,0x00113ee6,_ZNK2ox5scene10ISceneNode19getTriangleSelectorEv
_ZTVN2ox5scene17ITerrainSceneNodeE,33,0x00113ef4,_ZN2ox5scene10ISceneNode19setTriangleSelectorEPNS0_17ITriangleSelectorE
_ZTVN2ox5scene17ITerrainSceneNodeE,34,0x00113f2c,_ZN2ox5scene10ISceneNode22updateAbsolutePositionEv
_ZTVN2ox5scene17ITerrainSceneNodeE,35,0x00000000,__cxa_pure_virtual
_ZTVN2ox5scene17ITerrainSceneNodeE,36,0x00000000,__cxa_pure_virtual
_ZTVN2ox5scene17ITerrainSceneNodeE,37,0x00000000,
_ZTVN2ox5scene14ITextSceneNodeE,0,0x00000000,
_ZTVN2ox5scene14ITextSceneNodeE,1,0x00260f48,_ZTIN2ox5scene14ITextSceneNodeE
_ZTVN2ox5scene14ITextSceneNodeE,2,0x00120058,_ZN2ox5scene14ITextSceneNodeD1Ev
_ZTVN2ox5scene14ITextSceneNodeE,3,0x00120062,_ZN2ox5scene14ITextSceneNodeD0Ev
_ZTVN2ox5scene14ITextSceneNodeE,4,0x001136dc,_ZN2ox5scene10ISceneNode11OnPreRenderEv
_ZTVN2ox5scene14ITextSceneNodeE,5,0x0011371e,_ZN2ox5scene10ISceneNode12OnPostRenderEj
_ZTVN2ox5scene14ITextSceneNodeE,6,0x00000000,__cxa_pure_virtual
_ZTVN2ox5scene14ITextSceneNodeE,7,0x00113794,_ZNK2ox5scene10ISceneNode7getNameEv
_ZTVN2ox5scene14ITextSceneNodeE,8,0x001137a0,_ZN2ox5scene10ISceneNode7setNameEPKw
_ZTVN2ox5scene14ITextSceneNodeE,9,0x00000000,__cxa_pure_virtual
_ZTVN2ox5scene14ITextSceneNodeE,10,0x001137c0,_ZNK2ox5scene10ISceneNode25getRelativeTransformationEv
_ZTVN2ox5scene14ITextSceneNodeE,11,0x00113b04,_ZN2ox5scene10ISceneNode9isVisibleEv
_ZTVN2ox5scene14ITextSceneNodeE,12,0x00113b16,_ZN2ox5scene10ISceneNode10setVisibleEb
_ZTVN2ox5scene14ITextSceneNodeE,13,0x00113b28,_ZN2ox5scene10ISceneNode5getIDEv
_ZTVN2ox5scene14ITextSceneNodeE,14,0x00113b36,_ZN2ox5scene10ISceneNode5setIDEi
_ZTVN2ox5scene14ITextSceneNodeE,15,0x00113b48,_ZN2ox5scene10ISceneNode8addChildEPS1_
_ZTVN2ox5scene14ITextSceneNodeE,16,0x00113b8e,_ZN2ox5scene10ISceneNode11removeChildEPS1_
_ZTVN2ox5scene14ITextSceneNodeE,17,0x00113672,_ZN2ox5scene10ISceneNode9removeAllEv
_ZTVN2ox5scene14ITextSceneNodeE,18,0x00113bde,_ZN2ox5scene10ISceneNode6removeEv
_ZTVN2ox5scene14ITextSceneNodeE,19,0x00113c00,_ZN2ox5scene10ISceneNode11addAnimatorEPNS0_18ISceneNodeAnimatorE
_ZTVN2ox5scene14ITextSceneNodeE,20,0x00113c3c,_ZN2ox5scene10ISceneNode14removeAnimatorEPNS0_18ISceneNodeAnimatorE
_ZTVN2ox5scene14ITextSceneNodeE,21,0x00113c84,_ZN2ox5scene10ISceneNode15removeAnimatorsEv
_ZTVN2ox5scene14ITextSceneNodeE,22,0x00113cf0,_ZN2ox5scene10ISceneNode11getMaterialEi
_ZTVN2ox5scene14ITextSceneNodeE,23,0x00113cf8,_ZN2ox5scene10ISceneNode16getMaterialCountEv
_ZTVN2ox5scene14ITextSceneNodeE,24,0x00113d00,_ZNK2ox5scene10ISceneNode8getScaleEv
_ZTVN2ox5scene14ITextSceneNodeE,25,0x00113d2a,_ZN2ox5scene10ISceneNode8setScaleERKNS_4core9CVector3dIfEE
_ZTVN2ox5scene14ITextSceneNodeE,26,0x00113d52,_ZNK2ox5scene10ISceneNode11getRotationEv
_ZTVN2ox5scene14ITextSceneNodeE,27,0x00113d7c,_ZN2ox5scene10ISceneNode11setRotationERKNS_4core9CVector3dIfEE
_ZTVN2ox5scene14ITextSceneNodeE,28,0x00113da4,_ZNK2ox5scene10ISceneNode11getPositionEv
_ZTVN2ox5scene14ITextSceneNodeE,29,0x00113dce,_ZN2ox5scene10ISceneNode11setPositionERKNS_4core9CVector3dIfEE
_ZTVN2ox5scene14ITextSceneNodeE,30,0x00113df6,_ZNK2ox5scene10ISceneNode19getAbsolutePositionEv
_ZTVN2ox5scene14ITextSceneNodeE,31,0x00113e9e,_ZN2ox5scene10ISceneNode9setParentEPS1_
_ZTVN2ox5scene14ITextSceneNodeE,32,0x00113ee6,_ZNK2ox5scene10ISceneNode19getTriangleSelectorEv
_ZTVN2ox5scene14ITextSceneNodeE,33,0x00113ef4,_ZN2ox5scene10ISceneNode19setTriangleSelectorEPNS0_17ITriangleSelectorE
_ZTVN2ox5scene14ITextSceneNodeE,34,0x00113f2c,_ZN2ox5scene10ISceneNode22updateAbsolutePositionEv
_ZTVN2ox5scene14ITextSceneNodeE,35,0x00000000,__cxa_pure_virtual
_ZTVN2ox5scene14ITextSceneNodeE,36,0x00000000,__cxa_pure_virtual
_ZTVN2ox5scene14ITextSceneNodeE,37,0x00000000,
_ZTVN2ox5scene17ITriangleSelectorE,0,0x00000000,
_ZTVN2ox5scene17ITriangleSelectorE,1,0x00260ff8,_ZTIN2ox5scene17ITriangleSelectorE
_ZTVN2ox5scene17ITriangleSelectorE,2,0x00121518,_ZN2ox5scene17ITriangleSelectorD1Ev
_ZTVN2ox5scene17ITriangleSelectorE,3,0x0012151e,_ZN2ox5scene17ITriangleSelectorD0Ev
_ZTVN2ox5scene17ITriangleSelectorE,4,0x00000000,__cxa_pure_virtual
_ZTVN2ox5scene17ITriangleSelectorE,5,0x00000000,__cxa_pure_virtual
_ZTVN2ox5scene17ITriangleSelectorE,6,0x00000000,__cxa_pure_virtual
_ZTVN2ox5scene17ITriangleSelectorE,7,0x00000000,__cxa_pure_virtual
_ZTVN2ox5scene17ITriangleSelectorE,8,0x00000000,
_ZTVN2ox5scene17ITriangleSelectorE,9,0x00000000,
_ZTVN2ox5scene14IAnimatedMeshXE,0,0x00000000,
_ZTVN2ox5scene14IAnimatedMeshXE,1,0x00261038,_ZTIN2ox5scene14IAnimatedMeshXE
_ZTVN2ox5scene14IAnimatedMeshXE,2,0x0012af70,_ZN2ox5scene14IAnimatedMeshXD1Ev
_ZTVN2ox5scene14IAnimatedMeshXE,3,0x0012af76,_ZN2ox5scene14IAnimatedMeshXD0Ev
_ZTVN2ox5scene14IAnimatedMeshXE,4,0x00000000,__cxa_pure_virtual
_ZTVN2ox5scene14IAnimatedMeshXE,5,0x00000000,__cxa_pure_virtual
_ZTVN2ox5scene14IAnimatedMeshXE,6,0x00000000,__cxa_pure_virtual
_ZTVN2ox5scene14IAnimatedMeshXE,7,0x000f01fc,_ZNK2ox5scene13IAnimatedMesh11getMeshTypeEv
_ZTVN2ox5scene14IAnimatedMeshXE,8,0x00000000,__cxa_pure_virtual
_ZTVN2ox5scene14IAnimatedMeshXE,9,0x00000000,__cxa_pure_virtual
_ZTVN2ox5scene14IAnimatedMeshXE,10,0x00000000,__cxa_pure_virtual
_ZTVN2ox5scene14IAnimatedMeshXE,11,0x00000000,__cxa_pure_virtual
_ZTVN2ox5scene14IAnimatedMeshXE,12,0x00000000,__cxa_pure_virtual
_ZTVN2ox5scene14IAnimatedMeshXE,13,0x00000000,__cxa_pure_virtual
_ZTVN2ox5scene14IAnimatedMeshXE,14,0x00000000,__cxa_pure_virtual
_ZTVN2ox5scene14IAnimatedMeshXE,15,0x00000000,__cxa_pure_virtual
_ZTVN2ox5scene14IAnimatedMeshXE,16,0x00000000,__cxa_pure_virtual
_ZTVN2ox5scene14IAnimatedMeshXE,17,0x00000000,
_ZTVN2ox5scene14IAnimatedMeshXE,18,0x00000000,
_ZTVN2ox5scene14IAnimatedMeshXE,19,0x00000000,
_ZTVN2ox5scene14IAnimatedMeshXE,20,0x00000000,
_ZTVN2ox5scene14IAnimatedMeshXE,21,0x00000000,
_ZTVN2ox5video14IVideoModeListE,0,0x00000000,
_ZTVN2ox5video14IVideoModeListE,1,0x002610a8,_ZTIN2ox5video14IVideoModeListE
_ZTVN2ox5video14IVideoModeListE,2,0x00139560,_ZN2ox5video14IVideoModeListD1Ev
_ZTVN2ox5video14IVideoModeListE,3,0x00139566,_ZN2ox5video14IVideoModeListD0Ev
_ZTVN2ox5video14IVideoModeListE,4,0x00000000,__cxa_pure_virtual
_ZTVN2ox5video14IVideoModeListE,5,0x00000000,__cxa_pure_virtual
_ZTVN2ox5video14IVideoModeListE,6,0x00000000,__cxa_pure_virtual
_ZTVN2ox5video14IVideoModeListE,7,0x00000000,__cxa_pure_virtual
_ZTVN2ox5video14IVideoModeListE,8,0x00000000,__cxa_pure_virtual
_ZTVN2ox5video14IVideoModeListE,9,0x00000000,
_ZTVN2ox5video6IImageE,0,0x00000000,
_ZTVN2ox5video6IImageE,1,0x002610e8,_ZTIN2ox5video6IImageE
_ZTVN2ox5video6IImageE,2,0x0013bfca,_ZN2ox5video6IImageD1Ev
_ZTVN2ox5video6IImageE,3,0x0013bfd0,_ZN2ox5video6IImageD0Ev
_ZTVN2ox5video6IImageE,4,0x00000000,__cxa_pure_virtual
_ZTVN2ox5video6IImageE,5,0x00000000,__cxa_pure_virtual
_ZTVN2ox5video6IImageE,6,0x00000000,__cxa_pure_virtual
_ZTVN2ox5video6IImageE,7,0x00000000,__cxa_pure_virtual
_ZTVN2ox5video6IImageE,8,0x00000000,__cxa_pure_virtual
_ZTVN2ox5video6IImageE,9,0x00000000,__cxa_pure_virtual
_ZTVN2ox5video6IImageE,10,0x00000000,__cxa_pure_virtual
_ZTVN2ox5video6IImageE,11,0x00000000,__cxa_pure_virtual
_ZTVN2ox5video6IImageE,12,0x00000000,__cxa_pure_virtual
_ZTVN2ox5video6IImageE,13,0x00000000,
_ZTVN2ox5video12IImageLoaderE,0,0x00000000,
_ZTVN2ox5video12IImageLoaderE,1,0x00261138,_ZTIN2ox5video12IImageLoaderE
_ZTVN2ox5video12IImageLoaderE,2,0x0013c8a8,_ZN2ox5video12IImageLoaderD1Ev
_ZTVN2ox5video12IImageLoaderE,3,0x0013c8ae,_ZN2ox5video12IImageLoaderD0Ev
_ZTVN2ox5video12IImageLoaderE,4,0x00000000,__cxa_pure_virtual
_ZTVN2ox5video12IImageLoaderE,5,0x00000000,__cxa_pure_virtual
_ZTVN2ox5video12IImageLoaderE,6,0x00000000,__cxa_pure_virtual
_ZTVN2ox5video12IImageLoaderE,7,0x00000000,
_ZTVN2ox5video12IImageLoaderE,8,0x00000000,
_ZTVN2ox5video12IImageLoaderE,9,0x00000000,
_ZTVN2ox5video16IParticlePackageE,0,0x00000000,
_ZTVN2ox5video16IParticlePackageE,1,0x00261178,_ZTIN2ox5video16IParticlePackageE
_ZTVN2ox5video16IParticlePackageE,2,0x0013fffa,_ZN2ox5video16IParticlePackageD1Ev
_ZTVN2ox5video16IParticlePackageE,3,0x00140000,_ZN2ox5video16IParticlePackageD0Ev
_ZTVN2ox5video16IParticlePackageE,4,0x00000000,__cxa_pure_virtual
_ZTVN2ox5video16IParticlePackageE,5,0x00000000,__cxa_pure_virtual
_ZTVN2ox5video16IParticlePackageE,6,0x00000000,__cxa_pure_virtual
_ZTVN2ox5video16IParticlePackageE,7,0x00000000,__cxa_pure_virtual
_ZTVN2ox5video16IParticlePackageE,8,0x00000000,__cxa_pure_virtual
_ZTVN2ox5video16IParticlePackageE,9,0x00000000,__cxa_pure_virtual
_ZTVN2ox5video16IParticlePackageE,10,0x0013f716,_ZN2ox5video16IParticlePackage17setCallbackEngineEPNS0_23IParticleEngineCallbackE
_ZTVN2ox5video16IParticlePackageE,11,0x0013f724,_ZN2ox5video16IParticlePackage17getCallbackEngineEv
_ZTVN2ox5video16IParticlePackageE,12,0x00000000,__cxa_pure_virtual
_ZTVN2ox5video16IParticlePackageE,13,0x00000000,
_ZTVN2ox5video14IParticleStateE,0,0x00000000,
_ZTVN2ox5video14IParticleStateE,1,0x002611c8,_ZTIN2ox5video14IParticleStateE
_ZTVN2ox5video14IParticleStateE,2,0x00141592,_ZN2ox5video14IParticleStateD1Ev
_ZTVN2ox5video14IParticleStateE,3,0x00141598,_ZN2ox5video14IParticleStateD0Ev
_ZTVN2ox5video14IParticleStateE,4,0x00000000,__cxa_pure_virtual
_ZTVN2ox5video14IParticleStateE,5,0x00000000,__cxa_pure_virtual
_ZTVN2ox5video14IParticleStateE,6,0x00000000,__cxa_pure_virtual
_ZTVN2ox5video14IParticleStateE,7,0x00000000,__cxa_pure_virtual
_ZTVN2ox5video14IParticleStateE,8,0x00000000,__cxa_pure_virtual
_ZTVN2ox5video14IParticleStateE,9,0x00000000,__cxa_pure_virtual
_ZTVN2ox5video14IParticleStateE,10,0x00000000,__cxa_pure_virtual
_ZTVN2ox5video14IParticleStateE,11,0x00000000,__cxa_pure_virtual
_ZTVN2ox5video14IParticleStateE,12,0x00000000,__cxa_pure_virtual
_ZTVN2ox5video14IParticleStateE,13,0x00000000,__cxa_pure_virtual
_ZTVN2ox5video14IParticleStateE,14,0x00000000,__cxa_pure_virtual
_ZTVN2ox5video14IParticleStateE,15,0x00000000,__cxa_pure_virtual
_ZTVN2ox5video14IParticleStateE,16,0x00000000,__cxa_pure_virtual
_ZTVN2ox5video14IParticleStateE,17,0x00000000,__cxa_pure_virtual
_ZTVN2ox5video14IParticleStateE,18,0x00000000,__cxa_pure_virtual
_ZTVN2ox5video14IParticleStateE,19,0x00000000,__cxa_pure_virtual
_ZTVN2ox5video14IParticleStateE,20,0x00000000,
_ZTVN2ox5video14IParticleStateE,21,0x00000000,
_ZTVN2ox5video21ISpriteAnimationImageE,0,0x00000000,
_ZTVN2ox5video21ISpriteAnimationImageE,1,0x00261238,_ZTIN2ox5video21ISpriteAnimationImageE
_ZTVN2ox5video21ISpriteAnimationImageE,2,0x00142ce4,_ZN2ox5video21ISpriteAnimationImageD1Ev
_ZTVN2ox5video21ISpriteAnimationImageE,3,0x00142cea,_ZN2ox5video21ISpriteAnimationImageD0Ev
_ZTVN2ox5video21ISpriteAnimationImageE,4,0x00142990,_ZN2ox5video21ISpriteAnimationImage6removeEv
_ZTVN2ox5video21ISpriteAnimationImageE,5,0x00000000,__cxa_pure_virtual
_ZTVN2ox5video21ISpriteAnimationImageE,6,0x00000000,__cxa_pure_virtual
_ZTVN2ox5video21ISpriteAnimationImageE,7,0x00000000,__cxa_pure_virtual
_ZTVN2ox5video21ISpriteAnimationImageE,8,0x00000000,__cxa_pure_virtual
_ZTVN2ox5video21ISpriteAnimationImageE,9,0x00000000,__cxa_pure_virtual
_ZTVN2ox5video21ISpriteAnimationImageE,10,0x00000000,__cxa_pure_virtual
_ZTVN2ox5video21ISpriteAnimationImageE,11,0x00000000,__cxa_pure_virtual
_ZTVN2ox5video21ISpriteAnimationImageE,12,0x00000000,__cxa_pure_virtual
_ZTVN2ox5video21ISpriteAnimationImageE,13,0x00000000,__cxa_pure_virtual
_ZTVN2ox5video21ISpriteAnimationImageE,14,0x00000000,__cxa_pure_virtual
_ZTVN2ox5video21ISpriteAnimationImageE,15,0x00000000,__cxa_pure_virtual
_ZTVN2ox5video21ISpriteAnimationImageE,16,0x00000000,__cxa_pure_virtual
_ZTVN2ox5video21ISpriteAnimationImageE,17,0x00000000,__cxa_pure_virtual
_ZTVN2ox5video21ISpriteAnimationImageE,18,0x00000000,__cxa_pure_virtual
_ZTVN2ox5video21ISpriteAnimationImageE,19,0x00000000,__cxa_pure_virtual
_ZTVN2ox5video21ISpriteAnimationImageE,20,0x00000000,
_ZTVN2ox5video21ISpriteAnimationImageE,21,0x00000000,
_ZTVN2ox5video21ISpriteAnimationStateE,0,0x00000000,
_ZTVN2ox5video21ISpriteAnimationStateE,1,0x002612a8,_ZTIN2ox5video21ISpriteAnimationStateE
_ZTVN2ox5video21ISpriteAnimationStateE,2,0x00143496,_ZN2ox5video21ISpriteAnimationStateD1Ev
_ZTVN2ox5video21ISpriteAnimationStateE,3,0x0014349c,_ZN2ox5video21ISpriteAnimationStateD0Ev
_ZTVN2ox5video21ISpriteAnimationStateE,4,0x00000000,__cxa_pure_virtual
_ZTVN2ox5video21ISpriteAnimationStateE,5,0x00000000,__cxa_pure_virtual
_ZTVN2ox5video21ISpriteAnimationStateE,6,0x00000000,__cxa_pure_virtual
_ZTVN2ox5video21ISpriteAnimationStateE,7,0x00000000,__cxa_pure_virtual
_ZTVN2ox5video21ISpriteAnimationStateE,8,0x00000000,__cxa_pure_virtual
_ZTVN2ox5video21ISpriteAnimationStateE,9,0x00000000,__cxa_pure_virtual
_ZTVN2ox5video21ISpriteAnimationStateE,10,0x00000000,__cxa_pure_virtual
_ZTVN2ox5video21ISpriteAnimationStateE,11,0x00000000,__cxa_pure_virtual
_ZTVN2ox5video21ISpriteAnimationStateE,12,0x00000000,__cxa_pure_virtual
_ZTVN2ox5video21ISpriteAnimationStateE,13,0x00000000,__cxa_pure_virtual
_ZTVN2ox5video21ISpriteAnimationStateE,14,0x00000000,__cxa_pure_virtual
_ZTVN2ox5video21ISpriteAnimationStateE,15,0x00000000,__cxa_pure_virtual
_ZTVN2ox5video21ISpriteAnimationStateE,16,0x00000000,__cxa_pure_virtual
_ZTVN2ox5video21ISpriteAnimationStateE,17,0x00000000,__cxa_pure_virtual
_ZTVN2ox5video21ISpriteAnimationStateE,18,0x00000000,__cxa_pure_virtual
_ZTVN2ox5video21ISpriteAnimationStateE,19,0x00000000,__cxa_pure_virtual
_ZTVN2ox5video21ISpriteAnimationStateE,20,0x00000000,__cxa_pure_virtual
_ZTVN2ox5video21ISpriteAnimationStateE,21,0x00143460,_ZN2ox5video21ISpriteAnimationState7setFlagEib
_ZTVN2ox5video21ISpriteAnimationStateE,22,0x0014347e,_ZN2ox5video21ISpriteAnimationState7hasFlagEi
_ZTVN2ox5video21ISpriteAnimationStateE,23,0x00000000,__cxa_pure_virtual
_ZTVN2ox5video21ISpriteAnimationStateE,24,0x00000000,__cxa_pure_virtual
_ZTVN2ox5video21ISpriteAnimationStateE,25,0x00000000,
_ZTVN2ox5video14ISpritePackageE,0,0x00000000,
_ZTVN2ox5video14ISpritePackageE,1,0x00261328,_ZTIN2ox5video14ISpritePackageE
_ZTVN2ox5video14ISpritePackageE,2,0x0014932c,_ZN2ox5video14ISpritePackageD1Ev
_ZTVN2ox5video14ISpritePackageE,3,0x00149332,_ZN2ox5video14ISpritePackageD0Ev
_ZTVN2ox5video14ISpritePackageE,4,0x00000000,__cxa_pure_virtual
_ZTVN2ox5video14ISpritePackageE,5,0x00000000,__cxa_pure_virtual
_ZTVN2ox5video14ISpritePackageE,6,0x00000000,__cxa_pure_virtual
_ZTVN2ox5video14ISpritePackageE,7,0x00000000,__cxa_pure_virtual
_ZTVN2ox5video14ISpritePackageE,8,0x00000000,__cxa_pure_virtual
_ZTVN2ox5video14ISpritePackageE,9,0x00000000,__cxa_pure_virtual
_ZTVN2ox5video14ISpritePackageE,10,0x00000000,__cxa_pure_virtual
_ZTVN2ox5video14ISpritePackageE,11,0x00000000,__cxa_pure_virtual
_ZTVN2ox5video14ISpritePackageE,12,0x00000000,__cxa_pure_virtual
_ZTVN2ox5video14ISpritePackageE,13,0x00000000,__cxa_pure_virtual
_ZTVN2ox5video14ISpritePackageE,14,0x00000000,__cxa_pure_virtual
_ZTVN2ox5video14ISpritePackageE,15,0x00000000,
_ZTVN2ox5video23IPostProcessingServicesE,0,0x00000000,
_ZTVN2ox5video23IPostProcessingServicesE,1,0x00261550,_ZTIN2ox5video23IPostProcessingServicesE
_ZTVN2ox5video23IPostProcessingServicesE,2,0x00000000,__cxa_pure_virtual
_ZTVN2ox5video23IPostProcessingServicesE,3,0x00000000,__cxa_pure_virtual
_ZTVN2ox5video23IPostProcessingServicesE,4,0x00000000,__cxa_pure_virtual
_ZTVN2ox5video23IPostProcessingServicesE,5,0x00000000,__cxa_pure_virtual
_ZTVN2ox5video23IPostProcessingServicesE,6,0x00000000,__cxa_pure_virtual
_ZTVN2ox5video23IPostProcessingServicesE,7,0x00000000,__cxa_pure_virtual
_ZTVN2ox5video23IPostProcessingServicesE,8,0x00000000,__cxa_pure_virtual
_ZTVN2ox5video23IPostProcessingServicesE,9,0x00000000,__cxa_pure_virtual
_ZTVN2ox5video23IPostProcessingServicesE,10,0x00000000,
_ZTVN2ox5video23IPostProcessingServicesE,11,0x00000000,
_ZTVN2ox5video23IGPUProgrammingServicesE,0,0x00000000,
_ZTVN2ox5video23IGPUProgrammingServicesE,1,0x00261b38,_ZTIN2ox5video23IGPUProgrammingServicesE
_ZTVN2ox5video23IGPUProgrammingServicesE,2,0x00000000,__cxa_pure_virtual
_ZTVN2ox5video23IGPUProgrammingServicesE,3,0x00000000,__cxa_pure_virtual
_ZTVN2ox5video23IGPUProgrammingServicesE,4,0x00000000,__cxa_pure_virtual
_ZTVN2ox5video23IGPUProgrammingServicesE,5,0x00000000,__cxa_pure_virtual
_ZTVN2ox5video23IGPUProgrammingServicesE,6,0x00000000,__cxa_pure_virtual
_ZTVN2ox5video23IGPUProgrammingServicesE,7,0x00000000,__cxa_pure_virtual
_ZTVN2ox5video23IGPUProgrammingServicesE,8,0x00000000,__cxa_pure_virtual
_ZTVN2ox5video23IGPUProgrammingServicesE,9,0x00000000,__cxa_pure_virtual
_ZTVN2ox5video23IGPUProgrammingServicesE,10,0x00000000,__cxa_pure_virtual
_ZTVN2ox5video23IGPUProgrammingServicesE,11,0x00000000,
_ZTVN2ox5video12IVideoDriverE,0,0x00000000,
_ZTVN2ox5video12IVideoDriverE,1,0x00261b28,_ZTIN2ox5video12IVideoDriverE
_ZTVN2ox5video12IVideoDriverE,2,0x00150fc4,_ZN2ox5video12IVideoDriverD1Ev
_ZTVN2ox5video12IVideoDriverE,3,0x00150fca,_ZN2ox5video12IVideoDriverD0Ev
_ZTVN2ox5video12IVideoDriverE,4,0x00000000,__cxa_pure_virtual
_ZTVN2ox5video12IVideoDriverE,5,0x00000000,__cxa_pure_virtual
_ZTVN2ox5video12IVideoDriverE,6,0x00000000,__cxa_pure_virtual
_ZTVN2ox5video12IVideoDriverE,7,0x00000000,__cxa_pure_virtual
_ZTVN2ox5video12IVideoDriverE,8,0x00000000,__cxa_pure_virtual
_ZTVN2ox5video12IVideoDriverE,9,0x00000000,__cxa_pure_virtual
_ZTVN2ox5video12IVideoDriverE,10,0x00000000,__cxa_pure_virtual
_ZTVN2ox5video12IVideoDriverE,11,0x00000000,__cxa_pure_virtual
_ZTVN2ox5video12IVideoDriverE,12,0x00000000,__cxa_pure_virtual
_ZTVN2ox5video12IVideoDriverE,13,0x00000000,__cxa_pure_virtual
_ZTVN2ox5video12IVideoDriverE,14,0x00000000,__cxa_pure_virtual
_ZTVN2ox5video12IVideoDriverE,15,0x00000000,__cxa_pure_virtual
_ZTVN2ox5video12IVideoDriverE,16,0x00000000,__cxa_pure_virtual
_ZTVN2ox5video12IVideoDriverE,17,0x00000000,__cxa_pure_virtual
_ZTVN2ox5video12IVideoDriverE,18,0x00000000,__cxa_pure_virtual
_ZTVN2ox5video12IVideoDriverE,19,0x00000000,__cxa_pure_virtual
_ZTVN2ox5video12IVideoDriverE,20,0x00000000,__cxa_pure_virtual
_ZTVN2ox5video12IVideoDriverE,21,0x00000000,__cxa_pure_virtual
_ZTVN2ox5video12IVideoDriverE,22,0x00000000,__cxa_pure_virtual
_ZTVN2ox5video12IVideoDriverE,23,0x00000000,__cxa_pure_virtual
_ZTVN2ox5video12IVideoDriverE,24,0x00000000,__cxa_pure_virtual
_ZTVN2ox5video12IVideoDriverE,25,0x00000000,__cxa_pure_virtual
_ZTVN2ox5video12IVideoDriverE,26,0x00000000,__cxa_pure_virtual
_ZTVN2ox5video12IVideoDriverE,27,0x00000000,__cxa_pure_virtual
_ZTVN2ox5video12IVideoDriverE,28,0x00000000,__cxa_pure_virtual
_ZTVN2ox5video12IVideoDriverE,29,0x00000000,__cxa_pure_virtual
_ZTVN2ox5video12IVideoDriverE,30,0x00000000,__cxa_pure_virtual
_ZTVN2ox5video12IVideoDriverE,31,0x00000000,__cxa_pure_virtual
_ZTVN2ox5video12IVideoDriverE,32,0x00000000,__cxa_pure_virtual
_ZTVN2ox5video12IVideoDriverE,33,0x00000000,__cxa_pure_virtual
_ZTVN2ox5video12IVideoDriverE,34,0x00000000,__cxa_pure_virtual
_ZTVN2ox5video12IVideoDriverE,35,0x00000000,__cxa_pure_virtual
_ZTVN2ox5video12IVideoDriverE,36,0x00000000,__cxa_pure_virtual
_ZTVN2ox5video12IVideoDriverE,37,0x00000000,__cxa_pure_virtual
_ZTVN2ox5video12IVideoDriverE,38,0x00000000,__cxa_pure_virtual
_ZTVN2ox5video12IVideoDriverE,39,0x00000000,__cxa_pure_virtual
_ZTVN2ox5video12IVideoDriverE,40,0x00000000,__cxa_pure_virtual
_ZTVN2ox5video12IVideoDriverE,41,0x00000000,__cxa_pure_virtual
_ZTVN2ox5video12IVideoDriverE,42,0x00000000,__cxa_pure_virtual
_ZTVN2ox5video12IVideoDriverE,43,0x00000000,__cxa_pure_virtual
_ZTVN2ox5video12IVideoDriverE,44,0x00000000,__cxa_pure_virtual
_ZTVN2ox5video12IVideoDriverE,45,0x00000000,__cxa_pure_virtual
_ZTVN2ox5video12IVideoDriverE,46,0x00000000,__cxa_pure_virtual
_ZTVN2ox5video12IVideoDriverE,47,0x00000000,__cxa_pure_virtual
_ZTVN2ox5video12IVideoDriverE,48,0x00000000,__cxa_pure_virtual
_ZTVN2ox5video12IVideoDriverE,49,0x00000000,__cxa_pure_virtual
_ZTVN2ox5video12IVideoDriverE,50,0x00000000,__cxa_pure_virtual
_ZTVN2ox5video12IVideoDriverE,51,0x00000000,__cxa_pure_virtual
_ZTVN2ox5video12IVideoDriverE,52,0x00000000,__cxa_pure_virtual
_ZTVN2ox5video12IVideoDriverE,53,0x00000000,__cxa_pure_virtual
_ZTVN2ox5video12IVideoDriverE,54,0x00000000,__cxa_pure_virtual
_ZTVN2ox5video12IVideoDriverE,55,0x00000000,__cxa_pure_virtual
_ZTVN2ox5video12IVideoDriverE,56,0x00000000,__cxa_pure_virtual
_ZTVN2ox5video12IVideoDriverE,57,0x00000000,__cxa_pure_virtual
_ZTVN2ox5video12IVideoDriverE,58,0x00000000,__cxa_pure_virtual
_ZTVN2ox5video12IVideoDriverE,59,0x00000000,__cxa_pure_virtual
_ZTVN2ox5video12IVideoDriverE,60,0x00000000,__cxa_pure_virtual
_ZTVN2ox5video12IVideoDriverE,61,0x00000000,__cxa_pure_virtual
_ZTVN2ox5video12IVideoDriverE,62,0x00000000,__cxa_pure_virtual
_ZTVN2ox5video12IVideoDriverE,63,0x00000000,__cxa_pure_virtual
_ZTVN2ox5video12IVideoDriverE,64,0x00000000,__cxa_pure_virtual
_ZTVN2ox5video12IVideoDriverE,65,0x00000000,__cxa_pure_virtual
_ZTVN2ox5video12IVideoDriverE,66,0x00000000,__cxa_pure_virtual
_ZTVN2ox5video12IVideoDriverE,67,0x00000000,__cxa_pure_virtual
_ZTVN2ox5video12IVideoDriverE,68,0x00000000,__cxa_pure_virtual
_ZTVN2ox5video12IVideoDriverE,69,0x00000000,__cxa_pure_virtual
_ZTVN2ox5video12IVideoDriverE,70,0x00000000,__cxa_pure_virtual
_ZTVN2ox5video12IVideoDriverE,71,0x00000000,__cxa_pure_virtual
_ZTVN2ox5video12IVideoDriverE,72,0x00000000,__cxa_pure_virtual
_ZTVN2ox5video12IVideoDriverE,73,0x00000000,__cxa_pure_virtual
_ZTVN2ox5video12IVideoDriverE,74,0x00000000,__cxa_pure_virtual
_ZTVN2ox5video12IVideoDriverE,75,0x00000000,__cxa_pure_virtual
_ZTVN2ox5video12IVideoDriverE,76,0x00000000,__cxa_pure_virtual
_ZTVN2ox5video12IVideoDriverE,77,0x00000000,__cxa_pure_virtual
_ZTVN2ox5video12IVideoDriverE,78,0x00000000,__cxa_pure_virtual
_ZTVN2ox5video12IVideoDriverE,79,0x00000000,__cxa_pure_virtual
_ZTVN2ox5video12IVideoDriverE,80,0x00000000,__cxa_pure_virtual
_ZTVN2ox5video12IVideoDriverE,81,0x00000000,__cxa_pure_virtual
_ZTVN2ox5video12IVideoDriverE,82,0x00000000,__cxa_pure_virtual
_ZTVN2ox5video12IVideoDriverE,83,0x00000000,__cxa_pure_virtual
_ZTVN2ox5video12IVideoDriverE,84,0x00000000,__cxa_pure_virtual
_ZTVN2ox5video12IVideoDriverE,85,0x00000000,__cxa_pure_virtual
_ZTVN2ox5video12IVideoDriverE,86,0x00000000,__cxa_pure_virtual
_ZTVN2ox5video12IVideoDriverE,87,0x00000000,__cxa_pure_virtual
_ZTVN2ox5video12IVideoDriverE,88,0x00000000,__cxa_pure_virtual
_ZTVN2ox5video12IVideoDriverE,89,0x00000000,__cxa_pure_virtual
_ZTVN2ox5video12IVideoDriverE,90,0x00000000,__cxa_pure_virtual
_ZTVN2ox5video12IVideoDriverE,91,0x00000000,
_ZTVN5daisy5video54COpenGLMaterialRenderer_TRANSPARENT_REFLECTION_2_LAYERE,0,0x00000000,
_ZTVN5daisy5video54COpenGLMaterialRenderer_TRANSPARENT_REFLECTION_2_LAYERE,1,0x002615a0,_ZTIN5daisy5video54COpenGLMaterialRenderer_TRANSPARENT_REFLECTION_2_LAYERE
_ZTVN5daisy5video54COpenGLMaterialRenderer_TRANSPARENT_REFLECTION_2_LAYERE,2,0x001594fa,_ZN5daisy5video54COpenGLMaterialRenderer_TRANSPARENT_REFLECTION_2_LAYERD1Ev
_ZTVN5daisy5video54COpenGLMaterialRenderer_TRANSPARENT_REFLECTION_2_LAYERE,3,0x00159500,_ZN5daisy5video54COpenGLMaterialRenderer_TRANSPARENT_REFLECTION_2_LAYERD0Ev
_ZTVN5daisy5video54COpenGLMaterialRenderer_TRANSPARENT_REFLECTION_2_LAYERE,4,0x0015950a,_ZN5daisy5video54COpenGLMaterialRenderer_TRANSPARENT_REFLECTION_2_LAYER13OnSetMaterialERN2ox5video9SMaterialERKS4_bPNS3_25IMaterialRendererServicesE
_ZTVN5daisy5video54COpenGLMaterialRenderer_TRANSPARENT_REFLECTION_2_LAYERE,5,0x0015964c,_ZN2ox5video17IMaterialRenderer8OnRenderEPNS0_25IMaterialRendererServicesENS0_13E_VERTEX_TYPEE
_ZTVN5daisy5video54COpenGLMaterialRenderer_TRANSPARENT_REFLECTION_2_LAYERE,6,0x00159656,_ZN5daisy5video54COpenGLMaterialRenderer_TRANSPARENT_REFLECTION_2_LAYER15OnUnsetMaterialEv
_ZTVN5daisy5video54COpenGLMaterialRenderer_TRANSPARENT_REFLECTION_2_LAYERE,7,0x0015967a,_ZN5daisy5video54COpenGLMaterialRenderer_TRANSPARENT_REFLECTION_2_LAYER13isTransparentEv
_ZTVN5daisy5video23COpenGLMaterialRendererE,0,0x00000000,
_ZTVN5daisy5video23COpenGLMaterialRendererE,1,0x00261590,_ZTIN5daisy5video23COpenGLMaterialRendererE
_ZTVN5daisy5video23COpenGLMaterialRendererE,2,0x00159684,_ZN5daisy5video23COpenGLMaterialRendererD1Ev
_ZTVN5daisy5video23COpenGLMaterialRendererE,3,0x0015968a,_ZN5daisy5video23COpenGLMaterialRendererD0Ev
_ZTVN5daisy5video23COpenGLMaterialRendererE,4,0x00159694,_ZN2ox5video17IMaterialRenderer13OnSetMaterialERNS0_9SMaterialERKS2_bPNS0_25IMaterialRendererServicesE
_ZTVN5daisy5video23COpenGLMaterialRendererE,5,0x0015964c,_ZN2ox5video17IMaterialRenderer8OnRenderEPNS0_25IMaterialRendererServicesENS0_13E_VERTEX_TYPEE
_ZTVN5daisy5video23COpenGLMaterialRendererE,6,0x0015969a,_ZN2ox5video17IMaterialRenderer15OnUnsetMaterialEv
_ZTVN5daisy5video23COpenGLMaterialRendererE,7,0x001596a0,_ZN2ox5video17IMaterialRenderer13isTransparentEv
_ZTVN2ox5video17IMaterialRendererE,0,0x00000000,
_ZTVN2ox5video17IMaterialRendererE,1,0x00261580,_ZTIN2ox5video17IMaterialRendererE
_ZTVN2ox5video17IMaterialRendererE,2,0x001596a8,_ZN2ox5video17IMaterialRendererD1Ev
_ZTVN2ox5video17IMaterialRendererE,3,0x001596ae,_ZN2ox5video17IMaterialRendererD0Ev
_ZTVN2ox5video17IMaterialRendererE,4,0x00159694,_ZN2ox5video17IMaterialRenderer13OnSetMaterialERNS0_9SMaterialERKS2_bPNS0_25IMaterialRendererServicesE
_ZTVN2ox5video17IMaterialRendererE,5,0x0015964c,_ZN2ox5video17IMaterialRenderer8OnRenderEPNS0_25IMaterialRendererServicesENS0_13E_VERTEX_TYPEE
_ZTVN2ox5video17IMaterialRendererE,6,0x0015969a,_ZN2ox5video17IMaterialRenderer15OnUnsetMaterialEv
_ZTVN2ox5video17IMaterialRendererE,7,0x001596a0,_ZN2ox5video17IMaterialRenderer13isTransparentEv
_ZTVN5daisy5video48COpenGLMaterialRenderer_TRANSPARENT_VERTEX_ALPHAE,0,0x00000000,
_ZTVN5daisy5video48COpenGLMaterialRenderer_TRANSPARENT_VERTEX_ALPHAE,1,0x00261610,_ZTIN5daisy5video48COpenGLMaterialRenderer_TRANSPARENT_VERTEX_ALPHAE
_ZTVN5daisy5video48COpenGLMaterialRenderer_TRANSPARENT_VERTEX_ALPHAE,2,0x001596b8,_ZN5daisy5video48COpenGLMaterialRenderer_TRANSPARENT_VERTEX_ALPHAD1Ev
_ZTVN5daisy5video48COpenGLMaterialRenderer_TRANSPARENT_VERTEX_ALPHAE,3,0x001596be,_ZN5daisy5video48COpenGLMaterialRenderer_TRANSPARENT_VERTEX_ALPHAD0Ev
_ZTVN5daisy5video48COpenGLMaterialRenderer_TRANSPARENT_VERTEX_ALPHAE,4,0x001596c8,_ZN5daisy5video48COpenGLMaterialRenderer_TRANSPARENT_VERTEX_ALPHA13OnSetMaterialERN2ox5video9SMaterialERKS4_bPNS3_25IMaterialRendererServicesE
_ZTVN5daisy5video48COpenGLMaterialRenderer_TRANSPARENT_VERTEX_ALPHAE,5,0x0015964c,_ZN2ox5video17IMaterialRenderer8OnRenderEPNS0_25IMaterialRendererServicesENS0_13E_VERTEX_TYPEE
_ZTVN5daisy5video48COpenGLMaterialRenderer_TRANSPARENT_VERTEX_ALPHAE,6,0x0015969a,_ZN2ox5video17IMaterialRenderer15OnUnsetMaterialEv
_ZTVN5daisy5video48COpenGLMaterialRenderer_TRANSPARENT_VERTEX_ALPHAE,7,0x00159794,_ZN5daisy5video48COpenGLMaterialRenderer_TRANSPARENT_VERTEX_ALPHA13isTransparentEv
_ZTVN5daisy5video49COpenGLMaterialRenderer_TRANSPARENT_ALPHA_CHANNELE,0,0x00000000,
_ZTVN5daisy5video49COpenGLMaterialRenderer_TRANSPARENT_ALPHA_CHANNELE,1,0x00261640,_ZTIN5daisy5video49COpenGLMaterialRenderer_TRANSPARENT_ALPHA_CHANNELE
_ZTVN5daisy5video49COpenGLMaterialRenderer_TRANSPARENT_ALPHA_CHANNELE,2,0x0015979e,_ZN5daisy5video49COpenGLMaterialRenderer_TRANSPARENT_ALPHA_CHANNELD1Ev
_ZTVN5daisy5video49COpenGLMaterialRenderer_TRANSPARENT_ALPHA_CHANNELE,3,0x001597a4,_ZN5daisy5video49COpenGLMaterialRenderer_TRANSPARENT_ALPHA_CHANNELD0Ev
_ZTVN5daisy5video49COpenGLMaterialRenderer_TRANSPARENT_ALPHA_CHANNELE,4,0x001597ae,_ZN5daisy5video49COpenGLMaterialRenderer_TRANSPARENT_ALPHA_CHANNEL13OnSetMaterialERN2ox5video9SMaterialERKS4_bPNS3_25IMaterialRendererServicesE
_ZTVN5daisy5video49COpenGLMaterialRenderer_TRANSPARENT_ALPHA_CHANNELE,5,0x0015964c,_ZN2ox5video17IMaterialRenderer8OnRenderEPNS0_25IMaterialRendererServicesENS0_13E_VERTEX_TYPEE
_ZTVN5daisy5video49COpenGLMaterialRenderer_TRANSPARENT_ALPHA_CHANNELE,6,0x0015969a,_ZN2ox5video17IMaterialRenderer15OnUnsetMaterialEv
_ZTVN5daisy5video49COpenGLMaterialRenderer_TRANSPARENT_ALPHA_CHANNELE,7,0x0015988e,_ZN5daisy5video49COpenGLMaterialRenderer_TRANSPARENT_ALPHA_CHANNEL13isTransparentEv
_ZTVN5daisy5video45COpenGLMaterialRenderer_TRANSPARENT_ADD_COLORE,0,0x00000000,
_ZTVN5daisy5video45COpenGLMaterialRenderer_TRANSPARENT_ADD_COLORE,1,0x00261670,_ZTIN5daisy5video45COpenGLMaterialRenderer_TRANSPARENT_ADD_COLORE
_ZTVN5daisy5video45COpenGLMaterialRenderer_TRANSPARENT_ADD_COLORE,2,0x00159898,_ZN5daisy5video45COpenGLMaterialRenderer_TRANSPARENT_ADD_COLORD1Ev
_ZTVN5daisy5video45COpenGLMaterialRenderer_TRANSPARENT_ADD_COLORE,3,0x0015989e,_ZN5daisy5video45COpenGLMaterialRenderer_TRANSPARENT_ADD_COLORD0Ev
_ZTVN5daisy5video45COpenGLMaterialRenderer_TRANSPARENT_ADD_COLORE,4,0x001598a8,_ZN5daisy5video45COpenGLMaterialRenderer_TRANSPARENT_ADD_COLOR13OnSetMaterialERN2ox5video9SMaterialERKS4_bPNS3_25IMaterialRendererServicesE
_ZTVN5daisy5video45COpenGLMaterialRenderer_TRANSPARENT_ADD_COLORE,5,0x0015964c,_ZN2ox5video17IMaterialRenderer8OnRenderEPNS0_25IMaterialRendererServicesENS0_13E_VERTEX_TYPEE
_ZTVN5daisy5video45COpenGLMaterialRenderer_TRANSPARENT_ADD_COLORE,6,0x0015969a,_ZN2ox5video17IMaterialRenderer15OnUnsetMaterialEv
_ZTVN5daisy5video45COpenGLMaterialRenderer_TRANSPARENT_ADD_COLORE,7,0x00159974,_ZN5daisy5video45COpenGLMaterialRenderer_TRANSPARENT_ADD_COLOR13isTransparentEv
_ZTVN5daisy5video42COpenGLMaterialRenderer_REFLECTION_2_LAYERE,0,0x00000000,
_ZTVN5daisy5video42COpenGLMaterialRenderer_REFLECTION_2_LAYERE,1,0x002616a0,_ZTIN5daisy5video42COpenGLMaterialRenderer_REFLECTION_2_LAYERE
_ZTVN5daisy5video42COpenGLMaterialRenderer_REFLECTION_2_LAYERE,2,0x0015997e,_ZN5daisy5video42COpenGLMaterialRenderer_REFLECTION_2_LAYERD1Ev
_ZTVN5daisy5video42COpenGLMaterialRenderer_REFLECTION_2_LAYERE,3,0x00159984,_ZN5daisy5video42COpenGLMaterialRenderer_REFLECTION_2_LAYERD0Ev
_ZTVN5daisy5video42COpenGLMaterialRenderer_REFLECTION_2_LAYERE,4,0x0015998e,_ZN5daisy5video42COpenGLMaterialRenderer_REFLECTION_2_LAYER13OnSetMaterialERN2ox5video9SMaterialERKS4_bPNS3_25IMaterialRendererServicesE
_ZTVN5daisy5video42COpenGLMaterialRenderer_REFLECTION_2_LAYERE,5,0x0015964c,_ZN2ox5video17IMaterialRenderer8OnRenderEPNS0_25IMaterialRendererServicesENS0_13E_VERTEX_TYPEE
_ZTVN5daisy5video42COpenGLMaterialRenderer_REFLECTION_2_LAYERE,6,0x00159aba,_ZN5daisy5video42COpenGLMaterialRenderer_REFLECTION_2_LAYER15OnUnsetMaterialEv
_ZTVN5daisy5video42COpenGLMaterialRenderer_REFLECTION_2_LAYERE,7,0x001596a0,_ZN2ox5video17IMaterialRenderer13isTransparentEv
_ZTVN5daisy5video34COpenGLMaterialRenderer_SPHERE_MAPE,0,0x00000000,
_ZTVN5daisy5video34COpenGLMaterialRenderer_SPHERE_MAPE,1,0x002616d0,_ZTIN5daisy5video34COpenGLMaterialRenderer_SPHERE_MAPE
_ZTVN5daisy5video34COpenGLMaterialRenderer_SPHERE_MAPE,2,0x00159b3a,_ZN5daisy5video34COpenGLMaterialRenderer_SPHERE_MAPD1Ev
_ZTVN5daisy5video34COpenGLMaterialRenderer_SPHERE_MAPE,3,0x00159b40,_ZN5daisy5video34COpenGLMaterialRenderer_SPHERE_MAPD0Ev
_ZTVN5daisy5video34COpenGLMaterialRenderer_SPHERE_MAPE,4,0x00159b4a,_ZN5daisy5video34COpenGLMaterialRenderer_SPHERE_MAP13OnSetMaterialERN2ox5video9SMaterialERKS4_bPNS3_25IMaterialRendererServicesE
_ZTVN5daisy5video34COpenGLMaterialRenderer_SPHERE_MAPE,5,0x0015964c,_ZN2ox5video17IMaterialRenderer8OnRenderEPNS0_25IMaterialRendererServicesENS0_13E_VERTEX_TYPEE
_ZTVN5daisy5video34COpenGLMaterialRenderer_SPHERE_MAPE,6,0x00159c76,_ZN5daisy5video34COpenGLMaterialRenderer_SPHERE_MAP15OnUnsetMaterialEv
_ZTVN5daisy5video34COpenGLMaterialRenderer_SPHERE_MAPE,7,0x001596a0,_ZN2ox5video17IMaterialRenderer13isTransparentEv
_ZTVN5daisy5video32COpenGLMaterialRenderer_LIGHTMAPE,0,0x00000000,
_ZTVN5daisy5video32COpenGLMaterialRenderer_LIGHTMAPE,1,0x00261700,_ZTIN5daisy5video32COpenGLMaterialRenderer_LIGHTMAPE
_ZTVN5daisy5video32COpenGLMaterialRenderer_LIGHTMAPE,2,0x00159c9a,_ZN5daisy5video32COpenGLMaterialRenderer_LIGHTMAPD1Ev
_ZTVN5daisy5video32COpenGLMaterialRenderer_LIGHTMAPE,3,0x00159ca0,_ZN5daisy5video32COpenGLMaterialRenderer_LIGHTMAPD0Ev
_ZTVN5daisy5video32COpenGLMaterialRenderer_LIGHTMAPE,4,0x00159caa,_ZN5daisy5video32COpenGLMaterialRenderer_LIGHTMAP13OnSetMaterialERN2ox5video9SMaterialERKS4_bPNS3_25IMaterialRendererServicesE
_ZTVN5daisy5video32COpenGLMaterialRenderer_LIGHTMAPE,5,0x0015964c,_ZN2ox5video17IMaterialRenderer8OnRenderEPNS0_25IMaterialRendererServicesENS0_13E_VERTEX_TYPEE
_ZTVN5daisy5video32COpenGLMaterialRenderer_LIGHTMAPE,6,0x0015969a,_ZN2ox5video17IMaterialRenderer15OnUnsetMaterialEv
_ZTVN5daisy5video32COpenGLMaterialRenderer_LIGHTMAPE,7,0x001596a0,_ZN2ox5video17IMaterialRenderer13isTransparentEv
_ZTVN5daisy5video37COpenGLMaterialRenderer_SOLID_2_LAYERE,0,0x00000000,
_ZTVN5daisy5video37COpenGLMaterialRenderer_SOLID_2_LAYERE,1,0x00261730,_ZTIN5daisy5video37COpenGLMaterialRenderer_SOLID_2_LAYERE
_ZTVN5daisy5video37COpenGLMaterialRenderer_SOLID_2_LAYERE,2,0x00159ece,_ZN5daisy5video37COpenGLMaterialRenderer_SOLID_2_LAYERD1Ev
_ZTVN5daisy5video37COpenGLMaterialRenderer_SOLID_2_LAYERE,3,0x00159ed4,_ZN5daisy5video37COpenGLMaterialRenderer_SOLID_2_LAYERD0Ev
_ZTVN5daisy5video37COpenGLMaterialRenderer_SOLID_2_LAYERE,4,0x00159ede,_ZN5daisy5video37COpenGLMaterialRenderer_SOLID_2_LAYER13OnSetMaterialERN2ox5video9SMaterialERKS4_bPNS3_25IMaterialRendererServicesE
_ZTVN5daisy5video37COpenGLMaterialRenderer_SOLID_2_LAYERE,5,0x0015964c,_ZN2ox5video17IMaterialRenderer8OnRenderEPNS0_25IMaterialRendererServicesENS0_13E_VERTEX_TYPEE
_ZTVN5daisy5video37COpenGLMaterialRenderer_SOLID_2_LAYERE,6,0x0015969a,_ZN2ox5video17IMaterialRenderer15OnUnsetMaterialEv
_ZTVN5daisy5video37COpenGLMaterialRenderer_SOLID_2_LAYERE,7,0x001596a0,_ZN2ox5video17IMaterialRenderer13isTransparentEv
_ZTVN5daisy5video29COpenGLMaterialRenderer_SOLIDE,0,0x00000000,
_ZTVN5daisy5video29COpenGLMaterialRenderer_SOLIDE,1,0x00261760,_ZTIN5daisy5video29COpenGLMaterialRenderer_SOLIDE
_ZTVN5daisy5video29COpenGLMaterialRenderer_SOLIDE,2,0x00159f5e,_ZN5daisy5video29COpenGLMaterialRenderer_SOLIDD1Ev
_ZTVN5daisy5video29COpenGLMaterialRenderer_SOLIDE,3,0x00159f64,_ZN5daisy5video29COpenGLMaterialRenderer_SOLIDD0Ev
_ZTVN5daisy5video29COpenGLMaterialRenderer_SOLIDE,4,0x00159f6e,_ZN5daisy5video29COpenGLMaterialRenderer_SOLID13OnSetMaterialERN2ox5video9SMaterialERKS4_bPNS3_25IMaterialRendererServicesE
_ZTVN5daisy5video29COpenGLMaterialRenderer_SOLIDE,5,0x0015964c,_ZN2ox5video17IMaterialRenderer8OnRenderEPNS0_25IMaterialRendererServicesENS0_13E_VERTEX_TYPEE
_ZTVN5daisy5video29COpenGLMaterialRenderer_SOLIDE,6,0x0015969a,_ZN2ox5video17IMaterialRenderer15OnUnsetMaterialEv
_ZTVN5daisy5video29COpenGLMaterialRenderer_SOLIDE,7,0x001596a0,_ZN2ox5video17IMaterialRenderer13isTransparentEv
_ZTVN2ox5video25IMaterialRendererServicesE,0,0x00000000,
_ZTVN2ox5video25IMaterialRendererServicesE,1,0x00261558,_ZTIN2ox5video25IMaterialRendererServicesE
_ZTVN2ox5video25IMaterialRendererServicesE,2,0x0015a01c,_ZN2ox5video25IMaterialRendererServicesD1Ev
_ZTVN2ox5video25IMaterialRendererServicesE,3,0x0015a022,_ZN2ox5video25IMaterialRendererServicesD0Ev
_ZTVN2ox5video25IMaterialRendererServicesE,4,0x00000000,__cxa_pure_virtual
_ZTVN2ox5video25IMaterialRendererServicesE,5,0x00000000,__cxa_pure_virtual
_ZTVN2ox5video25IMaterialRendererServicesE,6,0x00000000,__cxa_pure_virtual
_ZTVN2ox5video25IMaterialRendererServicesE,7,0x00000000,__cxa_pure_virtual
_ZTVN2ox5video25IMaterialRendererServicesE,8,0x00000000,__cxa_pure_virtual
_ZTVN2ox5video25IMaterialRendererServicesE,9,0x00000000,__cxa_pure_virtual
_ZTVN2ox5video25IMaterialRendererServicesE,10,0x00000000,
_ZTVN2ox5video25IMaterialRendererServicesE,11,0x00000000,
_ZTVN2ox5audio12IAudioDriverE,0,0x00000000,
_ZTVN2ox5audio12IAudioDriverE,1,0x00261840,_ZTIN2ox5audio12IAudioDriverE
_ZTVN2ox5audio12IAudioDriverE,2,0x0015beba,_ZN2ox5audio12IAudioDriverD1Ev
_ZTVN2ox5audio12IAudioDriverE,3,0x0015bec0,_ZN2ox5audio12IAudioDriverD0Ev
_ZTVN2ox5audio12IAudioDriverE,4,0x00000000,__cxa_pure_virtual
_ZTVN2ox5audio12IAudioDriverE,5,0x00000000,__cxa_pure_virtual
_ZTVN2ox5audio12IAudioDriverE,6,0x00000000,__cxa_pure_virtual
_ZTVN2ox5audio12IAudioDriverE,7,0x00000000,__cxa_pure_virtual
_ZTVN2ox5audio12IAudioDriverE,8,0x00000000,__cxa_pure_virtual
_ZTVN2ox5audio12IAudioDriverE,9,0x00000000,__cxa_pure_virtual
_ZTVN2ox5audio12IAudioDriverE,10,0x00000000,__cxa_pure_virtual
_ZTVN2ox5audio12IAudioDriverE,11,0x00000000,__cxa_pure_virtual
_ZTVN2ox5audio12IAudioDriverE,12,0x00000000,__cxa_pure_virtual
_ZTVN2ox5audio12IAudioDriverE,13,0x00000000,__cxa_pure_virtual
_ZTVN2ox5audio12IAudioDriverE,14,0x00000000,__cxa_pure_virtual
_ZTVN2ox5audio12IAudioDriverE,15,0x00000000,__cxa_pure_virtual
_ZTVN2ox5audio12IAudioDriverE,16,0x00000000,__cxa_pure_virtual
_ZTVN2ox5audio12IAudioDriverE,17,0x00000000,__cxa_pure_virtual
_ZTVN2ox5audio12IAudioDriverE,18,0x00000000,__cxa_pure_virtual
_ZTVN2ox5audio12IAudioDriverE,19,0x00000000,__cxa_pure_virtual
_ZTVN2ox5audio12IAudioDriverE,20,0x00000000,__cxa_pure_virtual
_ZTVN2ox5audio12IAudioDriverE,21,0x00000000,__cxa_pure_virtual
_ZTVN2ox5audio12IAudioDriverE,22,0x00000000,__cxa_pure_virtual
_ZTVN2ox5audio12IAudioDriverE,23,0x00000000,__cxa_pure_virtual
_ZTVN2ox5audio12IAudioDriverE,24,0x00000000,__cxa_pure_virtual
_ZTVN2ox5audio12IAudioDriverE,25,0x00000000,__cxa_pure_virtual
_ZTVN2ox5audio12IAudioDriverE,26,0x00000000,__cxa_pure_virtual
_ZTVN2ox5audio12IAudioDriverE,27,0x00000000,__cxa_pure_virtual
_ZTVN2ox5audio12IAudioDriverE,28,0x00000000,__cxa_pure_virtual
_ZTVN2ox5audio12IAudioDriverE,29,0x00000000,__cxa_pure_virtual
_ZTVN2ox5audio12IAudioDriverE,30,0x00000000,__cxa_pure_virtual
_ZTVN2ox5audio12IAudioDriverE,31,0x00000000,__cxa_pure_virtual
_ZTVN2ox5audio12IAudioDriverE,32,0x00000000,__cxa_pure_virtual
_ZTVN2ox5audio12IAudioDriverE,33,0x00000000,__cxa_pure_virtual
_ZTVN2ox5audio12IAudioDriverE,34,0x00000000,__cxa_pure_virtual
_ZTVN2ox5audio12IAudioDriverE,35,0x00000000,__cxa_pure_virtual
_ZTVN2ox5audio12IAudioDriverE,36,0x00000000,__cxa_pure_virtual
_ZTVN2ox5audio12IAudioDriverE,37,0x00000000,__cxa_pure_virtual
_ZTVN2ox5audio12IAudioDriverE,38,0x00000000,__cxa_pure_virtual
_ZTVN2ox5audio12IAudioDriverE,39,0x00000000,
_ZTVN5daisy5audio23COpenALTrackedSoundInfoE,0,0x00000000,
_ZTVN5daisy5audio23COpenALTrackedSoundInfoE,1,0x00261868,_ZTIN5daisy5audio23COpenALTrackedSoundInfoE
_ZTVN5daisy5audio23COpenALTrackedSoundInfoE,2,0x0015dbcc,_ZN5daisy5audio23COpenALTrackedSoundInfoD1Ev
_ZTVN5daisy5audio23COpenALTrackedSoundInfoE,3,0x0015dbd2,_ZN5daisy5audio23COpenALTrackedSoundInfoD0Ev
_ZTVN5daisy5audio23COpenALTrackedSoundInfoE,4,0x00000000,
_ZTVN5daisy5audio21CTrackedSoundInfoStubE,0,0x00000000,
_ZTVN5daisy5audio21CTrackedSoundInfoStubE,1,0x00261860,_ZTIN5daisy5audio21CTrackedSoundInfoStubE
_ZTVN5daisy5audio21CTrackedSoundInfoStubE,2,0x0015dbdc,_ZN5daisy5audio21CTrackedSoundInfoStubD1Ev
_ZTVN5daisy5audio21CTrackedSoundInfoStubE,3,0x0015dbe2,_ZN5daisy5audio21CTrackedSoundInfoStubD0Ev
_ZTVN5daisy5audio16COpenALMusicInfoE,0,0x00000000,
_ZTVN5daisy5audio16COpenALMusicInfoE,1,0x002618a0,_ZTIN5daisy5audio16COpenALMusicInfoE
_ZTVN5daisy5audio16COpenALMusicInfoE,2,0x0015dc58,_ZN5daisy5audio16COpenALMusicInfoD1Ev
_ZTVN5daisy5audio16COpenALMusicInfoE,3,0x0015dc62,_ZN5daisy5audio16COpenALMusicInfoD0Ev
_ZTVN5daisy5audio16COpenALMusicInfoE,4,0x00000000,
_ZTVN5daisy5audio14CMusicInfoStubE,0,0x00000000,
_ZTVN5daisy5audio14CMusicInfoStubE,1,0x00261898,_ZTIN5daisy5audio14CMusicInfoStubE
_ZTVN5daisy5audio14CMusicInfoStubE,2,0x0015dce6,_ZN5daisy5audio14CMusicInfoStubD1Ev
_ZTVN5daisy5audio14CMusicInfoStubE,3,0x0015dcec,_ZN5daisy5audio14CMusicInfoStubD0Ev
_ZTVN5daisy5audio16COpenALSoundInfoE,0,0x00000000,
_ZTVN5daisy5audio16COpenALSoundInfoE,1,0x002618d8,_ZTIN5daisy5audio16COpenALSoundInfoE
_ZTVN5daisy5audio16COpenALSoundInfoE,2,0x0015dcf6,_ZN5daisy5audio16COpenALSoundInfoD1Ev
_ZTVN5daisy5audio16COpenALSoundInfoE,3,0x0015dcfc,_ZN5daisy5audio16COpenALSoundInfoD0Ev
_ZTVN5daisy5audio16COpenALSoundInfoE,4,0x00000000,
_ZTVN5daisy5audio14CSoundInfoStubE,0,0x00000000,
_ZTVN5daisy5audio14CSoundInfoStubE,1,0x002618d0,_ZTIN5daisy5audio14CSoundInfoStubE
_ZTVN5daisy5audio14CSoundInfoStubE,2,0x0015dd06,_ZN5daisy5audio14CSoundInfoStubD1Ev
_ZTVN5daisy5audio14CSoundInfoStubE,3,0x0015dd0c,_ZN5daisy5audio14CSoundInfoStubD0Ev
_ZTVN5daisy5audio14CSoundInfoStubE,4,0x00000000,
_ZTVN2ox5video8ITextureE,0,0x00000000,
_ZTVN2ox5video8ITextureE,1,0x002618f8,_ZTIN2ox5video8ITextureE
_ZTVN2ox5video8ITextureE,2,0x0015e00c,_ZN2ox5video8ITextureD1Ev
_ZTVN2ox5video8ITextureE,3,0x0015e012,_ZN2ox5video8ITextureD0Ev
_ZTVN2ox5video8ITextureE,4,0x00000000,__cxa_pure_virtual
_ZTVN2ox5video8ITextureE,5,0x00000000,__cxa_pure_virtual
_ZTVN2ox5video8ITextureE,6,0x00000000,__cxa_pure_virtual
_ZTVN2ox5video8ITextureE,7,0x00000000,__cxa_pure_virtual
_ZTVN2ox5video8ITextureE,8,0x00000000,__cxa_pure_virtual
_ZTVN2ox5video8ITextureE,9,0x00000000,__cxa_pure_virtual
_ZTVN2ox5video8ITextureE,10,0x00000000,__cxa_pure_virtual
_ZTVN2ox5video8ITextureE,11,0x00000000,
_ZTVN5daisy5video7CTRFlatE,0,0x00000000,
_ZTVN5daisy5video7CTRFlatE,1,0x00261978,_ZTIN5daisy5video7CTRFlatE
_ZTVN5daisy5video7CTRFlatE,2,0x0015e0b0,_ZN5daisy5video7CTRFlatD1Ev
_ZTVN5daisy5video7CTRFlatE,3,0x0015e0ba,_ZN5daisy5video7CTRFlatD0Ev
_ZTVN5daisy5video7CTRFlatE,4,0x00161634,_ZN5daisy5video17CTRTextureGouraud15setRenderTargetEPN2ox5video6IImageERKNS2_4core5CRectIiEE
_ZTVN5daisy5video7CTRFlatE,5,0x00161626,_ZN5daisy5video17CTRTextureGouraud18setBackfaceCullingEb
_ZTVN5daisy5video7CTRFlatE,6,0x001615ca,_ZN5daisy5video17CTRTextureGouraud10setTextureEPN2ox5video6IImageE
_ZTVN5daisy5video7CTRFlatE,7,0x0015e0ea,_ZN5daisy5video7CTRFlat23drawIndexedTriangleListEPNS0_9S2DVertexEiPKti
_ZTVN5daisy5video7CTRFlatE,8,0x00000000,
_ZTVN5daisy5video7CTRFlatE,9,0x00000000,
_ZTVN5daisy5video11CTRFlatWireE,0,0x00000000,
_ZTVN5daisy5video11CTRFlatWireE,1,0x002619b8,_ZTIN5daisy5video11CTRFlatWireE
_ZTVN5daisy5video11CTRFlatWireE,2,0x0015e6e0,_ZN5daisy5video11CTRFlatWireD1Ev
_ZTVN5daisy5video11CTRFlatWireE,3,0x0015e6ea,_ZN5daisy5video11CTRFlatWireD0Ev
_ZTVN5daisy5video11CTRFlatWireE,4,0x00161634,_ZN5daisy5video17CTRTextureGouraud15setRenderTargetEPN2ox5video6IImageERKNS2_4core5CRectIiEE
_ZTVN5daisy5video11CTRFlatWireE,5,0x00161626,_ZN5daisy5video17CTRTextureGouraud18setBackfaceCullingEb
_ZTVN5daisy5video11CTRFlatWireE,6,0x001615ca,_ZN5daisy5video17CTRTextureGouraud10setTextureEPN2ox5video6IImageE
_ZTVN5daisy5video11CTRFlatWireE,7,0x0015e71a,_ZN5daisy5video11CTRFlatWire23drawIndexedTriangleListEPNS0_9S2DVertexEiPKti
_ZTVN5daisy5video11CTRFlatWireE,8,0x00000000,
_ZTVN5daisy5video11CTRFlatWireE,9,0x00000000,
_ZTVN5daisy5video10CTRGouraudE,0,0x00000000,
_ZTVN5daisy5video10CTRGouraudE,1,0x002619f8,_ZTIN5daisy5video10CTRGouraudE
_ZTVN5daisy5video10CTRGouraudE,2,0x0015ecd0,_ZN5daisy5video10CTRGouraudD1Ev
_ZTVN5daisy5video10CTRGouraudE,3,0x0015ecda,_ZN5daisy5video10CTRGouraudD0Ev
_ZTVN5daisy5video10CTRGouraudE,4,0x00161634,_ZN5daisy5video17CTRTextureGouraud15setRenderTargetEPN2ox5video6IImageERKNS2_4core5CRectIiEE
_ZTVN5daisy5video10CTRGouraudE,5,0x00161626,_ZN5daisy5video17CTRTextureGouraud18setBackfaceCullingEb
_ZTVN5daisy5video10CTRGouraudE,6,0x001615ca,_ZN5daisy5video17CTRTextureGouraud10setTextureEPN2ox5video6IImageE
_ZTVN5daisy5video10CTRGouraudE,7,0x0015ed0a,_ZN5daisy5video10CTRGouraud23drawIndexedTriangleListEPNS0_9S2DVertexEiPKti
_ZTVN5daisy5video10CTRGouraudE,8,0x00000000,
_ZTVN5daisy5video10CTRGouraudE,9,0x00000000,
_ZTVN5daisy5video14CTRGouraudWireE,0,0x00000000,
_ZTVN5daisy5video14CTRGouraudWireE,1,0x00261a38,_ZTIN5daisy5video14CTRGouraudWireE
_ZTVN5daisy5video14CTRGouraudWireE,2,0x0015f8f0,_ZN5daisy5video14CTRGouraudWireD1Ev
_ZTVN5daisy5video14CTRGouraudWireE,3,0x0015f8fa,_ZN5daisy5video14CTRGouraudWireD0Ev
_ZTVN5daisy5video14CTRGouraudWireE,4,0x00161634,_ZN5daisy5video17CTRTextureGouraud15setRenderTargetEPN2ox5video6IImageERKNS2_4core5CRectIiEE
_ZTVN5daisy5video14CTRGouraudWireE,5,0x00161626,_ZN5daisy5video17CTRTextureGouraud18setBackfaceCullingEb
_ZTVN5daisy5video14CTRGouraudWireE,6,0x001615ca,_ZN5daisy5video17CTRTextureGouraud10setTextureEPN2ox5video6IImageE
_ZTVN5daisy5video14CTRGouraudWireE,7,0x0015f92a,_ZN5daisy5video14CTRGouraudWire23drawIndexedTriangleListEPNS0_9S2DVertexEiPKti
_ZTVN5daisy5video14CTRGouraudWireE,8,0x00000000,
_ZTVN5daisy5video14CTRGouraudWireE,9,0x00000000,
_ZTVN5daisy5video14CTRTextureFlatE,0,0x00000000,
_ZTVN5daisy5video14CTRTextureFlatE,1,0x00261a78,_ZTIN5daisy5video14CTRTextureFlatE
_ZTVN5daisy5video14CTRTextureFlatE,2,0x00160390,_ZN5daisy5video14CTRTextureFlatD1Ev
_ZTVN5daisy5video14CTRTextureFlatE,3,0x0016039a,_ZN5daisy5video14CTRTextureFlatD0Ev
_ZTVN5daisy5video14CTRTextureFlatE,4,0x00161634,_ZN5daisy5video17CTRTextureGouraud15setRenderTargetEPN2ox5video6IImageERKNS2_4core5CRectIiEE
_ZTVN5daisy5video14CTRTextureFlatE,5,0x00161626,_ZN5daisy5video17CTRTextureGouraud18setBackfaceCullingEb
_ZTVN5daisy5video14CTRTextureFlatE,6,0x001615ca,_ZN5daisy5video17CTRTextureGouraud10setTextureEPN2ox5video6IImageE
_ZTVN5daisy5video14CTRTextureFlatE,7,0x001603ca,_ZN5daisy5video14CTRTextureFlat23drawIndexedTriangleListEPNS0_9S2DVertexEiPKti
_ZTVN5daisy5video14CTRTextureFlatE,8,0x00000000,
_ZTVN5daisy5video14CTRTextureFlatE,9,0x00000000,
_ZTVN5daisy5video18CTRTextureFlatWireE,0,0x00000000,
_ZTVN5daisy5video18CTRTextureFlatWireE,1,0x00261ab8,_ZTIN5daisy5video18CTRTextureFlatWireE
_ZTVN5daisy5video18CTRTextureFlatWireE,2,0x00160d10,_ZN5daisy5video18CTRTextureFlatWireD1Ev
_ZTVN5daisy5video18CTRTextureFlatWireE,3,0x00160d1a,_ZN5daisy5video18CTRTextureFlatWireD0Ev
_ZTVN5daisy5video18CTRTextureFlatWireE,4,0x00161634,_ZN5daisy5video17CTRTextureGouraud15setRenderTargetEPN2ox5video6IImageERKNS2_4core5CRectIiEE
_ZTVN5daisy5video18CTRTextureFlatWireE,5,0x00161626,_ZN5daisy5video17CTRTextureGouraud18setBackfaceCullingEb
_ZTVN5daisy5video18CTRTextureFlatWireE,6,0x001615ca,_ZN5daisy5video17CTRTextureGouraud10setTextureEPN2ox5video6IImageE
_ZTVN5daisy5video18CTRTextureFlatWireE,7,0x00160d4a,_ZN5daisy5video18CTRTextureFlatWire23drawIndexedTriangleListEPNS0_9S2DVertexEiPKti
_ZTVN5daisy5video18CTRTextureFlatWireE,8,0x00000000,
_ZTVN5daisy5video18CTRTextureFlatWireE,9,0x00000000,
_ZTVN5daisy5video20IK3DTriangleRendererE,0,0x00000000,
_ZTVN5daisy5video20IK3DTriangleRendererE,1,0x00261968,_ZTIN5daisy5video20IK3DTriangleRendererE
_ZTVN5daisy5video20IK3DTriangleRendererE,2,0x00162698,_ZN5daisy5video20IK3DTriangleRendererD1Ev
_ZTVN5daisy5video20IK3DTriangleRendererE,3,0x0016269e,_ZN5daisy5video20IK3DTriangleRendererD0Ev
_ZTVN5daisy5video20IK3DTriangleRendererE,4,0x00000000,__cxa_pure_virtual
_ZTVN5daisy5video20IK3DTriangleRendererE,5,0x00000000,__cxa_pure_virtual
_ZTVN5daisy5video20IK3DTriangleRendererE,6,0x00000000,__cxa_pure_virtual
_ZTVN5daisy5video20IK3DTriangleRendererE,7,0x00000000,__cxa_pure_virtual
_ZTVN5daisy5video21CTRTextureGouraudWireE,0,0x00000000,
_ZTVN5daisy5video21CTRTextureGouraudWireE,1,0x00261b18,_ZTIN5daisy5video21CTRTextureGouraudWireE
_ZTVN5daisy5video21CTRTextureGouraudWireE,2,0x00162740,_ZN5daisy5video21CTRTextureGouraudWireD1Ev
_ZTVN5daisy5video21CTRTextureGouraudWireE,3,0x0016274a,_ZN5daisy5video21CTRTextureGouraudWireD0Ev
_ZTVN5daisy5video21CTRTextureGouraudWireE,4,0x00161634,_ZN5daisy5video17CTRTextureGouraud15setRenderTargetEPN2ox5video6IImageERKNS2_4core5CRectIiEE
_ZTVN5daisy5video21CTRTextureGouraudWireE,5,0x00161626,_ZN5daisy5video17CTRTextureGouraud18setBackfaceCullingEb
_ZTVN5daisy5video21CTRTextureGouraudWireE,6,0x001615ca,_ZN5daisy5video17CTRTextureGouraud10setTextureEPN2ox5video6IImageE
_ZTVN5daisy5video21CTRTextureGouraudWireE,7,0x0016277a,_ZN5daisy5video21CTRTextureGouraudWire23drawIndexedTriangleListEPNS0_9S2DVertexEiPKti
_ZTVN5daisy5video21CTRTextureGouraudWireE,8,0x00000000,
_ZTVN5daisy5video21CTRTextureGouraudWireE,9,0x00000000,
_ZTVN5daisy5video8IZBufferE,0,0x00000000,
_ZTVN5daisy5video8IZBufferE,1,0x00261b48,_ZTIN5daisy5video8IZBufferE
_ZTVN5daisy5video8IZBufferE,2,0x00165d92,_ZN5daisy5video8IZBufferD1Ev
_ZTVN5daisy5video8IZBufferE,3,0x00165d98,_ZN5daisy5video8IZBufferD0Ev
_ZTVN5daisy5video8IZBufferE,4,0x00000000,__cxa_pure_virtual
_ZTVN5daisy5video8IZBufferE,5,0x00000000,__cxa_pure_virtual
_ZTVN5daisy5video8IZBufferE,6,0x00000000,__cxa_pure_virtual
_ZTVN5daisy5video8IZBufferE,7,0x00000000,__cxa_pure_virtual
_ZTVN5daisy5video8IZBufferE,8,0x00000000,__cxa_pure_virtual
_ZTVN5daisy5video8IZBufferE,9,0x00000000,
_ZTVN5daisy5video8IZBufferE,10,0x00000010,
_ZTVN5daisy5video8IZBufferE,11,0x00273218,
_ZTVN5daisy5video8IZBufferE,12,0x00000000,
_ZTVN5daisy5video8IZBufferE,13,0x00000000,
_ZTVN2ox4core7ICipherE,0,0x00000000,
_ZTVN2ox4core7ICipherE,1,0x00261ba0,_ZTIN2ox4core7ICipherE
_ZTVN2ox4core7ICipherE,2,0x00169312,_ZN2ox4core7ICipherD1Ev
_ZTVN2ox4core7ICipherE,3,0x0016931c,_ZN2ox4core7ICipherD0Ev
_ZTVN2ox4core7ICipherE,4,0x00000000,__cxa_pure_virtual
_ZTVN2ox4core7ICipherE,5,0x00000000,__cxa_pure_virtual
_ZTVN2ox4core7ICipherE,6,0x00000000,__cxa_pure_virtual
_ZTVN2ox4core7ICipherE,7,0x00000000,__cxa_pure_virtual
_ZTVN2ox4core7ICipherE,8,0x0016934c,_ZNK2ox4core7ICipher12getShortNameEv
_ZTVN2ox4core7ICipherE,9,0x0016935e,_ZNK2ox4core7ICipher11getLongNameEv
_ZTVN2ox4core7ICipherE,10,0x00000000,__cxa_pure_virtual
_ZTVN2ox4core7ICipherE,11,0x00000000,
_ZTVN2ox4core7ICipherE,12,0x00000000,
_ZTVN2ox4core7ICipherE,13,0x00000000,
_ZTVN2ox2io9IReadFileE,0,0x00000000,
_ZTVN2ox2io9IReadFileE,1,0x00261be8,_ZTIN2ox2io9IReadFileE
_ZTVN2ox2io9IReadFileE,2,0x00171328,_ZN2ox2io9IReadFileD1Ev
_ZTVN2ox2io9IReadFileE,3,0x0017132e,_ZN2ox2io9IReadFileD0Ev
_ZTVN2ox2io9IReadFileE,4,0x00000000,__cxa_pure_virtual
_ZTVN2ox2io9IReadFileE,5,0x00000000,__cxa_pure_virtual
_ZTVN2ox2io9IReadFileE,6,0x00000000,__cxa_pure_virtual
_ZTVN2ox2io9IReadFileE,7,0x00000000,__cxa_pure_virtual
_ZTVN2ox2io9IReadFileE,8,0x00000000,__cxa_pure_virtual
_ZTVN2ox2io9IReadFileE,9,0x00000000,__cxa_pure_virtual
_ZTVN2ox2io9IReadFileE,10,0x00000000,__cxa_pure_virtual
_ZTVN2ox2io9IReadFileE,11,0x00000000,
_ZTVN2ox2io9IReadFileE,12,0x00000000,
_ZTVN2ox2io9IReadFileE,13,0x00000000,
_ZTVN2ox2io10IWriteFileE,0,0x00000000,
_ZTVN2ox2io10IWriteFileE,1,0x00261c38,_ZTIN2ox2io10IWriteFileE
_ZTVN2ox2io10IWriteFileE,2,0x001715c6,_ZN2ox2io10IWriteFileD1Ev
_ZTVN2ox2io10IWriteFileE,3,0x001715cc,_ZN2ox2io10IWriteFileD0Ev
_ZTVN2ox2io10IWriteFileE,4,0x00000000,__cxa_pure_virtual
_ZTVN2ox2io10IWriteFileE,5,0x00000000,__cxa_pure_virtual
_ZTVN2ox2io10IWriteFileE,6,0x00000000,__cxa_pure_virtual
_ZTVN2ox2io10IWriteFileE,7,0x00000000,__cxa_pure_virtual
_ZTVN2ox2io10IWriteFileE,8,0x00000000,__cxa_pure_virtual
_ZTVN7harvest16CHarvestFullMainE,0,0x00000000,
_ZTVN7harvest16CHarvestFullMainE,1,0x00261da8,_ZTIN7harvest16CHarvestFullMainE
_ZTVN7harvest16CHarvestFullMainE,2,0x00002938,_ZN7harvest16CHarvestFullMainD1Ev
_ZTVN7harvest16CHarvestFullMainE,3,0x00002908,_ZN7harvest16CHarvestFullMainD0Ev
_ZTVN7harvest16CHarvestFullMainE,4,0x0016faac,_ZN2ox4game9CGameMain5clearEv
_ZTVN7harvest16CHarvestFullMainE,5,0x00003660,_ZN7harvest16CHarvestFullMain10updateMainEf
_ZTVN7harvest16CHarvestFullMainE,6,0x00002ab4,_ZN7harvest16CHarvestFullMain4initEv
_ZTVN7harvest16CHarvestFullMainE,7,0x0016fc16,_ZN2ox4game9CGameMain6updateEv
_ZTVN7harvest16CHarvestFullMainE,8,0x000035aa,_ZN7harvest16CHarvestFullMain12stateFactoryEi
_ZTVN7harvest16CHarvestFullMainE,9,0x0016fd5a,_ZN2ox4game9CGameMain10checkFilesEPPc
_ZTVN7harvest16CHarvestFullMainE,10,0x00000000,
_ZTVN7harvest16CHarvestFullMainE,11,0x00000000,
_ZTVN7harvest21CHarvestSuperReceiverE,0,0x00000000,
_ZTVN7harvest21CHarvestSuperReceiverE,1,0x00261db8,_ZTIN7harvest21CHarvestSuperReceiverE
_ZTVN7harvest21CHarvestSuperReceiverE,2,0x00003708,_ZN7harvest21CHarvestSuperReceiver7OnEventERKN2ox5event6SEventE
_ZTVN7harvest21CHarvestSuperReceiverE,3,0x000038ee,_ZN7harvest21CHarvestSuperReceiverD1Ev
_ZTVN7harvest21CHarvestSuperReceiverE,4,0x000038f8,_ZN7harvest21CHarvestSuperReceiverD0Ev
_ZTVN7harvest21CHarvestSuperReceiverE,5,0x00000000,
_ZTVN7harvest6entity12CAlienEntityE,0,0x00000000,
_ZTVN7harvest6entity12CAlienEntityE,1,0x00261e88,_ZTIN7harvest6entity12CAlienEntityE
_ZTVN7harvest6entity12CAlienEntityE,2,0x00009a58,_ZN7harvest6entity12CAlienEntityD1Ev
_ZTVN7harvest6entity12CAlienEntityE,3,0x00009a28,_ZN7harvest6entity12CAlienEntityD0Ev
_ZTVN7harvest6entity12CAlienEntityE,4,0x000200ec,_ZN7harvest6entity7CEntity13getEntityTypeEv
_ZTVN7harvest6entity12CAlienEntityE,5,0x000200f8,_ZN7harvest6entity7CEntity6updateEf
_ZTVN7harvest6entity12CAlienEntityE,6,0x00020184,_ZN7harvest6entity7CEntity15addToRenderListERKN2ox4core5CRectIfEE
_ZTVN7harvest6entity12CAlienEntityE,7,0x0000e12e,_ZN7harvest6entity7CEntity10killEntityEv
_ZTVN7harvest6entity12CAlienEntityE,8,0x0000e13a,_ZN7harvest6entity7CEntity8isKilledEv
_ZTVN7harvest6entity12CAlienEntityE,9,0x00020134,_ZN7harvest6entity7CEntity13notifyRemovedEv
_ZTVN7harvest6entity12CAlienEntityE,10,0x0016af4a,_ZN2ox6entity9COxEntity11setPositionEfff
_ZTVN7harvest6entity12CAlienEntityE,11,0x0016af70,_ZN2ox6entity9COxEntity11setPositionERKNS_4core11CPosition2dIiEE
_ZTVN7harvest6entity12CAlienEntityE,12,0x0016af96,_ZN2ox6entity9COxEntity11setPositionERKNS_4core11CPosition2dIfEE
_ZTVN7harvest6entity12CAlienEntityE,13,0x0016afbc,_ZN2ox6entity9COxEntity11setPositionERKNS_4core9CVector3dIfEE
_ZTVN7harvest6entity12CAlienEntityE,14,0x0000e14a,_ZNK7harvest6entity7CEntity14getRenderLayerEv
_ZTVN7harvest6entity12CAlienEntityE,15,0x0000d8b4,_ZN7harvest6entity12CAlienEntity15writeEntityDataEPN2ox2io10IWriteFileE
_ZTVN7harvest6entity12CAlienEntityE,16,0x0000da5a,_ZN7harvest6entity12CAlienEntity14readEntityDataEPN2ox2io9IReadFileEi
_ZTVN7harvest6entity12CAlienEntityE,17,0x00009af4,_ZN7harvest6entity12CAlienEntity12updateSpriteEf
_ZTVN7harvest6entity12CAlienEntityE,18,0x0000a08c,_ZN7harvest6entity12CAlienEntity11updateLogicEf
_ZTVN7harvest6entity12CAlienEntityE,19,0x0000d338,_ZN7harvest6entity12CAlienEntity6renderERKN2ox4core11CPosition2dIfEERKNS3_5CRectIiEE
_ZTVN7harvest6entity12CAlienEntityE,20,0x000201c2,_ZN7harvest6entity7CEntity12renderSpriteERKN2ox4core11CPosition2dIfEERKNS3_5CRectIiEEPNS2_5video21ISpriteAnimationStateE
_ZTVN7harvest6entity12CAlienEntityE,21,0x00020234,_ZN7harvest6entity7CEntity17renderSpriteFixedERKN2ox4core11CPosition2dIfEERKNS3_5CRectIiEEPNS2_5video21ISpriteAnimationStateE
_ZTVN7harvest6entity12CAlienEntityE,22,0x0000e154,_ZN7harvest6entity12CAlienEntity17renderGroundLayerERKN2ox4core11CPosition2dIfEERKNS3_5CRectIiEE
_ZTVN7harvest6entity12CAlienEntityE,23,0x000202ac,_ZN7harvest6entity7CEntity16renderEnergyLineERKN2ox4core11CPosition2dIfEERKNS3_5CRectIiEES7_b
_ZTVN7harvest6entity12CAlienEntityE,24,0x000203b4,_ZN7harvest6entity7CEntity18renderSelfProgressERKN2ox4core11CPosition2dIfEERKNS3_5CRectIiEEfNS2_5video6SColorE
_ZTVN7harvest6entity12CAlienEntityE,25,0x000204a4,_ZN7harvest6entity7CEntity23getCurrentDisplaySpriteEv
_ZTVN7harvest6entity12CAlienEntityE,26,0x0000d328,_ZN7harvest6entity12CAlienEntity7onSparkEPNS0_12CSparkEntityE
_ZTVN7harvest6entity12CAlienEntityE,27,0x0000d330,_ZN7harvest6entity12CAlienEntity10wantsSparkEv
_ZTVN7harvest6entity12CAlienEntityE,28,0x0000e15a,_ZN7harvest6entity7CEntity16acceptsSparkFromEi
_ZTVN7harvest6entity12CAlienEntityE,29,0x0000e164,_ZN7harvest6entity7CEntity14getSparkHeightEv
_ZTVN7harvest6entity12CAlienEntityE,30,0x0002088c,_ZN7harvest6entity7CEntity13getInfoStringEv
_ZTVN7harvest6entity12CAlienEntityE,31,0x000208c8,_ZN7harvest6entity7CEntity17getMiniStatStringEv
_ZTVN7harvest6entity12CAlienEntityE,32,0x00020904,_ZN7harvest6entity7CEntity17getOperatorStringEv
_ZTVN7harvest6entity12CAlienEntityE,33,0x0000e176,_ZNK7harvest6entity7CEntity16getCollisionSizeEv
_ZTVN7harvest6entity12CAlienEntityE,34,0x0000e17e,_ZNK7harvest6entity7CEntity12getSellValueEv
_ZTVN7harvest6entity12CAlienEntityE,35,0x0000e198,_ZN7harvest6entity7CEntity22handleRightClickActionERKN2ox4core11CPosition2dIfEE
_ZTVN7harvest6entity12CAlienEntityE,36,0x0000e19e,_ZN7harvest6entity7CEntity26handleDoubleClickSelectionEv
_ZTVN7harvest6entity12CAlienEntityE,37,0x0000e1a4,_ZN7harvest6entity7CEntity30handleSelectionDraggedToEntityEPS1_
_ZTVN7harvest6entity12CAlienEntityE,38,0x0000e1ac,_ZN7harvest6entity7CEntity31handleSelectionDraggedToNothingEv
_ZTVN7harvest6entity13CAlienLuaInfoE,0,0x00000000,
_ZTVN7harvest6entity13CAlienLuaInfoE,1,0x00261e80,_ZTIN7harvest6entity13CAlienLuaInfoE
_ZTVN7harvest6entity13CAlienLuaInfoE,2,0x0000e028,_ZN7harvest6entity13CAlienLuaInfoD1Ev
_ZTVN7harvest6entity13CAlienLuaInfoE,3,0x0000e01e,_ZN7harvest6entity13CAlienLuaInfoD0Ev
_ZTVN7harvest6entity13CAlienLuaInfoE,4,0x00000000,
_ZTVN7harvest6entity15CBuildableItemsE,0,0x00000000,
_ZTVN7harvest6entity15CBuildableItemsE,1,0x00261ea8,_ZTIN7harvest6entity15CBuildableItemsE
_ZTVN7harvest6entity15CBuildableItemsE,2,0x0000e256,_ZN7harvest6entity15CBuildableItemsD1Ev
_ZTVN7harvest6entity15CBuildableItemsE,3,0x0000e226,_ZN7harvest6entity15CBuildableItemsD0Ev
_ZTVN7harvest6entity15CBuildingEntityE,0,0x00000000,
_ZTVN7harvest6entity15CBuildingEntityE,1,0x00261f68,_ZTIN7harvest6entity15CBuildingEntityE
_ZTVN7harvest6entity15CBuildingEntityE,2,0x000109a8,_ZN7harvest6entity15CBuildingEntityD1Ev
_ZTVN7harvest6entity15CBuildingEntityE,3,0x00010978,_ZN7harvest6entity15CBuildingEntityD0Ev
_ZTVN7harvest6entity15CBuildingEntityE,4,0x000200ec,_ZN7harvest6entity7CEntity13getEntityTypeEv
_ZTVN7harvest6entity15CBuildingEntityE,5,0x000200f8,_ZN7harvest6entity7CEntity6updateEf
_ZTVN7harvest6entity15CBuildingEntityE,6,0x00020184,_ZN7harvest6entity7CEntity15addToRenderListERKN2ox4core5CRectIfEE
_ZTVN7harvest6entity15CBuildingEntityE,7,0x0000e12e,_ZN7harvest6entity7CEntity10killEntityEv
_ZTVN7harvest6entity15CBuildingEntityE,8,0x0000e13a,_ZN7harvest6entity7CEntity8isKilledEv
_ZTVN7harvest6entity15CBuildingEntityE,9,0x00020134,_ZN7harvest6entity7CEntity13notifyRemovedEv
_ZTVN7harvest6entity15CBuildingEntityE,10,0x0016af4a,_ZN2ox6entity9COxEntity11setPositionEfff
_ZTVN7harvest6entity15CBuildingEntityE,11,0x0016af70,_ZN2ox6entity9COxEntity11setPositionERKNS_4core11CPosition2dIiEE
_ZTVN7harvest6entity15CBuildingEntityE,12,0x0016af96,_ZN2ox6entity9COxEntity11setPositionERKNS_4core11CPosition2dIfEE
_ZTVN7harvest6entity15CBuildingEntityE,13,0x0016afbc,_ZN2ox6entity9COxEntity11setPositionERKNS_4core9CVector3dIfEE
_ZTVN7harvest6entity15CBuildingEntityE,14,0x0000e14a,_ZNK7harvest6entity7CEntity14getRenderLayerEv
_ZTVN7harvest6entity15CBuildingEntityE,15,0x00000000,__cxa_pure_virtual
_ZTVN7harvest6entity15CBuildingEntityE,16,0x00000000,__cxa_pure_virtual
_ZTVN7harvest6entity15CBuildingEntityE,17,0x0002017e,_ZN7harvest6entity7CEntity12updateSpriteEf
_ZTVN7harvest6entity15CBuildingEntityE,18,0x00000000,__cxa_pure_virtual
_ZTVN7harvest6entity15CBuildingEntityE,19,0x00000000,__cxa_pure_virtual
_ZTVN7harvest6entity15CBuildingEntityE,20,0x000201c2,_ZN7harvest6entity7CEntity12renderSpriteERKN2ox4core11CPosition2dIfEERKNS3_5CRectIiEEPNS2_5video21ISpriteAnimationStateE
_ZTVN7harvest6entity15CBuildingEntityE,21,0x00020234,_ZN7harvest6entity7CEntity17renderSpriteFixedERKN2ox4core11CPosition2dIfEERKNS3_5CRectIiEEPNS2_5video21ISpriteAnimationStateE
_ZTVN7harvest6entity15CBuildingEntityE,22,0x00000000,__cxa_pure_virtual
_ZTVN7harvest6entity15CBuildingEntityE,23,0x000202ac,_ZN7harvest6entity7CEntity16renderEnergyLineERKN2ox4core11CPosition2dIfEERKNS3_5CRectIiEES7_b
_ZTVN7harvest6entity15CBuildingEntityE,24,0x000203b4,_ZN7harvest6entity7CEntity18renderSelfProgressERKN2ox4core11CPosition2dIfEERKNS3_5CRectIiEEfNS2_5video6SColorE
_ZTVN7harvest6entity15CBuildingEntityE,25,0x000204a4,_ZN7harvest6entity7CEntity23getCurrentDisplaySpriteEv
_ZTVN7harvest6entity15CBuildingEntityE,26,0x00010cc0,_ZN7harvest6entity7CEntity7onSparkEPNS0_12CSparkEntityE
_ZTVN7harvest6entity15CBuildingEntityE,27,0x00010cc8,_ZN7harvest6entity7CEntity10wantsSparkEv
_ZTVN7harvest6entity15CBuildingEntityE,28,0x0000e15a,_ZN7harvest6entity7CEntity16acceptsSparkFromEi
_ZTVN7harvest6entity15CBuildingEntityE,29,0x0000e164,_ZN7harvest6entity7CEntity14getSparkHeightEv
_ZTVN7harvest6entity15CBuildingEntityE,30,0x0002088c,_ZN7harvest6entity7CEntity13getInfoStringEv
_ZTVN7harvest6entity15CBuildingEntityE,31,0x000208c8,_ZN7harvest6entity7CEntity17getMiniStatStringEv
_ZTVN7harvest6entity15CBuildingEntityE,32,0x00020904,_ZN7harvest6entity7CEntity17getOperatorStringEv
_ZTVN7harvest6entity15CBuildingEntityE,33,0x0000e176,_ZNK7harvest6entity7CEntity16getCollisionSizeEv
_ZTVN7harvest6entity15CBuildingEntityE,34,0x0000e17e,_ZNK7harvest6entity7CEntity12getSellValueEv
_ZTVN7harvest6entity15CBuildingEntityE,35,0x0000e198,_ZN7harvest6entity7CEntity22handleRightClickActionERKN2ox4core11CPosition2dIfEE
_ZTVN7harvest6entity15CBuildingEntityE,36,0x0000e19e,_ZN7harvest6entity7CEntity26handleDoubleClickSelectionEv
_ZTVN7harvest6entity15CBuildingEntityE,37,0x0000e1a4,_ZN7harvest6entity7CEntity30handleSelectionDraggedToEntityEPS1_
_ZTVN7harvest6entity15CBuildingEntityE,38,0x0000e1ac,_ZN7harvest6entity7CEntity31handleSelectionDraggedToNothingEv
_ZTVN7harvest6entity16CBuildingLuaInfoE,0,0x00000000,
_ZTVN7harvest6entity16CBuildingLuaInfoE,1,0x00261f60,_ZTIN7harvest6entity16CBuildingLuaInfoE
_ZTVN7harvest6entity16CBuildingLuaInfoE,2,0x00010cb4,_ZN7harvest6entity16CBuildingLuaInfoD1Ev
_ZTVN7harvest6entity16CBuildingLuaInfoE,3,0x00010caa,_ZN7harvest6entity16CBuildingLuaInfoD0Ev
_ZTVN7harvest6entity16CBuildingLuaInfoE,4,0x00000000,
_ZTVN7harvest6entity19CConstructionEntityE,0,0x00000000,
_ZTVN7harvest6entity19CConstructionEntityE,1,0x00262020,_ZTIN7harvest6entity19CConstructionEntityE
_ZTVN7harvest6entity19CConstructionEntityE,2,0x00010f28,_ZN7harvest6entity19CConstructionEntityD1Ev
_ZTVN7harvest6entity19CConstructionEntityE,3,0x00010ef8,_ZN7harvest6entity19CConstructionEntityD0Ev
_ZTVN7harvest6entity19CConstructionEntityE,4,0x000200ec,_ZN7harvest6entity7CEntity13getEntityTypeEv
_ZTVN7harvest6entity19CConstructionEntityE,5,0x000200f8,_ZN7harvest6entity7CEntity6updateEf
_ZTVN7harvest6entity19CConstructionEntityE,6,0x00020184,_ZN7harvest6entity7CEntity15addToRenderListERKN2ox4core5CRectIfEE
_ZTVN7harvest6entity19CConstructionEntityE,7,0x0000e12e,_ZN7harvest6entity7CEntity10killEntityEv
_ZTVN7harvest6entity19CConstructionEntityE,8,0x0000e13a,_ZN7harvest6entity7CEntity8isKilledEv
_ZTVN7harvest6entity19CConstructionEntityE,9,0x00020134,_ZN7harvest6entity7CEntity13notifyRemovedEv
_ZTVN7harvest6entity19CConstructionEntityE,10,0x0016af4a,_ZN2ox6entity9COxEntity11setPositionEfff
_ZTVN7harvest6entity19CConstructionEntityE,11,0x0016af70,_ZN2ox6entity9COxEntity11setPositionERKNS_4core11CPosition2dIiEE
_ZTVN7harvest6entity19CConstructionEntityE,12,0x0016af96,_ZN2ox6entity9COxEntity11setPositionERKNS_4core11CPosition2dIfEE
_ZTVN7harvest6entity19CConstructionEntityE,13,0x0016afbc,_ZN2ox6entity9COxEntity11setPositionERKNS_4core9CVector3dIfEE
_ZTVN7harvest6entity19CConstructionEntityE,14,0x0000e14a,_ZNK7harvest6entity7CEntity14getRenderLayerEv
_ZTVN7harvest6entity19CConstructionEntityE,15,0x000115d2,_ZN7harvest6entity19CConstructionEntity15writeEntityDataEPN2ox2io10IWriteFileE
_ZTVN7harvest6entity19CConstructionEntityE,16,0x00011624,_ZN7harvest6entity19CConstructionEntity14readEntityDataEPN2ox2io9IReadFileEi
_ZTVN7harvest6entity19CConstructionEntityE,17,0x0001108c,_ZN7harvest6entity19CConstructionEntity12updateSpriteEf
_ZTVN7harvest6entity19CConstructionEntityE,18,0x000110b4,_ZN7harvest6entity19CConstructionEntity11updateLogicEf
_ZTVN7harvest6entity19CConstructionEntityE,19,0x00011550,_ZN7harvest6entity19CConstructionEntity6renderERKN2ox4core11CPosition2dIfEERKNS3_5CRectIiEE
_ZTVN7harvest6entity19CConstructionEntityE,20,0x000201c2,_ZN7harvest6entity7CEntity12renderSpriteERKN2ox4core11CPosition2dIfEERKNS3_5CRectIiEEPNS2_5video21ISpriteAnimationStateE
_ZTVN7harvest6entity19CConstructionEntityE,21,0x00020234,_ZN7harvest6entity7CEntity17renderSpriteFixedERKN2ox4core11CPosition2dIfEERKNS3_5CRectIiEEPNS2_5video21ISpriteAnimationStateE
_ZTVN7harvest6entity19CConstructionEntityE,22,0x000116b6,_ZN7harvest6entity19CConstructionEntity17renderGroundLayerERKN2ox4core11CPosition2dIfEERKNS3_5CRectIiEE
_ZTVN7harvest6entity19CConstructionEntityE,23,0x000202ac,_ZN7harvest6entity7CEntity16renderEnergyLineERKN2ox4core11CPosition2dIfEERKNS3_5CRectIiEES7_b
_ZTVN7harvest6entity19CConstructionEntityE,24,0x000203b4,_ZN7harvest6entity7CEntity18renderSelfProgressERKN2ox4core11CPosition2dIfEERKNS3_5CRectIiEEfNS2_5video6SColorE
_ZTVN7harvest6entity19CConstructionEntityE,25,0x000115c6,_ZN7harvest6entity19CConstructionEntity23getCurrentDisplaySpriteEv
_ZTVN7harvest6entity19CConstructionEntityE,26,0x00011520,_ZN7harvest6entity19CConstructionEntity7onSparkEPNS0_12CSparkEntityE
_ZTVN7harvest6entity19CConstructionEntityE,27,0x0001153c,_ZN7harvest6entity19CConstructionEntity10wantsSparkEv
_ZTVN7harvest6entity19CConstructionEntityE,28,0x0000e15a,_ZN7harvest6entity7CEntity16acceptsSparkFromEi
_ZTVN7harvest6entity19CConstructionEntityE,29,0x0000e164,_ZN7harvest6entity7CEntity14getSparkHeightEv
_ZTVN7harvest6entity19CConstructionEntityE,30,0x00011374,_ZN7harvest6entity19CConstructionEntity13getInfoStringEv
_ZTVN7harvest6entity19CConstructionEntityE,31,0x000208c8,_ZN7harvest6entity7CEntity17getMiniStatStringEv
_ZTVN7harvest6entity19CConstructionEntityE,32,0x00020904,_ZN7harvest6entity7CEntity17getOperatorStringEv
_ZTVN7harvest6entity19CConstructionEntityE,33,0x000116bc,_ZNK7harvest6entity19CConstructionEntity16getCollisionSizeEv
_ZTVN7harvest6entity19CConstructionEntityE,34,0x000116c8,_ZNK7harvest6entity19CConstructionEntity12getSellValueEv
_ZTVN7harvest6entity19CConstructionEntityE,35,0x0000e198,_ZN7harvest6entity7CEntity22handleRightClickActionERKN2ox4core11CPosition2dIfEE
_ZTVN7harvest6entity19CConstructionEntityE,36,0x000113d0,_ZN7harvest6entity19CConstructionEntity26handleDoubleClickSelectionEv
_ZTVN7harvest6entity19CConstructionEntityE,37,0x0000e1a4,_ZN7harvest6entity7CEntity30handleSelectionDraggedToEntityEPS1_
_ZTVN7harvest6entity19CConstructionEntityE,38,0x0000e1ac,_ZN7harvest6entity7CEntity31handleSelectionDraggedToNothingEv
_ZTVN7harvest6entity19CConstructionEntityE,39,0x00000000,
_ZTVN7harvest6entity17CCreativeLuaStateE,0,0x00000000,
_ZTVN7harvest6entity17CCreativeLuaStateE,1,0x002620e0,_ZTIN7harvest6entity17CCreativeLuaStateE
_ZTVN7harvest6entity17CCreativeLuaStateE,2,0x00011d12,_ZN7harvest6entity17CCreativeLuaStateD1Ev
_ZTVN7harvest6entity17CCreativeLuaStateE,3,0x00011cbc,_ZN7harvest6entity17CCreativeLuaStateD0Ev
_ZTVN7harvest6entity15CCreativeEntityE,0,0x00000000,
_ZTVN7harvest6entity15CCreativeEntityE,1,0x002620e8,_ZTIN7harvest6entity15CCreativeEntityE
_ZTVN7harvest6entity15CCreativeEntityE,2,0x000124dc,_ZN7harvest6entity15CCreativeEntityD1Ev
_ZTVN7harvest6entity15CCreativeEntityE,3,0x000124ac,_ZN7harvest6entity15CCreativeEntityD0Ev
_ZTVN7harvest6entity15CCreativeEntityE,4,0x000200ec,_ZN7harvest6entity7CEntity13getEntityTypeEv
_ZTVN7harvest6entity15CCreativeEntityE,5,0x000200f8,_ZN7harvest6entity7CEntity6updateEf
_ZTVN7harvest6entity15CCreativeEntityE,6,0x00020184,_ZN7harvest6entity7CEntity15addToRenderListERKN2ox4core5CRectIfEE
_ZTVN7harvest6entity15CCreativeEntityE,7,0x0000e12e,_ZN7harvest6entity7CEntity10killEntityEv
_ZTVN7harvest6entity15CCreativeEntityE,8,0x0000e13a,_ZN7harvest6entity7CEntity8isKilledEv
_ZTVN7harvest6entity15CCreativeEntityE,9,0x00020134,_ZN7harvest6entity7CEntity13notifyRemovedEv
_ZTVN7harvest6entity15CCreativeEntityE,10,0x0016af4a,_ZN2ox6entity9COxEntity11setPositionEfff
_ZTVN7harvest6entity15CCreativeEntityE,11,0x0016af70,_ZN2ox6entity9COxEntity11setPositionERKNS_4core11CPosition2dIiEE
_ZTVN7harvest6entity15CCreativeEntityE,12,0x0016af96,_ZN2ox6entity9COxEntity11setPositionERKNS_4core11CPosition2dIfEE
_ZTVN7harvest6entity15CCreativeEntityE,13,0x0016afbc,_ZN2ox6entity9COxEntity11setPositionERKNS_4core9CVector3dIfEE
_ZTVN7harvest6entity15CCreativeEntityE,14,0x0000e14a,_ZNK7harvest6entity7CEntity14getRenderLayerEv
_ZTVN7harvest6entity15CCreativeEntityE,15,0x000127a6,_ZN7harvest6entity15CCreativeEntity15writeEntityDataEPN2ox2io10IWriteFileE
_ZTVN7harvest6entity15CCreativeEntityE,16,0x00012830,_ZN7harvest6entity15CCreativeEntity14readEntityDataEPN2ox2io9IReadFileEi
_ZTVN7harvest6entity15CCreativeEntityE,17,0x00012634,_ZN7harvest6entity15CCreativeEntity12updateSpriteEf
_ZTVN7harvest6entity15CCreativeEntityE,18,0x000125e6,_ZN7harvest6entity15CCreativeEntity11updateLogicEf
_ZTVN7harvest6entity15CCreativeEntityE,19,0x000126a6,_ZN7harvest6entity15CCreativeEntity6renderERKN2ox4core11CPosition2dIfEERKNS3_5CRectIiEE
_ZTVN7harvest6entity15CCreativeEntityE,20,0x000201c2,_ZN7harvest6entity7CEntity12renderSpriteERKN2ox4core11CPosition2dIfEERKNS3_5CRectIiEEPNS2_5video21ISpriteAnimationStateE
_ZTVN7harvest6entity15CCreativeEntityE,21,0x00020234,_ZN7harvest6entity7CEntity17renderSpriteFixedERKN2ox4core11CPosition2dIfEERKNS3_5CRectIiEEPNS2_5video21ISpriteAnimationStateE
_ZTVN7harvest6entity15CCreativeEntityE,22,0x00012950,_ZN7harvest6entity15CCreativeEntity17renderGroundLayerERKN2ox4core11CPosition2dIfEERKNS3_5CRectIiEE
_ZTVN7harvest6entity15CCreativeEntityE,23,0x000202ac,_ZN7harvest6entity7CEntity16renderEnergyLineERKN2ox4core11CPosition2dIfEERKNS3_5CRectIiEES7_b
_ZTVN7harvest6entity15CCreativeEntityE,24,0x000203b4,_ZN7harvest6entity7CEntity18renderSelfProgressERKN2ox4core11CPosition2dIfEERKNS3_5CRectIiEEfNS2_5video6SColorE
_ZTVN7harvest6entity15CCreativeEntityE,25,0x00012722,_ZN7harvest6entity15CCreativeEntity23getCurrentDisplaySpriteEv
_ZTVN7harvest6entity15CCreativeEntityE,26,0x00012668,_ZN7harvest6entity15CCreativeEntity7onSparkEPNS0_12CSparkEntityE
_ZTVN7harvest6entity15CCreativeEntityE,27,0x00012696,_ZN7harvest6entity15CCreativeEntity10wantsSparkEv
_ZTVN7harvest6entity15CCreativeEntityE,28,0x0000e15a,_ZN7harvest6entity7CEntity16acceptsSparkFromEi
_ZTVN7harvest6entity15CCreativeEntityE,29,0x0000e164,_ZN7harvest6entity7CEntity14getSparkHeightEv
_ZTVN7harvest6entity15CCreativeEntityE,30,0x0001272e,_ZN7harvest6entity15CCreativeEntity13getInfoStringEv
_ZTVN7harvest6entity15CCreativeEntityE,31,0x0001276a,_ZN7harvest6entity15CCreativeEntity17getMiniStatStringEv
_ZTVN7harvest6entity15CCreativeEntityE,32,0x00020904,_ZN7harvest6entity7CEntity17getOperatorStringEv
_ZTVN7harvest6entity15CCreativeEntityE,33,0x000125da,_ZNK7harvest6entity15CCreativeEntity16getCollisionSizeEv
_ZTVN7harvest6entity15CCreativeEntityE,34,0x00012956,_ZNK7harvest6entity15CCreativeEntity12getSellValueEv
_ZTVN7harvest6entity15CCreativeEntityE,35,0x0000e198,_ZN7harvest6entity7CEntity22handleRightClickActionERKN2ox4core11CPosition2dIfEE
_ZTVN7harvest6entity15CCreativeEntityE,36,0x0000e19e,_ZN7harvest6entity7CEntity26handleDoubleClickSelectionEv
_ZTVN7harvest6entity15CCreativeEntityE,37,0x0000e1a4,_ZN7harvest6entity7CEntity30handleSelectionDraggedToEntityEPS1_
_ZTVN7harvest6entity15CCreativeEntityE,38,0x0000e1ac,_ZN7harvest6entity7CEntity31handleSelectionDraggedToNothingEv
_ZTVN7harvest6entity15CCreativeEntityE,39,0x00000000,
_ZTVN7harvest6entity19CDefenseTowerEntityE,0,0x00000000,
_ZTVN7harvest6entity19CDefenseTowerEntityE,1,0x002621a0,_ZTIN7harvest6entity19CDefenseTowerEntityE
_ZTVN7harvest6entity19CDefenseTowerEntityE,2,0x000177a2,_ZN7harvest6entity19CDefenseTowerEntityD1Ev
_ZTVN7harvest6entity19CDefenseTowerEntityE,3,0x00017772,_ZN7harvest6entity19CDefenseTowerEntityD0Ev
_ZTVN7harvest6entity19CDefenseTowerEntityE,4,0x000200ec,_ZN7harvest6entity7CEntity13getEntityTypeEv
_ZTVN7harvest6entity19CDefenseTowerEntityE,5,0x000200f8,_ZN7harvest6entity7CEntity6updateEf
_ZTVN7harvest6entity19CDefenseTowerEntityE,6,0x000189c2,_ZN7harvest6entity19CDefenseTowerEntity15addToRenderListERKN2ox4core5CRectIfEE
_ZTVN7harvest6entity19CDefenseTowerEntityE,7,0x0000e12e,_ZN7harvest6entity7CEntity10killEntityEv
_ZTVN7harvest6entity19CDefenseTowerEntityE,8,0x0000e13a,_ZN7harvest6entity7CEntity8isKilledEv
_ZTVN7harvest6entity19CDefenseTowerEntityE,9,0x00020134,_ZN7harvest6entity7CEntity13notifyRemovedEv
_ZTVN7harvest6entity19CDefenseTowerEntityE,10,0x0016af4a,_ZN2ox6entity9COxEntity11setPositionEfff
_ZTVN7harvest6entity19CDefenseTowerEntityE,11,0x0016af70,_ZN2ox6entity9COxEntity11setPositionERKNS_4core11CPosition2dIiEE
_ZTVN7harvest6entity19CDefenseTowerEntityE,12,0x0016af96,_ZN2ox6entity9COxEntity11setPositionERKNS_4core11CPosition2dIfEE
_ZTVN7harvest6entity19CDefenseTowerEntityE,13,0x0016afbc,_ZN2ox6entity9COxEntity11setPositionERKNS_4core9CVector3dIfEE
_ZTVN7harvest6entity19CDefenseTowerEntityE,14,0x0000e14a,_ZNK7harvest6entity7CEntity14getRenderLayerEv
_ZTVN7harvest6entity19CDefenseTowerEntityE,15,0x0001921e,_ZN7harvest6entity19CDefenseTowerEntity15writeEntityDataEPN2ox2io10IWriteFileE
_ZTVN7harvest6entity19CDefenseTowerEntityE,16,0x00019358,_ZN7harvest6entity19CDefenseTowerEntity14readEntityDataEPN2ox2io9IReadFileEi
_ZTVN7harvest6entity19CDefenseTowerEntityE,17,0x00018974,_ZN7harvest6entity19CDefenseTowerEntity12updateSpriteEf
_ZTVN7harvest6entity19CDefenseTowerEntityE,18,0x000178b2,_ZN7harvest6entity19CDefenseTowerEntity11updateLogicEf
_ZTVN7harvest6entity19CDefenseTowerEntityE,19,0x00019110,_ZN7harvest6entity19CDefenseTowerEntity6renderERKN2ox4core11CPosition2dIfEERKNS3_5CRectIiEE
_ZTVN7harvest6entity19CDefenseTowerEntityE,20,0x000201c2,_ZN7harvest6entity7CEntity12renderSpriteERKN2ox4core11CPosition2dIfEERKNS3_5CRectIiEEPNS2_5video21ISpriteAnimationStateE
_ZTVN7harvest6entity19CDefenseTowerEntityE,21,0x00020234,_ZN7harvest6entity7CEntity17renderSpriteFixedERKN2ox4core11CPosition2dIfEERKNS3_5CRectIiEEPNS2_5video21ISpriteAnimationStateE
_ZTVN7harvest6entity19CDefenseTowerEntityE,22,0x0001910a,_ZN7harvest6entity19CDefenseTowerEntity17renderGroundLayerERKN2ox4core11CPosition2dIfEERKNS3_5CRectIiEE
_ZTVN7harvest6entity19CDefenseTowerEntityE,23,0x000202ac,_ZN7harvest6entity7CEntity16renderEnergyLineERKN2ox4core11CPosition2dIfEERKNS3_5CRectIiEES7_b
_ZTVN7harvest6entity19CDefenseTowerEntityE,24,0x000203b4,_ZN7harvest6entity7CEntity18renderSelfProgressERKN2ox4core11CPosition2dIfEERKNS3_5CRectIiEEfNS2_5video6SColorE
_ZTVN7harvest6entity19CDefenseTowerEntityE,25,0x00019208,_ZN7harvest6entity19CDefenseTowerEntity23getCurrentDisplaySpriteEv
_ZTVN7harvest6entity19CDefenseTowerEntityE,26,0x0001905e,_ZN7harvest6entity19CDefenseTowerEntity7onSparkEPNS0_12CSparkEntityE
_ZTVN7harvest6entity19CDefenseTowerEntityE,27,0x000190c8,_ZN7harvest6entity19CDefenseTowerEntity10wantsSparkEv
_ZTVN7harvest6entity19CDefenseTowerEntityE,28,0x0000e15a,_ZN7harvest6entity7CEntity16acceptsSparkFromEi
_ZTVN7harvest6entity19CDefenseTowerEntityE,29,0x0000e164,_ZN7harvest6entity7CEntity14getSparkHeightEv
_ZTVN7harvest6entity19CDefenseTowerEntityE,30,0x00018dc8,_ZN7harvest6entity19CDefenseTowerEntity13getInfoStringEv
_ZTVN7harvest6entity19CDefenseTowerEntityE,31,0x00018fd0,_ZN7harvest6entity19CDefenseTowerEntity17getMiniStatStringEv
_ZTVN7harvest6entity19CDefenseTowerEntityE,32,0x00019022,_ZN7harvest6entity19CDefenseTowerEntity17getOperatorStringEv
_ZTVN7harvest6entity19CDefenseTowerEntityE,33,0x000194de,_ZNK7harvest6entity19CDefenseTowerEntity16getCollisionSizeEv
_ZTVN7harvest6entity19CDefenseTowerEntityE,34,0x0000e17e,_ZNK7harvest6entity7CEntity12getSellValueEv
_ZTVN7harvest6entity19CDefenseTowerEntityE,35,0x00018a30,_ZN7harvest6entity19CDefenseTowerEntity22handleRightClickActionERKN2ox4core11CPosition2dIfEE
_ZTVN7harvest6entity19CDefenseTowerEntityE,36,0x00018b26,_ZN7harvest6entity19CDefenseTowerEntity26handleDoubleClickSelectionEv
_ZTVN7harvest6entity19CDefenseTowerEntityE,37,0x00018ba4,_ZN7harvest6entity19CDefenseTowerEntity30handleSelectionDraggedToEntityEPNS0_7CEntityE
_ZTVN7harvest6entity19CDefenseTowerEntityE,38,0x00018b6c,_ZN7harvest6entity19CDefenseTowerEntity31handleSelectionDraggedToNothingEv
_ZTVN7harvest6entity19CDefenseTowerEntityE,39,0x00000000,
_ZTVN7harvest6entity15CDropshipEntityE,0,0x00000000,
_ZTVN7harvest6entity15CDropshipEntityE,1,0x002622f0,_ZTIN7harvest6entity15CDropshipEntityE
_ZTVN7harvest6entity15CDropshipEntityE,2,0x0001be5c,_ZN7harvest6entity15CDropshipEntityD1Ev
_ZTVN7harvest6entity15CDropshipEntityE,3,0x0001be2c,_ZN7harvest6entity15CDropshipEntityD0Ev
_ZTVN7harvest6entity15CDropshipEntityE,4,0x000200ec,_ZN7harvest6entity7CEntity13getEntityTypeEv
_ZTVN7harvest6entity15CDropshipEntityE,5,0x000200f8,_ZN7harvest6entity7CEntity6updateEf
_ZTVN7harvest6entity15CDropshipEntityE,6,0x00020184,_ZN7harvest6entity7CEntity15addToRenderListERKN2ox4core5CRectIfEE
_ZTVN7harvest6entity15CDropshipEntityE,7,0x0000e12e,_ZN7harvest6entity7CEntity10killEntityEv
_ZTVN7harvest6entity15CDropshipEntityE,8,0x0000e13a,_ZN7harvest6entity7CEntity8isKilledEv
_ZTVN7harvest6entity15CDropshipEntityE,9,0x00020134,_ZN7harvest6entity7CEntity13notifyRemovedEv
_ZTVN7harvest6entity15CDropshipEntityE,10,0x0016af4a,_ZN2ox6entity9COxEntity11setPositionEfff
_ZTVN7harvest6entity15CDropshipEntityE,11,0x0016af70,_ZN2ox6entity9COxEntity11setPositionERKNS_4core11CPosition2dIiEE
_ZTVN7harvest6entity15CDropshipEntityE,12,0x0016af96,_ZN2ox6entity9COxEntity11setPositionERKNS_4core11CPosition2dIfEE
_ZTVN7harvest6entity15CDropshipEntityE,13,0x0016afbc,_ZN2ox6entity9COxEntity11setPositionERKNS_4core9CVector3dIfEE
_ZTVN7harvest6entity15CDropshipEntityE,14,0x0000e14a,_ZNK7harvest6entity7CEntity14getRenderLayerEv
_ZTVN7harvest6entity15CDropshipEntityE,15,0x0001de36,_ZN7harvest6entity15CDropshipEntity15writeEntityDataEPN2ox2io10IWriteFileE
_ZTVN7harvest6entity15CDropshipEntityE,16,0x0001de3c,_ZN7harvest6entity15CDropshipEntity14readEntityDataEPN2ox2io9IReadFileEi
_ZTVN7harvest6entity15CDropshipEntityE,17,0x0001dbf8,_ZN7harvest6entity15CDropshipEntity12updateSpriteEf
_ZTVN7harvest6entity15CDropshipEntityE,18,0x0001bf0a,_ZN7harvest6entity15CDropshipEntity11updateLogicEf
_ZTVN7harvest6entity15CDropshipEntityE,19,0x0001dc5a,_ZN7harvest6entity15CDropshipEntity6renderERKN2ox4core11CPosition2dIfEERKNS3_5CRectIiEE
_ZTVN7harvest6entity15CDropshipEntityE,20,0x000201c2,_ZN7harvest6entity7CEntity12renderSpriteERKN2ox4core11CPosition2dIfEERKNS3_5CRectIiEEPNS2_5video21ISpriteAnimationStateE
_ZTVN7harvest6entity15CDropshipEntityE,21,0x00020234,_ZN7harvest6entity7CEntity17renderSpriteFixedERKN2ox4core11CPosition2dIfEERKNS3_5CRectIiEEPNS2_5video21ISpriteAnimationStateE
_ZTVN7harvest6entity15CDropshipEntityE,22,0x0001dcee,_ZN7harvest6entity15CDropshipEntity17renderGroundLayerERKN2ox4core11CPosition2dIfEERKNS3_5CRectIiEE
_ZTVN7harvest6entity15CDropshipEntityE,23,0x000202ac,_ZN7harvest6entity7CEntity16renderEnergyLineERKN2ox4core11CPosition2dIfEERKNS3_5CRectIiEES7_b
_ZTVN7harvest6entity15CDropshipEntityE,24,0x000203b4,_ZN7harvest6entity7CEntity18renderSelfProgressERKN2ox4core11CPosition2dIfEERKNS3_5CRectIiEEfNS2_5video6SColorE
_ZTVN7harvest6entity15CDropshipEntityE,25,0x0001ddac,_ZN7harvest6entity15CDropshipEntity23getCurrentDisplaySpriteEv
_ZTVN7harvest6entity15CDropshipEntityE,26,0x0001dc28,_ZN7harvest6entity15CDropshipEntity7onSparkEPNS0_12CSparkEntityE
_ZTVN7harvest6entity15CDropshipEntityE,27,0x0001dc32,_ZN7harvest6entity15CDropshipEntity10wantsSparkEv
_ZTVN7harvest6entity15CDropshipEntityE,28,0x0000e15a,_ZN7harvest6entity7CEntity16acceptsSparkFromEi
_ZTVN7harvest6entity15CDropshipEntityE,29,0x0000e164,_ZN7harvest6entity7CEntity14getSparkHeightEv
_ZTVN7harvest6entity15CDropshipEntityE,30,0x0001ddbe,_ZN7harvest6entity15CDropshipEntity13getInfoStringEv
_ZTVN7harvest6entity15CDropshipEntityE,31,0x0001ddfa,_ZN7harvest6entity15CDropshipEntity17getMiniStatStringEv
_ZTVN7harvest6entity15CDropshipEntityE,32,0x00020904,_ZN7harvest6entity7CEntity17getOperatorStringEv
_ZTVN7harvest6entity15CDropshipEntityE,33,0x0001bf02,_ZNK7harvest6entity15CDropshipEntity16getCollisionSizeEv
_ZTVN7harvest6entity15CDropshipEntityE,34,0x0001e516,_ZNK7harvest6entity15CDropshipEntity12getSellValueEv
_ZTVN7harvest6entity15CDropshipEntityE,35,0x0000e198,_ZN7harvest6entity7CEntity22handleRightClickActionERKN2ox4core11CPosition2dIfEE
_ZTVN7harvest6entity15CDropshipEntityE,36,0x0000e19e,_ZN7harvest6entity7CEntity26handleDoubleClickSelectionEv
_ZTVN7harvest6entity15CDropshipEntityE,37,0x0000e1a4,_ZN7harvest6entity7CEntity30handleSelectionDraggedToEntityEPS1_
_ZTVN7harvest6entity15CDropshipEntityE,38,0x0000e1ac,_ZN7harvest6entity7CEntity31handleSelectionDraggedToNothingEv
_ZTVN7harvest6entity15CDropshipEntityE,39,0x00000000,
_ZTVN7harvest6entity21CDropshipBulletEntityE,0,0x00000000,
_ZTVN7harvest6entity21CDropshipBulletEntityE,1,0x00262300,_ZTIN7harvest6entity21CDropshipBulletEntityE
_ZTVN7harvest6entity21CDropshipBulletEntityE,2,0x0001e060,_ZN7harvest6entity21CDropshipBulletEntityD1Ev
_ZTVN7harvest6entity21CDropshipBulletEntityE,3,0x0001e030,_ZN7harvest6entity21CDropshipBulletEntityD0Ev
_ZTVN7harvest6entity21CDropshipBulletEntityE,4,0x000200ec,_ZN7harvest6entity7CEntity13getEntityTypeEv
_ZTVN7harvest6entity21CDropshipBulletEntityE,5,0x000200f8,_ZN7harvest6entity7CEntity6updateEf
_ZTVN7harvest6entity21CDropshipBulletEntityE,6,0x0001e458,_ZN7harvest6entity21CDropshipBulletEntity15addToRenderListERKN2ox4core5CRectIfEE
_ZTVN7harvest6entity21CDropshipBulletEntityE,7,0x0000e12e,_ZN7harvest6entity7CEntity10killEntityEv
_ZTVN7harvest6entity21CDropshipBulletEntityE,8,0x0000e13a,_ZN7harvest6entity7CEntity8isKilledEv
_ZTVN7harvest6entity21CDropshipBulletEntityE,9,0x00020134,_ZN7harvest6entity7CEntity13notifyRemovedEv
_ZTVN7harvest6entity21CDropshipBulletEntityE,10,0x0016af4a,_ZN2ox6entity9COxEntity11setPositionEfff
_ZTVN7harvest6entity21CDropshipBulletEntityE,11,0x0016af70,_ZN2ox6entity9COxEntity11setPositionERKNS_4core11CPosition2dIiEE
_ZTVN7harvest6entity21CDropshipBulletEntityE,12,0x0016af96,_ZN2ox6entity9COxEntity11setPositionERKNS_4core11CPosition2dIfEE
_ZTVN7harvest6entity21CDropshipBulletEntityE,13,0x0016afbc,_ZN2ox6entity9COxEntity11setPositionERKNS_4core9CVector3dIfEE
_ZTVN7harvest6entity21CDropshipBulletEntityE,14,0x0000e14a,_ZNK7harvest6entity7CEntity14getRenderLayerEv
_ZTVN7harvest6entity21CDropshipBulletEntityE,15,0x0001e50a,_ZN7harvest6entity21CDropshipBulletEntity15writeEntityDataEPN2ox2io10IWriteFileE
_ZTVN7harvest6entity21CDropshipBulletEntityE,16,0x0001e510,_ZN7harvest6entity21CDropshipBulletEntity14readEntityDataEPN2ox2io9IReadFileEi
_ZTVN7harvest6entity21CDropshipBulletEntityE,17,0x0001e420,_ZN7harvest6entity21CDropshipBulletEntity12updateSpriteEf
_ZTVN7harvest6entity21CDropshipBulletEntityE,18,0x0001e0b0,_ZN7harvest6entity21CDropshipBulletEntity11updateLogicEf
_ZTVN7harvest6entity21CDropshipBulletEntityE,19,0x0001e4d0,_ZN7harvest6entity21CDropshipBulletEntity6renderERKN2ox4core11CPosition2dIfEERKNS3_5CRectIiEE
_ZTVN7harvest6entity21CDropshipBulletEntityE,20,0x000201c2,_ZN7harvest6entity7CEntity12renderSpriteERKN2ox4core11CPosition2dIfEERKNS3_5CRectIiEEPNS2_5video21ISpriteAnimationStateE
_ZTVN7harvest6entity21CDropshipBulletEntityE,21,0x00020234,_ZN7harvest6entity7CEntity17renderSpriteFixedERKN2ox4core11CPosition2dIfEERKNS3_5CRectIiEEPNS2_5video21ISpriteAnimationStateE
_ZTVN7harvest6entity21CDropshipBulletEntityE,22,0x0001e51e,_ZN7harvest6entity21CDropshipBulletEntity17renderGroundLayerERKN2ox4core11CPosition2dIfEERKNS3_5CRectIiEE
_ZTVN7harvest6entity21CDropshipBulletEntityE,23,0x000202ac,_ZN7harvest6entity7CEntity16renderEnergyLineERKN2ox4core11CPosition2dIfEERKNS3_5CRectIiEES7_b
_ZTVN7harvest6entity21CDropshipBulletEntityE,24,0x000203b4,_ZN7harvest6entity7CEntity18renderSelfProgressERKN2ox4core11CPosition2dIfEERKNS3_5CRectIiEEfNS2_5video6SColorE
_ZTVN7harvest6entity21CDropshipBulletEntityE,25,0x000204a4,_ZN7harvest6entity7CEntity23getCurrentDisplaySpriteEv
_ZTVN7harvest6entity21CDropshipBulletEntityE,26,0x0001e448,_ZN7harvest6entity21CDropshipBulletEntity7onSparkEPNS0_12CSparkEntityE
_ZTVN7harvest6entity21CDropshipBulletEntityE,27,0x0001e450,_ZN7harvest6entity21CDropshipBulletEntity10wantsSparkEv
_ZTVN7harvest6entity21CDropshipBulletEntityE,28,0x0000e15a,_ZN7harvest6entity7CEntity16acceptsSparkFromEi
_ZTVN7harvest6entity21CDropshipBulletEntityE,29,0x0000e164,_ZN7harvest6entity7CEntity14getSparkHeightEv
_ZTVN7harvest6entity21CDropshipBulletEntityE,30,0x0002088c,_ZN7harvest6entity7CEntity13getInfoStringEv
_ZTVN7harvest6entity21CDropshipBulletEntityE,31,0x000208c8,_ZN7harvest6entity7CEntity17getMiniStatStringEv
_ZTVN7harvest6entity21CDropshipBulletEntityE,32,0x00020904,_ZN7harvest6entity7CEntity17getOperatorStringEv
_ZTVN7harvest6entity21CDropshipBulletEntityE,33,0x0000e176,_ZNK7harvest6entity7CEntity16getCollisionSizeEv
_ZTVN7harvest6entity21CDropshipBulletEntityE,34,0x0000e17e,_ZNK7harvest6entity7CEntity12getSellValueEv
_ZTVN7harvest6entity21CDropshipBulletEntityE,35,0x0000e198,_ZN7harvest6entity7CEntity22handleRightClickActionERKN2ox4core11CPosition2dIfEE
_ZTVN7harvest6entity21CDropshipBulletEntityE,36,0x0000e19e,_ZN7harvest6entity7CEntity26handleDoubleClickSelectionEv
_ZTVN7harvest6entity21CDropshipBulletEntityE,37,0x0000e1a4,_ZN7harvest6entity7CEntity30handleSelectionDraggedToEntityEPS1_
_ZTVN7harvest6entity21CDropshipBulletEntityE,38,0x0000e1ac,_ZN7harvest6entity7CEntity31handleSelectionDraggedToNothingEv
_ZTVN7harvest6entity21CDropshipBulletEntityE,39,0x00000000,
_ZTVN7harvest6entity14CEntityManagerE,0,0x00000000,
_ZTVN7harvest6entity14CEntityManagerE,1,0x00262338,_ZTIN7harvest6entity14CEntityManagerE
_ZTVN7harvest6entity14CEntityManagerE,2,0x0001e674,_ZN7harvest6entity14CEntityManagerD1Ev
_ZTVN7harvest6entity14CEntityManagerE,3,0x0001e644,_ZN7harvest6entity14CEntityManagerD0Ev
_ZTVN7harvest6entity14CEntityManagerE,4,0x0016b2c2,_ZN2ox6entity16COxEntityManager17updateAllEntitiesEfRKNS_4core5CRectIfEE
_ZTVN7harvest6entity14CEntityManagerE,5,0x0016b506,_ZN2ox6entity16COxEntityManager12appendEntityEPNS0_9COxEntityEi
_ZTVN7harvest6entity14CEntityManagerE,6,0x0016b56a,_ZN2ox6entity16COxEntityManager12locateEntityEii
_ZTVN7harvest6entity14CEntityManagerE,7,0x0016b5be,_ZN2ox6entity16COxEntityManager15findFirstEntityEiPNS0_19ITestEntityFunctionE
_ZTVN7harvest6entity14CEntityManagerE,8,0x0016b606,_ZN2ox6entity16COxEntityManager14findBestEntityEiPNS0_23ITestBestEntityFunctionE
_ZTVN7harvest6entity14CEntityManagerE,9,0x0016b660,_ZN2ox6entity16COxEntityManager15findAllEntitiesERNS_6TArrayIPNS0_9COxEntityEEEiPNS0_19ITestEntityFunctionE
_ZTVN7harvest6entity22CFindClickableBuildingE,0,0x00000000,
_ZTVN7harvest6entity22CFindClickableBuildingE,1,0x00262350,_ZTIN7harvest6entity22CFindClickableBuildingE
_ZTVN7harvest6entity22CFindClickableBuildingE,2,0x0001fae8,_ZN7harvest6entity22CFindClickableBuilding10testEntityEPN2ox6entity9COxEntityES5_
_ZTVN7harvest6entity24CFindRandomEntityInRangeE,0,0x00000000,
_ZTVN7harvest6entity24CFindRandomEntityInRangeE,1,0x00262368,_ZTIN7harvest6entity24CFindRandomEntityInRangeE
_ZTVN7harvest6entity24CFindRandomEntityInRangeE,2,0x0001fb78,_ZN7harvest6entity24CFindRandomEntityInRange10testEntityEPN2ox6entity9COxEntityE
_ZTVN7harvest6entity26CFindShootableAlienInRangeE,0,0x00000000,
_ZTVN7harvest6entity26CFindShootableAlienInRangeE,1,0x00262380,_ZTIN7harvest6entity26CFindShootableAlienInRangeE
_ZTVN7harvest6entity26CFindShootableAlienInRangeE,2,0x0001fc0e,_ZN7harvest6entity26CFindShootableAlienInRange10testEntityEPN2ox6entity9COxEntityE
_ZTVN7harvest6entity20CFindBuildingInRangeE,0,0x00000000,
_ZTVN7harvest6entity20CFindBuildingInRangeE,1,0x00262398,_ZTIN7harvest6entity20CFindBuildingInRangeE
_ZTVN7harvest6entity20CFindBuildingInRangeE,2,0x0001fcb4,_ZN7harvest6entity20CFindBuildingInRange10testEntityEPN2ox6entity9COxEntityE
_ZTVN7harvest6entity23CFindRangeLineBuildingsE,0,0x00000000,
_ZTVN7harvest6entity23CFindRangeLineBuildingsE,1,0x002623b0,_ZTIN7harvest6entity23CFindRangeLineBuildingsE
_ZTVN7harvest6entity23CFindRangeLineBuildingsE,2,0x0001fd2a,_ZN7harvest6entity23CFindRangeLineBuildings10testEntityEPN2ox6entity9COxEntityE
_ZTVN7harvest6entity7CEntityE,0,0x00000000,
_ZTVN7harvest6entity7CEntityE,1,0x002625a0,_ZTIN7harvest6entity7CEntityE
_ZTVN7harvest6entity7CEntityE,2,0x000200d8,_ZN7harvest6entity7CEntityD1Ev
_ZTVN7harvest6entity7CEntityE,3,0x000200a8,_ZN7harvest6entity7CEntityD0Ev
_ZTVN7harvest6entity7CEntityE,4,0x000200ec,_ZN7harvest6entity7CEntity13getEntityTypeEv
_ZTVN7harvest6entity7CEntityE,5,0x000200f8,_ZN7harvest6entity7CEntity6updateEf
_ZTVN7harvest6entity7CEntityE,6,0x00020184,_ZN7harvest6entity7CEntity15addToRenderListERKN2ox4core5CRectIfEE
_ZTVN7harvest6entity7CEntityE,7,0x0000e12e,_ZN7harvest6entity7CEntity10killEntityEv
_ZTVN7harvest6entity7CEntityE,8,0x0000e13a,_ZN7harvest6entity7CEntity8isKilledEv
_ZTVN7harvest6entity7CEntityE,9,0x00020134,_ZN7harvest6entity7CEntity13notifyRemovedEv
_ZTVN7harvest6entity7CEntityE,10,0x0016af4a,_ZN2ox6entity9COxEntity11setPositionEfff
_ZTVN7harvest6entity7CEntityE,11,0x0016af70,_ZN2ox6entity9COxEntity11setPositionERKNS_4core11CPosition2dIiEE
_ZTVN7harvest6entity7CEntityE,12,0x0016af96,_ZN2ox6entity9COxEntity11setPositionERKNS_4core11CPosition2dIfEE
_ZTVN7harvest6entity7CEntityE,13,0x0016afbc,_ZN2ox6entity9COxEntity11setPositionERKNS_4core9CVector3dIfEE
_ZTVN7harvest6entity7CEntityE,14,0x0000e14a,_ZNK7harvest6entity7CEntity14getRenderLayerEv
_ZTVN7harvest6entity7CEntityE,15,0x00000000,__cxa_pure_virtual
_ZTVN7harvest6entity7CEntityE,16,0x00000000,__cxa_pure_virtual
_ZTVN7harvest6entity7CEntityE,17,0x0002017e,_ZN7harvest6entity7CEntity12updateSpriteEf
_ZTVN7harvest6entity7CEntityE,18,0x00000000,__cxa_pure_virtual
_ZTVN7harvest6entity7CEntityE,19,0x00000000,__cxa_pure_virtual
_ZTVN7harvest6entity7CEntityE,20,0x000201c2,_ZN7harvest6entity7CEntity12renderSpriteERKN2ox4core11CPosition2dIfEERKNS3_5CRectIiEEPNS2_5video21ISpriteAnimationStateE
_ZTVN7harvest6entity7CEntityE,21,0x00020234,_ZN7harvest6entity7CEntity17renderSpriteFixedERKN2ox4core11CPosition2dIfEERKNS3_5CRectIiEEPNS2_5video21ISpriteAnimationStateE
_ZTVN7harvest6entity7CEntityE,22,0x00000000,__cxa_pure_virtual
_ZTVN7harvest6entity7CEntityE,23,0x000202ac,_ZN7harvest6entity7CEntity16renderEnergyLineERKN2ox4core11CPosition2dIfEERKNS3_5CRectIiEES7_b
_ZTVN7harvest6entity7CEntityE,24,0x000203b4,_ZN7harvest6entity7CEntity18renderSelfProgressERKN2ox4core11CPosition2dIfEERKNS3_5CRectIiEEfNS2_5video6SColorE
_ZTVN7harvest6entity7CEntityE,25,0x000204a4,_ZN7harvest6entity7CEntity23getCurrentDisplaySpriteEv
_ZTVN7harvest6entity7CEntityE,26,0x00010cc0,_ZN7harvest6entity7CEntity7onSparkEPNS0_12CSparkEntityE
_ZTVN7harvest6entity7CEntityE,27,0x00010cc8,_ZN7harvest6entity7CEntity10wantsSparkEv
_ZTVN7harvest6entity7CEntityE,28,0x0000e15a,_ZN7harvest6entity7CEntity16acceptsSparkFromEi
_ZTVN7harvest6entity7CEntityE,29,0x0000e164,_ZN7harvest6entity7CEntity14getSparkHeightEv
_ZTVN7harvest6entity7CEntityE,30,0x0002088c,_ZN7harvest6entity7CEntity13getInfoStringEv
_ZTVN7harvest6entity7CEntityE,31,0x000208c8,_ZN7harvest6entity7CEntity17getMiniStatStringEv
_ZTVN7harvest6entity7CEntityE,32,0x00020904,_ZN7harvest6entity7CEntity17getOperatorStringEv
_ZTVN7harvest6entity7CEntityE,33,0x0000e176,_ZNK7harvest6entity7CEntity16getCollisionSizeEv
_ZTVN7harvest6entity7CEntityE,34,0x0000e17e,_ZNK7harvest6entity7CEntity12getSellValueEv
_ZTVN7harvest6entity7CEntityE,35,0x0000e198,_ZN7harvest6entity7CEntity22handleRightClickActionERKN2ox4core11CPosition2dIfEE
_ZTVN7harvest6entity7CEntityE,36,0x0000e19e,_ZN7harvest6entity7CEntity26handleDoubleClickSelectionEv
_ZTVN7harvest6entity7CEntityE,37,0x0000e1a4,_ZN7harvest6entity7CEntity30handleSelectionDraggedToEntityEPS1_
_ZTVN7harvest6entity7CEntityE,38,0x0000e1ac,_ZN7harvest6entity7CEntity31handleSelectionDraggedToNothingEv
_ZTVN7harvest6entity7CEntityE,39,0x00000000,
_ZTVN7harvest6entity15CParticleEntityE,0,0x00000000,
_ZTVN7harvest6entity15CParticleEntityE,1,0x002625b0,_ZTIN7harvest6entity15CParticleEntityE
_ZTVN7harvest6entity15CParticleEntityE,2,0x00020fd4,_ZN7harvest6entity15CParticleEntityD1Ev
_ZTVN7harvest6entity15CParticleEntityE,3,0x00020fa4,_ZN7harvest6entity15CParticleEntityD0Ev
_ZTVN7harvest6entity15CParticleEntityE,4,0x000200ec,_ZN7harvest6entity7CEntity13getEntityTypeEv
_ZTVN7harvest6entity15CParticleEntityE,5,0x000200f8,_ZN7harvest6entity7CEntity6updateEf
_ZTVN7harvest6entity15CParticleEntityE,6,0x00020184,_ZN7harvest6entity7CEntity15addToRenderListERKN2ox4core5CRectIfEE
_ZTVN7harvest6entity15CParticleEntityE,7,0x0000e12e,_ZN7harvest6entity7CEntity10killEntityEv
_ZTVN7harvest6entity15CParticleEntityE,8,0x0000e13a,_ZN7harvest6entity7CEntity8isKilledEv
_ZTVN7harvest6entity15CParticleEntityE,9,0x00020134,_ZN7harvest6entity7CEntity13notifyRemovedEv
_ZTVN7harvest6entity15CParticleEntityE,10,0x0016af4a,_ZN2ox6entity9COxEntity11setPositionEfff
_ZTVN7harvest6entity15CParticleEntityE,11,0x0016af70,_ZN2ox6entity9COxEntity11setPositionERKNS_4core11CPosition2dIiEE
_ZTVN7harvest6entity15CParticleEntityE,12,0x0016af96,_ZN2ox6entity9COxEntity11setPositionERKNS_4core11CPosition2dIfEE
_ZTVN7harvest6entity15CParticleEntityE,13,0x0016afbc,_ZN2ox6entity9COxEntity11setPositionERKNS_4core9CVector3dIfEE
_ZTVN7harvest6entity15CParticleEntityE,14,0x0002102a,_ZNK7harvest6entity15CParticleEntity14getRenderLayerEv
_ZTVN7harvest6entity15CParticleEntityE,15,0x00021754,_ZN7harvest6entity15CParticleEntity15writeEntityDataEPN2ox2io10IWriteFileE
_ZTVN7harvest6entity15CParticleEntityE,16,0x0002175a,_ZN7harvest6entity15CParticleEntity14readEntityDataEPN2ox2io9IReadFileEi
_ZTVN7harvest6entity15CParticleEntityE,17,0x0002017e,_ZN7harvest6entity7CEntity12updateSpriteEf
_ZTVN7harvest6entity15CParticleEntityE,18,0x0002105c,_ZN7harvest6entity15CParticleEntity11updateLogicEf
_ZTVN7harvest6entity15CParticleEntityE,19,0x000211ae,_ZN7harvest6entity15CParticleEntity6renderERKN2ox4core11CPosition2dIfEERKNS3_5CRectIiEE
_ZTVN7harvest6entity15CParticleEntityE,20,0x000201c2,_ZN7harvest6entity7CEntity12renderSpriteERKN2ox4core11CPosition2dIfEERKNS3_5CRectIiEEPNS2_5video21ISpriteAnimationStateE
_ZTVN7harvest6entity15CParticleEntityE,21,0x00020234,_ZN7harvest6entity7CEntity17renderSpriteFixedERKN2ox4core11CPosition2dIfEERKNS3_5CRectIiEEPNS2_5video21ISpriteAnimationStateE
_ZTVN7harvest6entity15CParticleEntityE,22,0x00021760,_ZN7harvest6entity15CParticleEntity17renderGroundLayerERKN2ox4core11CPosition2dIfEERKNS3_5CRectIiEE
_ZTVN7harvest6entity15CParticleEntityE,23,0x000202ac,_ZN7harvest6entity7CEntity16renderEnergyLineERKN2ox4core11CPosition2dIfEERKNS3_5CRectIiEES7_b
_ZTVN7harvest6entity15CParticleEntityE,24,0x000203b4,_ZN7harvest6entity7CEntity18renderSelfProgressERKN2ox4core11CPosition2dIfEERKNS3_5CRectIiEEfNS2_5video6SColorE
_ZTVN7harvest6entity15CParticleEntityE,25,0x000204a4,_ZN7harvest6entity7CEntity23getCurrentDisplaySpriteEv
_ZTVN7harvest6entity15CParticleEntityE,26,0x00021766,_ZN7harvest6entity15CParticleEntity7onSparkEPNS0_12CSparkEntityE
_ZTVN7harvest6entity15CParticleEntityE,27,0x0002176e,_ZN7harvest6entity15CParticleEntity10wantsSparkEv
_ZTVN7harvest6entity15CParticleEntityE,28,0x0000e15a,_ZN7harvest6entity7CEntity16acceptsSparkFromEi
_ZTVN7harvest6entity15CParticleEntityE,29,0x0000e164,_ZN7harvest6entity7CEntity14getSparkHeightEv
_ZTVN7harvest6entity15CParticleEntityE,30,0x0002088c,_ZN7harvest6entity7CEntity13getInfoStringEv
_ZTVN7harvest6entity15CParticleEntityE,31,0x000208c8,_ZN7harvest6entity7CEntity17getMiniStatStringEv
_ZTVN7harvest6entity15CParticleEntityE,32,0x00020904,_ZN7harvest6entity7CEntity17getOperatorStringEv
_ZTVN7harvest6entity15CParticleEntityE,33,0x0000e176,_ZNK7harvest6entity7CEntity16getCollisionSizeEv
_ZTVN7harvest6entity15CParticleEntityE,34,0x0000e17e,_ZNK7harvest6entity7CEntity12getSellValueEv
_ZTVN7harvest6entity15CParticleEntityE,35,0x0000e198,_ZN7harvest6entity7CEntity22handleRightClickActionERKN2ox4core11CPosition2dIfEE
_ZTVN7harvest6entity15CParticleEntityE,36,0x0000e19e,_ZN7harvest6entity7CEntity26handleDoubleClickSelectionEv
_ZTVN7harvest6entity15CParticleEntityE,37,0x0000e1a4,_ZN7harvest6entity7CEntity30handleSelectionDraggedToEntityEPS1_
_ZTVN7harvest6entity15CParticleEntityE,38,0x0000e1ac,_ZN7harvest6entity7CEntity31handleSelectionDraggedToNothingEv
_ZTVN7harvest6entity15CParticleEntityE,39,0x00000000,
_ZTVN7harvest6entity20CSpecialEffectEntityE,0,0x00000000,
_ZTVN7harvest6entity20CSpecialEffectEntityE,1,0x002625c0,_ZTIN7harvest6entity20CSpecialEffectEntityE
_ZTVN7harvest6entity20CSpecialEffectEntityE,2,0x000214d6,_ZN7harvest6entity20CSpecialEffectEntityD1Ev
_ZTVN7harvest6entity20CSpecialEffectEntityE,3,0x000214a6,_ZN7harvest6entity20CSpecialEffectEntityD0Ev
_ZTVN7harvest6entity20CSpecialEffectEntityE,4,0x000200ec,_ZN7harvest6entity7CEntity13getEntityTypeEv
_ZTVN7harvest6entity20CSpecialEffectEntityE,5,0x000200f8,_ZN7harvest6entity7CEntity6updateEf
_ZTVN7harvest6entity20CSpecialEffectEntityE,6,0x00021776,_ZN7harvest6entity20CSpecialEffectEntity15addToRenderListERKN2ox4core5CRectIfEE
_ZTVN7harvest6entity20CSpecialEffectEntityE,7,0x0000e12e,_ZN7harvest6entity7CEntity10killEntityEv
_ZTVN7harvest6entity20CSpecialEffectEntityE,8,0x0000e13a,_ZN7harvest6entity7CEntity8isKilledEv
_ZTVN7harvest6entity20CSpecialEffectEntityE,9,0x00020134,_ZN7harvest6entity7CEntity13notifyRemovedEv
_ZTVN7harvest6entity20CSpecialEffectEntityE,10,0x0016af4a,_ZN2ox6entity9COxEntity11setPositionEfff
_ZTVN7harvest6entity20CSpecialEffectEntityE,11,0x0016af70,_ZN2ox6entity9COxEntity11setPositionERKNS_4core11CPosition2dIiEE
_ZTVN7harvest6entity20CSpecialEffectEntityE,12,0x0016af96,_ZN2ox6entity9COxEntity11setPositionERKNS_4core11CPosition2dIfEE
_ZTVN7harvest6entity20CSpecialEffectEntityE,13,0x0016afbc,_ZN2ox6entity9COxEntity11setPositionERKNS_4core9CVector3dIfEE
_ZTVN7harvest6entity20CSpecialEffectEntityE,14,0x0000e14a,_ZNK7harvest6entity7CEntity14getRenderLayerEv
_ZTVN7harvest6entity20CSpecialEffectEntityE,15,0x00021780,_ZN7harvest6entity20CSpecialEffectEntity15writeEntityDataEPN2ox2io10IWriteFileE
_ZTVN7harvest6entity20CSpecialEffectEntityE,16,0x00021786,_ZN7harvest6entity20CSpecialEffectEntity14readEntityDataEPN2ox2io9IReadFileEi
_ZTVN7harvest6entity20CSpecialEffectEntityE,17,0x0002017e,_ZN7harvest6entity7CEntity12updateSpriteEf
_ZTVN7harvest6entity20CSpecialEffectEntityE,18,0x000214ea,_ZN7harvest6entity20CSpecialEffectEntity11updateLogicEf
_ZTVN7harvest6entity20CSpecialEffectEntityE,19,0x00021508,_ZN7harvest6entity20CSpecialEffectEntity6renderERKN2ox4core11CPosition2dIfEERKNS3_5CRectIiEE
_ZTVN7harvest6entity20CSpecialEffectEntityE,20,0x000201c2,_ZN7harvest6entity7CEntity12renderSpriteERKN2ox4core11CPosition2dIfEERKNS3_5CRectIiEEPNS2_5video21ISpriteAnimationStateE
_ZTVN7harvest6entity20CSpecialEffectEntityE,21,0x00020234,_ZN7harvest6entity7CEntity17renderSpriteFixedERKN2ox4core11CPosition2dIfEERKNS3_5CRectIiEEPNS2_5video21ISpriteAnimationStateE
_ZTVN7harvest6entity20CSpecialEffectEntityE,22,0x000216c2,_ZN7harvest6entity20CSpecialEffectEntity17renderGroundLayerERKN2ox4core11CPosition2dIfEERKNS3_5CRectIiEE
_ZTVN7harvest6entity20CSpecialEffectEntityE,23,0x000202ac,_ZN7harvest6entity7CEntity16renderEnergyLineERKN2ox4core11CPosition2dIfEERKNS3_5CRectIiEES7_b
_ZTVN7harvest6entity20CSpecialEffectEntityE,24,0x000203b4,_ZN7harvest6entity7CEntity18renderSelfProgressERKN2ox4core11CPosition2dIfEERKNS3_5CRectIiEEfNS2_5video6SColorE
_ZTVN7harvest6entity20CSpecialEffectEntityE,25,0x000204a4,_ZN7harvest6entity7CEntity23getCurrentDisplaySpriteEv
_ZTVN7harvest6entity20CSpecialEffectEntityE,26,0x0002178c,_ZN7harvest6entity20CSpecialEffectEntity7onSparkEPNS0_12CSparkEntityE
_ZTVN7harvest6entity20CSpecialEffectEntityE,27,0x00021794,_ZN7harvest6entity20CSpecialEffectEntity10wantsSparkEv
_ZTVN7harvest6entity20CSpecialEffectEntityE,28,0x0000e15a,_ZN7harvest6entity7CEntity16acceptsSparkFromEi
_ZTVN7harvest6entity20CSpecialEffectEntityE,29,0x0000e164,_ZN7harvest6entity7CEntity14getSparkHeightEv
_ZTVN7harvest6entity20CSpecialEffectEntityE,30,0x0002088c,_ZN7harvest6entity7CEntity13getInfoStringEv
_ZTVN7harvest6entity20CSpecialEffectEntityE,31,0x000208c8,_ZN7harvest6entity7CEntity17getMiniStatStringEv
_ZTVN7harvest6entity20CSpecialEffectEntityE,32,0x00020904,_ZN7harvest6entity7CEntity17getOperatorStringEv
_ZTVN7harvest6entity20CSpecialEffectEntityE,33,0x0000e176,_ZNK7harvest6entity7CEntity16getCollisionSizeEv
_ZTVN7harvest6entity20CSpecialEffectEntityE,34,0x0000e17e,_ZNK7harvest6entity7CEntity12getSellValueEv
_ZTVN7harvest6entity20CSpecialEffectEntityE,35,0x0000e198,_ZN7harvest6entity7CEntity22handleRightClickActionERKN2ox4core11CPosition2dIfEE
_ZTVN7harvest6entity20CSpecialEffectEntityE,36,0x0000e19e,_ZN7harvest6entity7CEntity26handleDoubleClickSelectionEv
_ZTVN7harvest6entity20CSpecialEffectEntityE,37,0x0000e1a4,_ZN7harvest6entity7CEntity30handleSelectionDraggedToEntityEPS1_
_ZTVN7harvest6entity20CSpecialEffectEntityE,38,0x0000e1ac,_ZN7harvest6entity7CEntity31handleSelectionDraggedToNothingEv
_ZTVN7harvest6entity20CSpecialEffectEntityE,39,0x00000000,
_ZTVN7harvest6entity15CMineralsEntityE,0,0x00000000,
_ZTVN7harvest6entity15CMineralsEntityE,1,0x00262690,_ZTIN7harvest6entity15CMineralsEntityE
_ZTVN7harvest6entity15CMineralsEntityE,2,0x00021b2a,_ZN7harvest6entity15CMineralsEntityD1Ev
_ZTVN7harvest6entity15CMineralsEntityE,3,0x00021afa,_ZN7harvest6entity15CMineralsEntityD0Ev
_ZTVN7harvest6entity15CMineralsEntityE,4,0x000200ec,_ZN7harvest6entity7CEntity13getEntityTypeEv
_ZTVN7harvest6entity15CMineralsEntityE,5,0x000200f8,_ZN7harvest6entity7CEntity6updateEf
_ZTVN7harvest6entity15CMineralsEntityE,6,0x00020184,_ZN7harvest6entity7CEntity15addToRenderListERKN2ox4core5CRectIfEE
_ZTVN7harvest6entity15CMineralsEntityE,7,0x0000e12e,_ZN7harvest6entity7CEntity10killEntityEv
_ZTVN7harvest6entity15CMineralsEntityE,8,0x0000e13a,_ZN7harvest6entity7CEntity8isKilledEv
_ZTVN7harvest6entity15CMineralsEntityE,9,0x00020134,_ZN7harvest6entity7CEntity13notifyRemovedEv
_ZTVN7harvest6entity15CMineralsEntityE,10,0x0016af4a,_ZN2ox6entity9COxEntity11setPositionEfff
_ZTVN7harvest6entity15CMineralsEntityE,11,0x0016af70,_ZN2ox6entity9COxEntity11setPositionERKNS_4core11CPosition2dIiEE
_ZTVN7harvest6entity15CMineralsEntityE,12,0x0016af96,_ZN2ox6entity9COxEntity11setPositionERKNS_4core11CPosition2dIfEE
_ZTVN7harvest6entity15CMineralsEntityE,13,0x0016afbc,_ZN2ox6entity9COxEntity11setPositionERKNS_4core9CVector3dIfEE
_ZTVN7harvest6entity15CMineralsEntityE,14,0x000220c0,_ZNK7harvest6entity15CMineralsEntity14getRenderLayerEv
_ZTVN7harvest6entity15CMineralsEntityE,15,0x00021ce6,_ZN7harvest6entity15CMineralsEntity15writeEntityDataEPN2ox2io10IWriteFileE
_ZTVN7harvest6entity15CMineralsEntityE,16,0x00021d28,_ZN7harvest6entity15CMineralsEntity14readEntityDataEPN2ox2io9IReadFileEi
_ZTVN7harvest6entity15CMineralsEntityE,17,0x00021b9a,_ZN7harvest6entity15CMineralsEntity12updateSpriteEf
_ZTVN7harvest6entity15CMineralsEntityE,18,0x00021bc2,_ZN7harvest6entity15CMineralsEntity11updateLogicEf
_ZTVN7harvest6entity15CMineralsEntityE,19,0x00021bf4,_ZN7harvest6entity15CMineralsEntity6renderERKN2ox4core11CPosition2dIfEERKNS3_5CRectIiEE
_ZTVN7harvest6entity15CMineralsEntityE,20,0x000201c2,_ZN7harvest6entity7CEntity12renderSpriteERKN2ox4core11CPosition2dIfEERKNS3_5CRectIiEEPNS2_5video21ISpriteAnimationStateE
_ZTVN7harvest6entity15CMineralsEntityE,21,0x00020234,_ZN7harvest6entity7CEntity17renderSpriteFixedERKN2ox4core11CPosition2dIfEERKNS3_5CRectIiEEPNS2_5video21ISpriteAnimationStateE
_ZTVN7harvest6entity15CMineralsEntityE,22,0x000220c8,_ZN7harvest6entity15CMineralsEntity17renderGroundLayerERKN2ox4core11CPosition2dIfEERKNS3_5CRectIiEE
_ZTVN7harvest6entity15CMineralsEntityE,23,0x000202ac,_ZN7harvest6entity7CEntity16renderEnergyLineERKN2ox4core11CPosition2dIfEERKNS3_5CRectIiEES7_b
_ZTVN7harvest6entity15CMineralsEntityE,24,0x000203b4,_ZN7harvest6entity7CEntity18renderSelfProgressERKN2ox4core11CPosition2dIfEERKNS3_5CRectIiEEfNS2_5video6SColorE
_ZTVN7harvest6entity15CMineralsEntityE,25,0x00021c20,_ZN7harvest6entity15CMineralsEntity23getCurrentDisplaySpriteEv
_ZTVN7harvest6entity15CMineralsEntityE,26,0x00021be4,_ZN7harvest6entity15CMineralsEntity7onSparkEPNS0_12CSparkEntityE
_ZTVN7harvest6entity15CMineralsEntityE,27,0x00021bec,_ZN7harvest6entity15CMineralsEntity10wantsSparkEv
_ZTVN7harvest6entity15CMineralsEntityE,28,0x0000e15a,_ZN7harvest6entity7CEntity16acceptsSparkFromEi
_ZTVN7harvest6entity15CMineralsEntityE,29,0x0000e164,_ZN7harvest6entity7CEntity14getSparkHeightEv
_ZTVN7harvest6entity15CMineralsEntityE,30,0x00021d94,_ZN7harvest6entity15CMineralsEntity13getInfoStringEv
_ZTVN7harvest6entity15CMineralsEntityE,31,0x000208c8,_ZN7harvest6entity7CEntity17getMiniStatStringEv
_ZTVN7harvest6entity15CMineralsEntityE,32,0x00020904,_ZN7harvest6entity7CEntity17getOperatorStringEv
_ZTVN7harvest6entity15CMineralsEntityE,33,0x000220ce,_ZNK7harvest6entity15CMineralsEntity16getCollisionSizeEv
_ZTVN7harvest6entity15CMineralsEntityE,34,0x0000e17e,_ZNK7harvest6entity7CEntity12getSellValueEv
_ZTVN7harvest6entity15CMineralsEntityE,35,0x0000e198,_ZN7harvest6entity7CEntity22handleRightClickActionERKN2ox4core11CPosition2dIfEE
_ZTVN7harvest6entity15CMineralsEntityE,36,0x0000e19e,_ZN7harvest6entity7CEntity26handleDoubleClickSelectionEv
_ZTVN7harvest6entity15CMineralsEntityE,37,0x0000e1a4,_ZN7harvest6entity7CEntity30handleSelectionDraggedToEntityEPS1_
_ZTVN7harvest6entity15CMineralsEntityE,38,0x0000e1ac,_ZN7harvest6entity7CEntity31handleSelectionDraggedToNothingEv
_ZTVN7harvest6entity20CMineralGatherEntityE,0,0x00000000,
_ZTVN7harvest6entity20CMineralGatherEntityE,1,0x00262740,_ZTIN7harvest6entity20CMineralGatherEntityE
_ZTVN7harvest6entity20CMineralGatherEntityE,2,0x00022420,_ZN7harvest6entity20CMineralGatherEntityD1Ev
_ZTVN7harvest6entity20CMineralGatherEntityE,3,0x000223f0,_ZN7harvest6entity20CMineralGatherEntityD0Ev
_ZTVN7harvest6entity20CMineralGatherEntityE,4,0x000200ec,_ZN7harvest6entity7CEntity13getEntityTypeEv
_ZTVN7harvest6entity20CMineralGatherEntityE,5,0x000200f8,_ZN7harvest6entity7CEntity6updateEf
_ZTVN7harvest6entity20CMineralGatherEntityE,6,0x00020184,_ZN7harvest6entity7CEntity15addToRenderListERKN2ox4core5CRectIfEE
_ZTVN7harvest6entity20CMineralGatherEntityE,7,0x0000e12e,_ZN7harvest6entity7CEntity10killEntityEv
_ZTVN7harvest6entity20CMineralGatherEntityE,8,0x0000e13a,_ZN7harvest6entity7CEntity8isKilledEv
_ZTVN7harvest6entity20CMineralGatherEntityE,9,0x00020134,_ZN7harvest6entity7CEntity13notifyRemovedEv
_ZTVN7harvest6entity20CMineralGatherEntityE,10,0x0016af4a,_ZN2ox6entity9COxEntity11setPositionEfff
_ZTVN7harvest6entity20CMineralGatherEntityE,11,0x0016af70,_ZN2ox6entity9COxEntity11setPositionERKNS_4core11CPosition2dIiEE
_ZTVN7harvest6entity20CMineralGatherEntityE,12,0x0016af96,_ZN2ox6entity9COxEntity11setPositionERKNS_4core11CPosition2dIfEE
_ZTVN7harvest6entity20CMineralGatherEntityE,13,0x0016afbc,_ZN2ox6entity9COxEntity11setPositionERKNS_4core9CVector3dIfEE
_ZTVN7harvest6entity20CMineralGatherEntityE,14,0x0000e14a,_ZNK7harvest6entity7CEntity14getRenderLayerEv
_ZTVN7harvest6entity20CMineralGatherEntityE,15,0x00022cd4,_ZN7harvest6entity20CMineralGatherEntity15writeEntityDataEPN2ox2io10IWriteFileE
_ZTVN7harvest6entity20CMineralGatherEntityE,16,0x00022d2e,_ZN7harvest6entity20CMineralGatherEntity14readEntityDataEPN2ox2io9IReadFileEi
_ZTVN7harvest6entity20CMineralGatherEntityE,17,0x00022a42,_ZN7harvest6entity20CMineralGatherEntity12updateSpriteEf
_ZTVN7harvest6entity20CMineralGatherEntityE,18,0x000224a2,_ZN7harvest6entity20CMineralGatherEntity11updateLogicEf
_ZTVN7harvest6entity20CMineralGatherEntityE,19,0x00022b46,_ZN7harvest6entity20CMineralGatherEntity6renderERKN2ox4core11CPosition2dIfEERKNS3_5CRectIiEE
_ZTVN7harvest6entity20CMineralGatherEntityE,20,0x000201c2,_ZN7harvest6entity7CEntity12renderSpriteERKN2ox4core11CPosition2dIfEERKNS3_5CRectIiEEPNS2_5video21ISpriteAnimationStateE
_ZTVN7harvest6entity20CMineralGatherEntityE,21,0x00020234,_ZN7harvest6entity7CEntity17renderSpriteFixedERKN2ox4core11CPosition2dIfEERKNS3_5CRectIiEEPNS2_5video21ISpriteAnimationStateE
_ZTVN7harvest6entity20CMineralGatherEntityE,22,0x00022d78,_ZN7harvest6entity20CMineralGatherEntity17renderGroundLayerERKN2ox4core11CPosition2dIfEERKNS3_5CRectIiEE
_ZTVN7harvest6entity20CMineralGatherEntityE,23,0x000202ac,_ZN7harvest6entity7CEntity16renderEnergyLineERKN2ox4core11CPosition2dIfEERKNS3_5CRectIiEES7_b
_ZTVN7harvest6entity20CMineralGatherEntityE,24,0x000203b4,_ZN7harvest6entity7CEntity18renderSelfProgressERKN2ox4core11CPosition2dIfEERKNS3_5CRectIiEEfNS2_5video6SColorE
_ZTVN7harvest6entity20CMineralGatherEntityE,25,0x00022c16,_ZN7harvest6entity20CMineralGatherEntity23getCurrentDisplaySpriteEv
_ZTVN7harvest6entity20CMineralGatherEntityE,26,0x00022aa6,_ZN7harvest6entity20CMineralGatherEntity7onSparkEPNS0_12CSparkEntityE
_ZTVN7harvest6entity20CMineralGatherEntityE,27,0x00022ac6,_ZN7harvest6entity20CMineralGatherEntity10wantsSparkEv
_ZTVN7harvest6entity20CMineralGatherEntityE,28,0x0000e15a,_ZN7harvest6entity7CEntity16acceptsSparkFromEi
_ZTVN7harvest6entity20CMineralGatherEntityE,29,0x0000e164,_ZN7harvest6entity7CEntity14getSparkHeightEv
_ZTVN7harvest6entity20CMineralGatherEntityE,30,0x00022c22,_ZN7harvest6entity20CMineralGatherEntity13getInfoStringEv
_ZTVN7harvest6entity20CMineralGatherEntityE,31,0x00022c96,_ZN7harvest6entity20CMineralGatherEntity17getMiniStatStringEv
_ZTVN7harvest6entity20CMineralGatherEntityE,32,0x00020904,_ZN7harvest6entity7CEntity17getOperatorStringEv
_ZTVN7harvest6entity20CMineralGatherEntityE,33,0x00022d7e,_ZNK7harvest6entity20CMineralGatherEntity16getCollisionSizeEv
_ZTVN7harvest6entity20CMineralGatherEntityE,34,0x0000e17e,_ZNK7harvest6entity7CEntity12getSellValueEv
_ZTVN7harvest6entity20CMineralGatherEntityE,35,0x0000e198,_ZN7harvest6entity7CEntity22handleRightClickActionERKN2ox4core11CPosition2dIfEE
_ZTVN7harvest6entity20CMineralGatherEntityE,36,0x0000e19e,_ZN7harvest6entity7CEntity26handleDoubleClickSelectionEv
_ZTVN7harvest6entity20CMineralGatherEntityE,37,0x0000e1a4,_ZN7harvest6entity7CEntity30handleSelectionDraggedToEntityEPS1_
_ZTVN7harvest6entity20CMineralGatherEntityE,38,0x0000e1ac,_ZN7harvest6entity7CEntity31handleSelectionDraggedToNothingEv
_ZTVN7harvest6entity20CMineralGatherEntityE,39,0x00000000,
_ZTVN7harvest6entity20CMissileTurretEntityE,0,0x00000000,
_ZTVN7harvest6entity20CMissileTurretEntityE,1,0x00262930,_ZTIN7harvest6entity20CMissileTurretEntityE
_ZTVN7harvest6entity20CMissileTurretEntityE,2,0x000232aa,_ZN7harvest6entity20CMissileTurretEntityD1Ev
_ZTVN7harvest6entity20CMissileTurretEntityE,3,0x0002327a,_ZN7harvest6entity20CMissileTurretEntityD0Ev
_ZTVN7harvest6entity20CMissileTurretEntityE,4,0x000200ec,_ZN7harvest6entity7CEntity13getEntityTypeEv
_ZTVN7harvest6entity20CMissileTurretEntityE,5,0x000200f8,_ZN7harvest6entity7CEntity6updateEf
_ZTVN7harvest6entity20CMissileTurretEntityE,6,0x00020184,_ZN7harvest6entity7CEntity15addToRenderListERKN2ox4core5CRectIfEE
_ZTVN7harvest6entity20CMissileTurretEntityE,7,0x0000e12e,_ZN7harvest6entity7CEntity10killEntityEv
_ZTVN7harvest6entity20CMissileTurretEntityE,8,0x0000e13a,_ZN7harvest6entity7CEntity8isKilledEv
_ZTVN7harvest6entity20CMissileTurretEntityE,9,0x00020134,_ZN7harvest6entity7CEntity13notifyRemovedEv
_ZTVN7harvest6entity20CMissileTurretEntityE,10,0x0016af4a,_ZN2ox6entity9COxEntity11setPositionEfff
_ZTVN7harvest6entity20CMissileTurretEntityE,11,0x0016af70,_ZN2ox6entity9COxEntity11setPositionERKNS_4core11CPosition2dIiEE
_ZTVN7harvest6entity20CMissileTurretEntityE,12,0x0016af96,_ZN2ox6entity9COxEntity11setPositionERKNS_4core11CPosition2dIfEE
_ZTVN7harvest6entity20CMissileTurretEntityE,13,0x0016afbc,_ZN2ox6entity9COxEntity11setPositionERKNS_4core9CVector3dIfEE
_ZTVN7harvest6entity20CMissileTurretEntityE,14,0x0000e14a,_ZNK7harvest6entity7CEntity14getRenderLayerEv
_ZTVN7harvest6entity20CMissileTurretEntityE,15,0x00024444,_ZN7harvest6entity20CMissileTurretEntity15writeEntityDataEPN2ox2io10IWriteFileE
_ZTVN7harvest6entity20CMissileTurretEntityE,16,0x000244f0,_ZN7harvest6entity20CMissileTurretEntity14readEntityDataEPN2ox2io9IReadFileEi
_ZTVN7harvest6entity20CMissileTurretEntityE,17,0x0002330c,_ZN7harvest6entity20CMissileTurretEntity12updateSpriteEf
_ZTVN7harvest6entity20CMissileTurretEntityE,18,0x00023390,_ZN7harvest6entity20CMissileTurretEntity11updateLogicEf
_ZTVN7harvest6entity20CMissileTurretEntityE,19,0x00024390,_ZN7harvest6entity20CMissileTurretEntity6renderERKN2ox4core11CPosition2dIfEERKNS3_5CRectIiEE
_ZTVN7harvest6entity20CMissileTurretEntityE,20,0x000201c2,_ZN7harvest6entity7CEntity12renderSpriteERKN2ox4core11CPosition2dIfEERKNS3_5CRectIiEEPNS2_5video21ISpriteAnimationStateE
_ZTVN7harvest6entity20CMissileTurretEntityE,21,0x00020234,_ZN7harvest6entity7CEntity17renderSpriteFixedERKN2ox4core11CPosition2dIfEERKNS3_5CRectIiEEPNS2_5video21ISpriteAnimationStateE
_ZTVN7harvest6entity20CMissileTurretEntityE,22,0x000262fe,_ZN7harvest6entity20CMissileTurretEntity17renderGroundLayerERKN2ox4core11CPosition2dIfEERKNS3_5CRectIiEE
_ZTVN7harvest6entity20CMissileTurretEntityE,23,0x000202ac,_ZN7harvest6entity7CEntity16renderEnergyLineERKN2ox4core11CPosition2dIfEERKNS3_5CRectIiEES7_b
_ZTVN7harvest6entity20CMissileTurretEntityE,24,0x000203b4,_ZN7harvest6entity7CEntity18renderSelfProgressERKN2ox4core11CPosition2dIfEERKNS3_5CRectIiEEfNS2_5video6SColorE
_ZTVN7harvest6entity20CMissileTurretEntityE,25,0x00024434,_ZN7harvest6entity20CMissileTurretEntity23getCurrentDisplaySpriteEv
_ZTVN7harvest6entity20CMissileTurretEntityE,26,0x00024010,_ZN7harvest6entity20CMissileTurretEntity7onSparkEPNS0_12CSparkEntityE
_ZTVN7harvest6entity20CMissileTurretEntityE,27,0x00024354,_ZN7harvest6entity20CMissileTurretEntity10wantsSparkEv
_ZTVN7harvest6entity20CMissileTurretEntityE,28,0x0000e15a,_ZN7harvest6entity7CEntity16acceptsSparkFromEi
_ZTVN7harvest6entity20CMissileTurretEntityE,29,0x0000e164,_ZN7harvest6entity7CEntity14getSparkHeightEv
_ZTVN7harvest6entity20CMissileTurretEntityE,30,0x00024046,_ZN7harvest6entity20CMissileTurretEntity13getInfoStringEv
_ZTVN7harvest6entity20CMissileTurretEntityE,31,0x000242c6,_ZN7harvest6entity20CMissileTurretEntity17getMiniStatStringEv
_ZTVN7harvest6entity20CMissileTurretEntityE,32,0x00024318,_ZN7harvest6entity20CMissileTurretEntity17getOperatorStringEv
_ZTVN7harvest6entity20CMissileTurretEntityE,33,0x00026304,_ZNK7harvest6entity20CMissileTurretEntity16getCollisionSizeEv
_ZTVN7harvest6entity20CMissileTurretEntityE,34,0x0000e17e,_ZNK7harvest6entity7CEntity12getSellValueEv
_ZTVN7harvest6entity20CMissileTurretEntityE,35,0x0000e198,_ZN7harvest6entity7CEntity22handleRightClickActionERKN2ox4core11CPosition2dIfEE
_ZTVN7harvest6entity20CMissileTurretEntityE,36,0x0000e19e,_ZN7harvest6entity7CEntity26handleDoubleClickSelectionEv
_ZTVN7harvest6entity20CMissileTurretEntityE,37,0x0000e1a4,_ZN7harvest6entity7CEntity30handleSelectionDraggedToEntityEPS1_
_ZTVN7harvest6entity20CMissileTurretEntityE,38,0x0000e1ac,_ZN7harvest6entity7CEntity31handleSelectionDraggedToNothingEv
_ZTVN7harvest6entity20CMissileTurretEntityE,39,0x00000000,
_ZTVN7harvest6entity14CMissileEntityE,0,0x00000000,
_ZTVN7harvest6entity14CMissileEntityE,1,0x00262940,_ZTIN7harvest6entity14CMissileEntityE
_ZTVN7harvest6entity14CMissileEntityE,2,0x00024856,_ZN7harvest6entity14CMissileEntityD1Ev
_ZTVN7harvest6entity14CMissileEntityE,3,0x00024826,_ZN7harvest6entity14CMissileEntityD0Ev
_ZTVN7harvest6entity14CMissileEntityE,4,0x000200ec,_ZN7harvest6entity7CEntity13getEntityTypeEv
_ZTVN7harvest6entity14CMissileEntityE,5,0x000200f8,_ZN7harvest6entity7CEntity6updateEf
_ZTVN7harvest6entity14CMissileEntityE,6,0x000256cc,_ZN7harvest6entity14CMissileEntity15addToRenderListERKN2ox4core5CRectIfEE
_ZTVN7harvest6entity14CMissileEntityE,7,0x0000e12e,_ZN7harvest6entity7CEntity10killEntityEv
_ZTVN7harvest6entity14CMissileEntityE,8,0x0000e13a,_ZN7harvest6entity7CEntity8isKilledEv
_ZTVN7harvest6entity14CMissileEntityE,9,0x00020134,_ZN7harvest6entity7CEntity13notifyRemovedEv
_ZTVN7harvest6entity14CMissileEntityE,10,0x0016af4a,_ZN2ox6entity9COxEntity11setPositionEfff
_ZTVN7harvest6entity14CMissileEntityE,11,0x0016af70,_ZN2ox6entity9COxEntity11setPositionERKNS_4core11CPosition2dIiEE
_ZTVN7harvest6entity14CMissileEntityE,12,0x0016af96,_ZN2ox6entity9COxEntity11setPositionERKNS_4core11CPosition2dIfEE
_ZTVN7harvest6entity14CMissileEntityE,13,0x0016afbc,_ZN2ox6entity9COxEntity11setPositionERKNS_4core9CVector3dIfEE
_ZTVN7harvest6entity14CMissileEntityE,14,0x0000e14a,_ZNK7harvest6entity7CEntity14getRenderLayerEv
_ZTVN7harvest6entity14CMissileEntityE,15,0x000257be,_ZN7harvest6entity14CMissileEntity15writeEntityDataEPN2ox2io10IWriteFileE
_ZTVN7harvest6entity14CMissileEntityE,16,0x0002588a,_ZN7harvest6entity14CMissileEntity14readEntityDataEPN2ox2io9IReadFileEi
_ZTVN7harvest6entity14CMissileEntityE,17,0x000248ac,_ZN7harvest6entity14CMissileEntity12updateSpriteEf
_ZTVN7harvest6entity14CMissileEntityE,18,0x000248be,_ZN7harvest6entity14CMissileEntity11updateLogicEf
_ZTVN7harvest6entity14CMissileEntityE,19,0x0002572c,_ZN7harvest6entity14CMissileEntity6renderERKN2ox4core11CPosition2dIfEERKNS3_5CRectIiEE
_ZTVN7harvest6entity14CMissileEntityE,20,0x000201c2,_ZN7harvest6entity7CEntity12renderSpriteERKN2ox4core11CPosition2dIfEERKNS3_5CRectIiEEPNS2_5video21ISpriteAnimationStateE
_ZTVN7harvest6entity14CMissileEntityE,21,0x00020234,_ZN7harvest6entity7CEntity17renderSpriteFixedERKN2ox4core11CPosition2dIfEERKNS3_5CRectIiEEPNS2_5video21ISpriteAnimationStateE
_ZTVN7harvest6entity14CMissileEntityE,22,0x00026316,_ZN7harvest6entity14CMissileEntity17renderGroundLayerERKN2ox4core11CPosition2dIfEERKNS3_5CRectIiEE
_ZTVN7harvest6entity14CMissileEntityE,23,0x000202ac,_ZN7harvest6entity7CEntity16renderEnergyLineERKN2ox4core11CPosition2dIfEERKNS3_5CRectIiEES7_b
_ZTVN7harvest6entity14CMissileEntityE,24,0x000203b4,_ZN7harvest6entity7CEntity18renderSelfProgressERKN2ox4core11CPosition2dIfEERKNS3_5CRectIiEEfNS2_5video6SColorE
_ZTVN7harvest6entity14CMissileEntityE,25,0x000204a4,_ZN7harvest6entity7CEntity23getCurrentDisplaySpriteEv
_ZTVN7harvest6entity14CMissileEntityE,26,0x000256bc,_ZN7harvest6entity14CMissileEntity7onSparkEPNS0_12CSparkEntityE
_ZTVN7harvest6entity14CMissileEntityE,27,0x000256c4,_ZN7harvest6entity14CMissileEntity10wantsSparkEv
_ZTVN7harvest6entity14CMissileEntityE,28,0x0000e15a,_ZN7harvest6entity7CEntity16acceptsSparkFromEi
_ZTVN7harvest6entity14CMissileEntityE,29,0x0000e164,_ZN7harvest6entity7CEntity14getSparkHeightEv
_ZTVN7harvest6entity14CMissileEntityE,30,0x0002088c,_ZN7harvest6entity7CEntity13getInfoStringEv
_ZTVN7harvest6entity14CMissileEntityE,31,0x000208c8,_ZN7harvest6entity7CEntity17getMiniStatStringEv
_ZTVN7harvest6entity14CMissileEntityE,32,0x00020904,_ZN7harvest6entity7CEntity17getOperatorStringEv
_ZTVN7harvest6entity14CMissileEntityE,33,0x0000e176,_ZNK7harvest6entity7CEntity16getCollisionSizeEv
_ZTVN7harvest6entity14CMissileEntityE,34,0x0000e17e,_ZNK7harvest6entity7CEntity12getSellValueEv
_ZTVN7harvest6entity14CMissileEntityE,35,0x0000e198,_ZN7harvest6entity7CEntity22handleRightClickActionERKN2ox4core11CPosition2dIfEE
_ZTVN7harvest6entity14CMissileEntityE,36,0x0000e19e,_ZN7harvest6entity7CEntity26handleDoubleClickSelectionEv
_ZTVN7harvest6entity14CMissileEntityE,37,0x0000e1a4,_ZN7harvest6entity7CEntity30handleSelectionDraggedToEntityEPS1_
_ZTVN7harvest6entity14CMissileEntityE,38,0x0000e1ac,_ZN7harvest6entity7CEntity31handleSelectionDraggedToNothingEv
_ZTVN7harvest6entity14CMissileEntityE,39,0x00000000,
_ZTVN7harvest6entity19CTempestBlastEntityE,0,0x00000000,
_ZTVN7harvest6entity19CTempestBlastEntityE,1,0x00262950,_ZTIN7harvest6entity19CTempestBlastEntityE
_ZTVN7harvest6entity19CTempestBlastEntityE,2,0x00025aa4,_ZN7harvest6entity19CTempestBlastEntityD1Ev
_ZTVN7harvest6entity19CTempestBlastEntityE,3,0x00025a74,_ZN7harvest6entity19CTempestBlastEntityD0Ev
_ZTVN7harvest6entity19CTempestBlastEntityE,4,0x000200ec,_ZN7harvest6entity7CEntity13getEntityTypeEv
_ZTVN7harvest6entity19CTempestBlastEntityE,5,0x000200f8,_ZN7harvest6entity7CEntity6updateEf
_ZTVN7harvest6entity19CTempestBlastEntityE,6,0x00026072,_ZN7harvest6entity19CTempestBlastEntity15addToRenderListERKN2ox4core5CRectIfEE
_ZTVN7harvest6entity19CTempestBlastEntityE,7,0x0000e12e,_ZN7harvest6entity7CEntity10killEntityEv
_ZTVN7harvest6entity19CTempestBlastEntityE,8,0x0000e13a,_ZN7harvest6entity7CEntity8isKilledEv
_ZTVN7harvest6entity19CTempestBlastEntityE,9,0x00020134,_ZN7harvest6entity7CEntity13notifyRemovedEv
_ZTVN7harvest6entity19CTempestBlastEntityE,10,0x0016af4a,_ZN2ox6entity9COxEntity11setPositionEfff
_ZTVN7harvest6entity19CTempestBlastEntityE,11,0x0016af70,_ZN2ox6entity9COxEntity11setPositionERKNS_4core11CPosition2dIiEE
_ZTVN7harvest6entity19CTempestBlastEntityE,12,0x0016af96,_ZN2ox6entity9COxEntity11setPositionERKNS_4core11CPosition2dIfEE
_ZTVN7harvest6entity19CTempestBlastEntityE,13,0x0016afbc,_ZN2ox6entity9COxEntity11setPositionERKNS_4core9CVector3dIfEE
_ZTVN7harvest6entity19CTempestBlastEntityE,14,0x0000e14a,_ZNK7harvest6entity7CEntity14getRenderLayerEv
_ZTVN7harvest6entity19CTempestBlastEntityE,15,0x0002612c,_ZN7harvest6entity19CTempestBlastEntity15writeEntityDataEPN2ox2io10IWriteFileE
_ZTVN7harvest6entity19CTempestBlastEntityE,16,0x000261e4,_ZN7harvest6entity19CTempestBlastEntity14readEntityDataEPN2ox2io9IReadFileEi
_ZTVN7harvest6entity19CTempestBlastEntityE,17,0x0002603a,_ZN7harvest6entity19CTempestBlastEntity12updateSpriteEf
_ZTVN7harvest6entity19CTempestBlastEntityE,18,0x00025b6c,_ZN7harvest6entity19CTempestBlastEntity11updateLogicEf
_ZTVN7harvest6entity19CTempestBlastEntityE,19,0x000260e0,_ZN7harvest6entity19CTempestBlastEntity6renderERKN2ox4core11CPosition2dIfEERKNS3_5CRectIiEE
_ZTVN7harvest6entity19CTempestBlastEntityE,20,0x000201c2,_ZN7harvest6entity7CEntity12renderSpriteERKN2ox4core11CPosition2dIfEERKNS3_5CRectIiEEPNS2_5video21ISpriteAnimationStateE
_ZTVN7harvest6entity19CTempestBlastEntityE,21,0x00020234,_ZN7harvest6entity7CEntity17renderSpriteFixedERKN2ox4core11CPosition2dIfEERKNS3_5CRectIiEEPNS2_5video21ISpriteAnimationStateE
_ZTVN7harvest6entity19CTempestBlastEntityE,22,0x0002631c,_ZN7harvest6entity19CTempestBlastEntity17renderGroundLayerERKN2ox4core11CPosition2dIfEERKNS3_5CRectIiEE
_ZTVN7harvest6entity19CTempestBlastEntityE,23,0x000202ac,_ZN7harvest6entity7CEntity16renderEnergyLineERKN2ox4core11CPosition2dIfEERKNS3_5CRectIiEES7_b
_ZTVN7harvest6entity19CTempestBlastEntityE,24,0x000203b4,_ZN7harvest6entity7CEntity18renderSelfProgressERKN2ox4core11CPosition2dIfEERKNS3_5CRectIiEEfNS2_5video6SColorE
_ZTVN7harvest6entity19CTempestBlastEntityE,25,0x000204a4,_ZN7harvest6entity7CEntity23getCurrentDisplaySpriteEv
_ZTVN7harvest6entity19CTempestBlastEntityE,26,0x00026062,_ZN7harvest6entity19CTempestBlastEntity7onSparkEPNS0_12CSparkEntityE
_ZTVN7harvest6entity19CTempestBlastEntityE,27,0x0002606a,_ZN7harvest6entity19CTempestBlastEntity10wantsSparkEv
_ZTVN7harvest6entity19CTempestBlastEntityE,28,0x0000e15a,_ZN7harvest6entity7CEntity16acceptsSparkFromEi
_ZTVN7harvest6entity19CTempestBlastEntityE,29,0x0000e164,_ZN7harvest6entity7CEntity14getSparkHeightEv
_ZTVN7harvest6entity19CTempestBlastEntityE,30,0x0002088c,_ZN7harvest6entity7CEntity13getInfoStringEv
_ZTVN7harvest6entity19CTempestBlastEntityE,31,0x000208c8,_ZN7harvest6entity7CEntity17getMiniStatStringEv
_ZTVN7harvest6entity19CTempestBlastEntityE,32,0x00020904,_ZN7harvest6entity7CEntity17getOperatorStringEv
_ZTVN7harvest6entity19CTempestBlastEntityE,33,0x0000e176,_ZNK7harvest6entity7CEntity16getCollisionSizeEv
_ZTVN7harvest6entity19CTempestBlastEntityE,34,0x0000e17e,_ZNK7harvest6entity7CEntity12getSellValueEv
_ZTVN7harvest6entity19CTempestBlastEntityE,35,0x0000e198,_ZN7harvest6entity7CEntity22handleRightClickActionERKN2ox4core11CPosition2dIfEE
_ZTVN7harvest6entity19CTempestBlastEntityE,36,0x0000e19e,_ZN7harvest6entity7CEntity26handleDoubleClickSelectionEv
_ZTVN7harvest6entity19CTempestBlastEntityE,37,0x0000e1a4,_ZN7harvest6entity7CEntity30handleSelectionDraggedToEntityEPS1_
_ZTVN7harvest6entity19CTempestBlastEntityE,38,0x0000e1ac,_ZN7harvest6entity7CEntity31handleSelectionDraggedToNothingEv
_ZTVN7harvest6entity19CTempestBlastEntityE,39,0x00000000,
_ZTVN7harvest6entity23CPerimeterBombExplosionE,0,0x00000000,
_ZTVN7harvest6entity23CPerimeterBombExplosionE,1,0x00262a00,_ZTIN7harvest6entity23CPerimeterBombExplosionE
_ZTVN7harvest6entity23CPerimeterBombExplosionE,2,0x00026cc6,_ZN7harvest6entity23CPerimeterBombExplosionD1Ev
_ZTVN7harvest6entity23CPerimeterBombExplosionE,3,0x00026c96,_ZN7harvest6entity23CPerimeterBombExplosionD0Ev
_ZTVN7harvest6entity23CPerimeterBombExplosionE,4,0x000200ec,_ZN7harvest6entity7CEntity13getEntityTypeEv
_ZTVN7harvest6entity23CPerimeterBombExplosionE,5,0x000200f8,_ZN7harvest6entity7CEntity6updateEf
_ZTVN7harvest6entity23CPerimeterBombExplosionE,6,0x00020184,_ZN7harvest6entity7CEntity15addToRenderListERKN2ox4core5CRectIfEE
_ZTVN7harvest6entity23CPerimeterBombExplosionE,7,0x0000e12e,_ZN7harvest6entity7CEntity10killEntityEv
_ZTVN7harvest6entity23CPerimeterBombExplosionE,8,0x0000e13a,_ZN7harvest6entity7CEntity8isKilledEv
_ZTVN7harvest6entity23CPerimeterBombExplosionE,9,0x00020134,_ZN7harvest6entity7CEntity13notifyRemovedEv
_ZTVN7harvest6entity23CPerimeterBombExplosionE,10,0x0016af4a,_ZN2ox6entity9COxEntity11setPositionEfff
_ZTVN7harvest6entity23CPerimeterBombExplosionE,11,0x0016af70,_ZN2ox6entity9COxEntity11setPositionERKNS_4core11CPosition2dIiEE
_ZTVN7harvest6entity23CPerimeterBombExplosionE,12,0x0016af96,_ZN2ox6entity9COxEntity11setPositionERKNS_4core11CPosition2dIfEE
_ZTVN7harvest6entity23CPerimeterBombExplosionE,13,0x0016afbc,_ZN2ox6entity9COxEntity11setPositionERKNS_4core9CVector3dIfEE
_ZTVN7harvest6entity23CPerimeterBombExplosionE,14,0x0000e14a,_ZNK7harvest6entity7CEntity14getRenderLayerEv
_ZTVN7harvest6entity23CPerimeterBombExplosionE,15,0x000271fc,_ZN7harvest6entity23CPerimeterBombExplosion15writeEntityDataEPN2ox2io10IWriteFileE
_ZTVN7harvest6entity23CPerimeterBombExplosionE,16,0x0002724a,_ZN7harvest6entity23CPerimeterBombExplosion14readEntityDataEPN2ox2io9IReadFileEi
_ZTVN7harvest6entity23CPerimeterBombExplosionE,17,0x00026d1c,_ZN7harvest6entity23CPerimeterBombExplosion12updateSpriteEf
_ZTVN7harvest6entity23CPerimeterBombExplosionE,18,0x00026d44,_ZN7harvest6entity23CPerimeterBombExplosion11updateLogicEf
_ZTVN7harvest6entity23CPerimeterBombExplosionE,19,0x000271d0,_ZN7harvest6entity23CPerimeterBombExplosion6renderERKN2ox4core11CPosition2dIfEERKNS3_5CRectIiEE
_ZTVN7harvest6entity23CPerimeterBombExplosionE,20,0x000201c2,_ZN7harvest6entity7CEntity12renderSpriteERKN2ox4core11CPosition2dIfEERKNS3_5CRectIiEEPNS2_5video21ISpriteAnimationStateE
_ZTVN7harvest6entity23CPerimeterBombExplosionE,21,0x00020234,_ZN7harvest6entity7CEntity17renderSpriteFixedERKN2ox4core11CPosition2dIfEERKNS3_5CRectIiEEPNS2_5video21ISpriteAnimationStateE
_ZTVN7harvest6entity23CPerimeterBombExplosionE,22,0x00027286,_ZN7harvest6entity23CPerimeterBombExplosion17renderGroundLayerERKN2ox4core11CPosition2dIfEERKNS3_5CRectIiEE
_ZTVN7harvest6entity23CPerimeterBombExplosionE,23,0x000202ac,_ZN7harvest6entity7CEntity16renderEnergyLineERKN2ox4core11CPosition2dIfEERKNS3_5CRectIiEES7_b
_ZTVN7harvest6entity23CPerimeterBombExplosionE,24,0x000203b4,_ZN7harvest6entity7CEntity18renderSelfProgressERKN2ox4core11CPosition2dIfEERKNS3_5CRectIiEEfNS2_5video6SColorE
_ZTVN7harvest6entity23CPerimeterBombExplosionE,25,0x000204a4,_ZN7harvest6entity7CEntity23getCurrentDisplaySpriteEv
_ZTVN7harvest6entity23CPerimeterBombExplosionE,26,0x00010cc0,_ZN7harvest6entity7CEntity7onSparkEPNS0_12CSparkEntityE
_ZTVN7harvest6entity23CPerimeterBombExplosionE,27,0x00010cc8,_ZN7harvest6entity7CEntity10wantsSparkEv
_ZTVN7harvest6entity23CPerimeterBombExplosionE,28,0x0000e15a,_ZN7harvest6entity7CEntity16acceptsSparkFromEi
_ZTVN7harvest6entity23CPerimeterBombExplosionE,29,0x0000e164,_ZN7harvest6entity7CEntity14getSparkHeightEv
_ZTVN7harvest6entity23CPerimeterBombExplosionE,30,0x0002088c,_ZN7harvest6entity7CEntity13getInfoStringEv
_ZTVN7harvest6entity23CPerimeterBombExplosionE,31,0x000208c8,_ZN7harvest6entity7CEntity17getMiniStatStringEv
_ZTVN7harvest6entity23CPerimeterBombExplosionE,32,0x00020904,_ZN7harvest6entity7CEntity17getOperatorStringEv
_ZTVN7harvest6entity23CPerimeterBombExplosionE,33,0x0000e176,_ZNK7harvest6entity7CEntity16getCollisionSizeEv
_ZTVN7harvest6entity23CPerimeterBombExplosionE,34,0x0000e17e,_ZNK7harvest6entity7CEntity12getSellValueEv
_ZTVN7harvest6entity23CPerimeterBombExplosionE,35,0x0000e198,_ZN7harvest6entity7CEntity22handleRightClickActionERKN2ox4core11CPosition2dIfEE
_ZTVN7harvest6entity23CPerimeterBombExplosionE,36,0x0000e19e,_ZN7harvest6entity7CEntity26handleDoubleClickSelectionEv
_ZTVN7harvest6entity23CPerimeterBombExplosionE,37,0x0000e1a4,_ZN7harvest6entity7CEntity30handleSelectionDraggedToEntityEPS1_
_ZTVN7harvest6entity23CPerimeterBombExplosionE,38,0x0000e1ac,_ZN7harvest6entity7CEntity31handleSelectionDraggedToNothingEv
_ZTVN7harvest6entity23CPerimeterBombExplosionE,39,0x00000000,
_ZTVN7harvest6entity14CShuttleEntityE,0,0x00000000,
_ZTVN7harvest6entity14CShuttleEntityE,1,0x00262ab0,_ZTIN7harvest6entity14CShuttleEntityE
_ZTVN7harvest6entity14CShuttleEntityE,2,0x00028510,_ZN7harvest6entity14CShuttleEntityD1Ev
_ZTVN7harvest6entity14CShuttleEntityE,3,0x000284e0,_ZN7harvest6entity14CShuttleEntityD0Ev
_ZTVN7harvest6entity14CShuttleEntityE,4,0x000200ec,_ZN7harvest6entity7CEntity13getEntityTypeEv
_ZTVN7harvest6entity14CShuttleEntityE,5,0x000200f8,_ZN7harvest6entity7CEntity6updateEf
_ZTVN7harvest6entity14CShuttleEntityE,6,0x00020184,_ZN7harvest6entity7CEntity15addToRenderListERKN2ox4core5CRectIfEE
_ZTVN7harvest6entity14CShuttleEntityE,7,0x0000e12e,_ZN7harvest6entity7CEntity10killEntityEv
_ZTVN7harvest6entity14CShuttleEntityE,8,0x0000e13a,_ZN7harvest6entity7CEntity8isKilledEv
_ZTVN7harvest6entity14CShuttleEntityE,9,0x00020134,_ZN7harvest6entity7CEntity13notifyRemovedEv
_ZTVN7harvest6entity14CShuttleEntityE,10,0x0016af4a,_ZN2ox6entity9COxEntity11setPositionEfff
_ZTVN7harvest6entity14CShuttleEntityE,11,0x0016af70,_ZN2ox6entity9COxEntity11setPositionERKNS_4core11CPosition2dIiEE
_ZTVN7harvest6entity14CShuttleEntityE,12,0x0016af96,_ZN2ox6entity9COxEntity11setPositionERKNS_4core11CPosition2dIfEE
_ZTVN7harvest6entity14CShuttleEntityE,13,0x0016afbc,_ZN2ox6entity9COxEntity11setPositionERKNS_4core9CVector3dIfEE
_ZTVN7harvest6entity14CShuttleEntityE,14,0x0000e14a,_ZNK7harvest6entity7CEntity14getRenderLayerEv
_ZTVN7harvest6entity14CShuttleEntityE,15,0x00028f76,_ZN7harvest6entity14CShuttleEntity15writeEntityDataEPN2ox2io10IWriteFileE
_ZTVN7harvest6entity14CShuttleEntityE,16,0x00028f7c,_ZN7harvest6entity14CShuttleEntity14readEntityDataEPN2ox2io9IReadFileEi
_ZTVN7harvest6entity14CShuttleEntityE,17,0x00028588,_ZN7harvest6entity14CShuttleEntity12updateSpriteEf
_ZTVN7harvest6entity14CShuttleEntityE,18,0x000285b8,_ZN7harvest6entity14CShuttleEntity11updateLogicEf
_ZTVN7harvest6entity14CShuttleEntityE,19,0x00028f20,_ZN7harvest6entity14CShuttleEntity6renderERKN2ox4core11CPosition2dIfEERKNS3_5CRectIiEE
_ZTVN7harvest6entity14CShuttleEntityE,20,0x000201c2,_ZN7harvest6entity7CEntity12renderSpriteERKN2ox4core11CPosition2dIfEERKNS3_5CRectIiEEPNS2_5video21ISpriteAnimationStateE
_ZTVN7harvest6entity14CShuttleEntityE,21,0x00020234,_ZN7harvest6entity7CEntity17renderSpriteFixedERKN2ox4core11CPosition2dIfEERKNS3_5CRectIiEEPNS2_5video21ISpriteAnimationStateE
_ZTVN7harvest6entity14CShuttleEntityE,22,0x0002958e,_ZN7harvest6entity14CShuttleEntity17renderGroundLayerERKN2ox4core11CPosition2dIfEERKNS3_5CRectIiEE
_ZTVN7harvest6entity14CShuttleEntityE,23,0x000202ac,_ZN7harvest6entity7CEntity16renderEnergyLineERKN2ox4core11CPosition2dIfEERKNS3_5CRectIiEES7_b
_ZTVN7harvest6entity14CShuttleEntityE,24,0x000203b4,_ZN7harvest6entity7CEntity18renderSelfProgressERKN2ox4core11CPosition2dIfEERKNS3_5CRectIiEEfNS2_5video6SColorE
_ZTVN7harvest6entity14CShuttleEntityE,25,0x000204a4,_ZN7harvest6entity7CEntity23getCurrentDisplaySpriteEv
_ZTVN7harvest6entity14CShuttleEntityE,26,0x00010cc0,_ZN7harvest6entity7CEntity7onSparkEPNS0_12CSparkEntityE
_ZTVN7harvest6entity14CShuttleEntityE,27,0x00010cc8,_ZN7harvest6entity7CEntity10wantsSparkEv
_ZTVN7harvest6entity14CShuttleEntityE,28,0x0000e15a,_ZN7harvest6entity7CEntity16acceptsSparkFromEi
_ZTVN7harvest6entity14CShuttleEntityE,29,0x0000e164,_ZN7harvest6entity7CEntity14getSparkHeightEv
_ZTVN7harvest6entity14CShuttleEntityE,30,0x0002088c,_ZN7harvest6entity7CEntity13getInfoStringEv
_ZTVN7harvest6entity14CShuttleEntityE,31,0x000208c8,_ZN7harvest6entity7CEntity17getMiniStatStringEv
_ZTVN7harvest6entity14CShuttleEntityE,32,0x00020904,_ZN7harvest6entity7CEntity17getOperatorStringEv
_ZTVN7harvest6entity14CShuttleEntityE,33,0x0000e176,_ZNK7harvest6entity7CEntity16getCollisionSizeEv
_ZTVN7harvest6entity14CShuttleEntityE,34,0x0000e17e,_ZNK7harvest6entity7CEntity12getSellValueEv
_ZTVN7harvest6entity14CShuttleEntityE,35,0x0000e198,_ZN7harvest6entity7CEntity22handleRightClickActionERKN2ox4core11CPosition2dIfEE
_ZTVN7harvest6entity14CShuttleEntityE,36,0x0000e19e,_ZN7harvest6entity7CEntity26handleDoubleClickSelectionEv
_ZTVN7harvest6entity14CShuttleEntityE,37,0x0000e1a4,_ZN7harvest6entity7CEntity30handleSelectionDraggedToEntityEPS1_
_ZTVN7harvest6entity14CShuttleEntityE,38,0x0000e1ac,_ZN7harvest6entity7CEntity31handleSelectionDraggedToNothingEv
_ZTVN7harvest6entity14CShuttleEntityE,39,0x00000000,
_ZTVN7harvest6entity12CSparkEntityE,0,0x00000000,
_ZTVN7harvest6entity12CSparkEntityE,1,0x00262b60,_ZTIN7harvest6entity12CSparkEntityE
_ZTVN7harvest6entity12CSparkEntityE,2,0x0002a2ba,_ZN7harvest6entity12CSparkEntityD1Ev
_ZTVN7harvest6entity12CSparkEntityE,3,0x0002a28a,_ZN7harvest6entity12CSparkEntityD0Ev
_ZTVN7harvest6entity12CSparkEntityE,4,0x000200ec,_ZN7harvest6entity7CEntity13getEntityTypeEv
_ZTVN7harvest6entity12CSparkEntityE,5,0x000200f8,_ZN7harvest6entity7CEntity6updateEf
_ZTVN7harvest6entity12CSparkEntityE,6,0x00020184,_ZN7harvest6entity7CEntity15addToRenderListERKN2ox4core5CRectIfEE
_ZTVN7harvest6entity12CSparkEntityE,7,0x0000e12e,_ZN7harvest6entity7CEntity10killEntityEv
_ZTVN7harvest6entity12CSparkEntityE,8,0x0000e13a,_ZN7harvest6entity7CEntity8isKilledEv
_ZTVN7harvest6entity12CSparkEntityE,9,0x00020134,_ZN7harvest6entity7CEntity13notifyRemovedEv
_ZTVN7harvest6entity12CSparkEntityE,10,0x0016af4a,_ZN2ox6entity9COxEntity11setPositionEfff
_ZTVN7harvest6entity12CSparkEntityE,11,0x0016af70,_ZN2ox6entity9COxEntity11setPositionERKNS_4core11CPosition2dIiEE
_ZTVN7harvest6entity12CSparkEntityE,12,0x0016af96,_ZN2ox6entity9COxEntity11setPositionERKNS_4core11CPosition2dIfEE
_ZTVN7harvest6entity12CSparkEntityE,13,0x0016afbc,_ZN2ox6entity9COxEntity11setPositionERKNS_4core9CVector3dIfEE
_ZTVN7harvest6entity12CSparkEntityE,14,0x0000e14a,_ZNK7harvest6entity7CEntity14getRenderLayerEv
_ZTVN7harvest6entity12CSparkEntityE,15,0x0002a6a8,_ZN7harvest6entity12CSparkEntity15writeEntityDataEPN2ox2io10IWriteFileE
_ZTVN7harvest6entity12CSparkEntityE,16,0x0002a6ee,_ZN7harvest6entity12CSparkEntity14readEntityDataEPN2ox2io9IReadFileEi
_ZTVN7harvest6entity12CSparkEntityE,17,0x0002a310,_ZN7harvest6entity12CSparkEntity12updateSpriteEf
_ZTVN7harvest6entity12CSparkEntityE,18,0x0002a338,_ZN7harvest6entity12CSparkEntity11updateLogicEf
_ZTVN7harvest6entity12CSparkEntityE,19,0x0002a64e,_ZN7harvest6entity12CSparkEntity6renderERKN2ox4core11CPosition2dIfEERKNS3_5CRectIiEE
_ZTVN7harvest6entity12CSparkEntityE,20,0x000201c2,_ZN7harvest6entity7CEntity12renderSpriteERKN2ox4core11CPosition2dIfEERKNS3_5CRectIiEEPNS2_5video21ISpriteAnimationStateE
_ZTVN7harvest6entity12CSparkEntityE,21,0x00020234,_ZN7harvest6entity7CEntity17renderSpriteFixedERKN2ox4core11CPosition2dIfEERKNS3_5CRectIiEEPNS2_5video21ISpriteAnimationStateE
_ZTVN7harvest6entity12CSparkEntityE,22,0x0002a72a,_ZN7harvest6entity12CSparkEntity17renderGroundLayerERKN2ox4core11CPosition2dIfEERKNS3_5CRectIiEE
_ZTVN7harvest6entity12CSparkEntityE,23,0x000202ac,_ZN7harvest6entity7CEntity16renderEnergyLineERKN2ox4core11CPosition2dIfEERKNS3_5CRectIiEES7_b
_ZTVN7harvest6entity12CSparkEntityE,24,0x000203b4,_ZN7harvest6entity7CEntity18renderSelfProgressERKN2ox4core11CPosition2dIfEERKNS3_5CRectIiEEfNS2_5video6SColorE
_ZTVN7harvest6entity12CSparkEntityE,25,0x000204a4,_ZN7harvest6entity7CEntity23getCurrentDisplaySpriteEv
_ZTVN7harvest6entity12CSparkEntityE,26,0x00010cc0,_ZN7harvest6entity7CEntity7onSparkEPNS0_12CSparkEntityE
_ZTVN7harvest6entity12CSparkEntityE,27,0x00010cc8,_ZN7harvest6entity7CEntity10wantsSparkEv
_ZTVN7harvest6entity12CSparkEntityE,28,0x0000e15a,_ZN7harvest6entity7CEntity16acceptsSparkFromEi
_ZTVN7harvest6entity12CSparkEntityE,29,0x0000e164,_ZN7harvest6entity7CEntity14getSparkHeightEv
_ZTVN7harvest6entity12CSparkEntityE,30,0x0002088c,_ZN7harvest6entity7CEntity13getInfoStringEv
_ZTVN7harvest6entity12CSparkEntityE,31,0x000208c8,_ZN7harvest6entity7CEntity17getMiniStatStringEv
_ZTVN7harvest6entity12CSparkEntityE,32,0x00020904,_ZN7harvest6entity7CEntity17getOperatorStringEv
_ZTVN7harvest6entity12CSparkEntityE,33,0x0000e176,_ZNK7harvest6entity7CEntity16getCollisionSizeEv
_ZTVN7harvest6entity12CSparkEntityE,34,0x0000e17e,_ZNK7harvest6entity7CEntity12getSellValueEv
_ZTVN7harvest6entity12CSparkEntityE,35,0x0000e198,_ZN7harvest6entity7CEntity22handleRightClickActionERKN2ox4core11CPosition2dIfEE
_ZTVN7harvest6entity12CSparkEntityE,36,0x0000e19e,_ZN7harvest6entity7CEntity26handleDoubleClickSelectionEv
_ZTVN7harvest6entity12CSparkEntityE,37,0x0000e1a4,_ZN7harvest6entity7CEntity30handleSelectionDraggedToEntityEPS1_
_ZTVN7harvest6entity12CSparkEntityE,38,0x0000e1ac,_ZN7harvest6entity7CEntity31handleSelectionDraggedToNothingEv
_ZTVN7harvest6entity12CSparkEntityE,39,0x00000000,
_ZTVN7harvest6entity17CSparkMoverEntityE,0,0x00000000,
_ZTVN7harvest6entity17CSparkMoverEntityE,1,0x00262c10,_ZTIN7harvest6entity17CSparkMoverEntityE
_ZTVN7harvest6entity17CSparkMoverEntityE,2,0x0002ab08,_ZN7harvest6entity17CSparkMoverEntityD1Ev
_ZTVN7harvest6entity17CSparkMoverEntityE,3,0x0002aad8,_ZN7harvest6entity17CSparkMoverEntityD0Ev
_ZTVN7harvest6entity17CSparkMoverEntityE,4,0x000200ec,_ZN7harvest6entity7CEntity13getEntityTypeEv
_ZTVN7harvest6entity17CSparkMoverEntityE,5,0x000200f8,_ZN7harvest6entity7CEntity6updateEf
_ZTVN7harvest6entity17CSparkMoverEntityE,6,0x00020184,_ZN7harvest6entity7CEntity15addToRenderListERKN2ox4core5CRectIfEE
_ZTVN7harvest6entity17CSparkMoverEntityE,7,0x0000e12e,_ZN7harvest6entity7CEntity10killEntityEv
_ZTVN7harvest6entity17CSparkMoverEntityE,8,0x0000e13a,_ZN7harvest6entity7CEntity8isKilledEv
_ZTVN7harvest6entity17CSparkMoverEntityE,9,0x00020134,_ZN7harvest6entity7CEntity13notifyRemovedEv
_ZTVN7harvest6entity17CSparkMoverEntityE,10,0x0016af4a,_ZN2ox6entity9COxEntity11setPositionEfff
_ZTVN7harvest6entity17CSparkMoverEntityE,11,0x0016af70,_ZN2ox6entity9COxEntity11setPositionERKNS_4core11CPosition2dIiEE
_ZTVN7harvest6entity17CSparkMoverEntityE,12,0x0016af96,_ZN2ox6entity9COxEntity11setPositionERKNS_4core11CPosition2dIfEE
_ZTVN7harvest6entity17CSparkMoverEntityE,13,0x0016afbc,_ZN2ox6entity9COxEntity11setPositionERKNS_4core9CVector3dIfEE
_ZTVN7harvest6entity17CSparkMoverEntityE,14,0x0000e14a,_ZNK7harvest6entity7CEntity14getRenderLayerEv
_ZTVN7harvest6entity17CSparkMoverEntityE,15,0x0002b97c,_ZN7harvest6entity17CSparkMoverEntity15writeEntityDataEPN2ox2io10IWriteFileE
_ZTVN7harvest6entity17CSparkMoverEntityE,16,0x0002ba10,_ZN7harvest6entity17CSparkMoverEntity14readEntityDataEPN2ox2io9IReadFileEi
_ZTVN7harvest6entity17CSparkMoverEntityE,17,0x0002afea,_ZN7harvest6entity17CSparkMoverEntity12updateSpriteEf
_ZTVN7harvest6entity17CSparkMoverEntityE,18,0x0002acfc,_ZN7harvest6entity17CSparkMoverEntity11updateLogicEf
_ZTVN7harvest6entity17CSparkMoverEntityE,19,0x0002ac26,_ZN7harvest6entity17CSparkMoverEntity6renderERKN2ox4core11CPosition2dIfEERKNS3_5CRectIiEE
_ZTVN7harvest6entity17CSparkMoverEntityE,20,0x000201c2,_ZN7harvest6entity7CEntity12renderSpriteERKN2ox4core11CPosition2dIfEERKNS3_5CRectIiEEPNS2_5video21ISpriteAnimationStateE
_ZTVN7harvest6entity17CSparkMoverEntityE,21,0x00020234,_ZN7harvest6entity7CEntity17renderSpriteFixedERKN2ox4core11CPosition2dIfEERKNS3_5CRectIiEEPNS2_5video21ISpriteAnimationStateE
_ZTVN7harvest6entity17CSparkMoverEntityE,22,0x0002abca,_ZN7harvest6entity17CSparkMoverEntity17renderGroundLayerERKN2ox4core11CPosition2dIfEERKNS3_5CRectIiEE
_ZTVN7harvest6entity17CSparkMoverEntityE,23,0x000202ac,_ZN7harvest6entity7CEntity16renderEnergyLineERKN2ox4core11CPosition2dIfEERKNS3_5CRectIiEES7_b
_ZTVN7harvest6entity17CSparkMoverEntityE,24,0x000203b4,_ZN7harvest6entity7CEntity18renderSelfProgressERKN2ox4core11CPosition2dIfEERKNS3_5CRectIiEEfNS2_5video6SColorE
_ZTVN7harvest6entity17CSparkMoverEntityE,25,0x0002acf0,_ZN7harvest6entity17CSparkMoverEntity23getCurrentDisplaySpriteEv
_ZTVN7harvest6entity17CSparkMoverEntityE,26,0x0002b090,_ZN7harvest6entity17CSparkMoverEntity7onSparkEPNS0_12CSparkEntityE
_ZTVN7harvest6entity17CSparkMoverEntityE,27,0x0002ba8e,_ZN7harvest6entity17CSparkMoverEntity10wantsSparkEv
_ZTVN7harvest6entity17CSparkMoverEntityE,28,0x0002b4cc,_ZN7harvest6entity17CSparkMoverEntity16acceptsSparkFromEi
_ZTVN7harvest6entity17CSparkMoverEntityE,29,0x0000e164,_ZN7harvest6entity7CEntity14getSparkHeightEv
_ZTVN7harvest6entity17CSparkMoverEntityE,30,0x0002b508,_ZN7harvest6entity17CSparkMoverEntity13getInfoStringEv
_ZTVN7harvest6entity17CSparkMoverEntityE,31,0x0002b586,_ZN7harvest6entity17CSparkMoverEntity17getMiniStatStringEv
_ZTVN7harvest6entity17CSparkMoverEntityE,32,0x00020904,_ZN7harvest6entity7CEntity17getOperatorStringEv
_ZTVN7harvest6entity17CSparkMoverEntityE,33,0x0002ba98,_ZNK7harvest6entity17CSparkMoverEntity16getCollisionSizeEv
_ZTVN7harvest6entity17CSparkMoverEntityE,34,0x0000e17e,_ZNK7harvest6entity7CEntity12getSellValueEv
_ZTVN7harvest6entity17CSparkMoverEntityE,35,0x0002b5e4,_ZN7harvest6entity17CSparkMoverEntity22handleRightClickActionERKN2ox4core11CPosition2dIfEE
_ZTVN7harvest6entity17CSparkMoverEntityE,36,0x0002b644,_ZN7harvest6entity17CSparkMoverEntity26handleDoubleClickSelectionEv
_ZTVN7harvest6entity17CSparkMoverEntityE,37,0x0002b7ca,_ZN7harvest6entity17CSparkMoverEntity30handleSelectionDraggedToEntityEPNS0_7CEntityE
_ZTVN7harvest6entity17CSparkMoverEntityE,38,0x0002b880,_ZN7harvest6entity17CSparkMoverEntity31handleSelectionDraggedToNothingEv
_ZTVN7harvest6entity17CSparkMoverEntityE,39,0x00000000,
_ZTVN7harvest6entity20CSparkProducerEntityE,0,0x00000000,
_ZTVN7harvest6entity20CSparkProducerEntityE,1,0x00262cc0,_ZTIN7harvest6entity20CSparkProducerEntityE
_ZTVN7harvest6entity20CSparkProducerEntityE,2,0x0002bc68,_ZN7harvest6entity20CSparkProducerEntityD1Ev
_ZTVN7harvest6entity20CSparkProducerEntityE,3,0x0002bc38,_ZN7harvest6entity20CSparkProducerEntityD0Ev
_ZTVN7harvest6entity20CSparkProducerEntityE,4,0x000200ec,_ZN7harvest6entity7CEntity13getEntityTypeEv
_ZTVN7harvest6entity20CSparkProducerEntityE,5,0x000200f8,_ZN7harvest6entity7CEntity6updateEf
_ZTVN7harvest6entity20CSparkProducerEntityE,6,0x00020184,_ZN7harvest6entity7CEntity15addToRenderListERKN2ox4core5CRectIfEE
_ZTVN7harvest6entity20CSparkProducerEntityE,7,0x0000e12e,_ZN7harvest6entity7CEntity10killEntityEv
_ZTVN7harvest6entity20CSparkProducerEntityE,8,0x0000e13a,_ZN7harvest6entity7CEntity8isKilledEv
_ZTVN7harvest6entity20CSparkProducerEntityE,9,0x00020134,_ZN7harvest6entity7CEntity13notifyRemovedEv
_ZTVN7harvest6entity20CSparkProducerEntityE,10,0x0016af4a,_ZN2ox6entity9COxEntity11setPositionEfff
_ZTVN7harvest6entity20CSparkProducerEntityE,11,0x0016af70,_ZN2ox6entity9COxEntity11setPositionERKNS_4core11CPosition2dIiEE
_ZTVN7harvest6entity20CSparkProducerEntityE,12,0x0016af96,_ZN2ox6entity9COxEntity11setPositionERKNS_4core11CPosition2dIfEE
_ZTVN7harvest6entity20CSparkProducerEntityE,13,0x0016afbc,_ZN2ox6entity9COxEntity11setPositionERKNS_4core9CVector3dIfEE
_ZTVN7harvest6entity20CSparkProducerEntityE,14,0x0000e14a,_ZNK7harvest6entity7CEntity14getRenderLayerEv
_ZTVN7harvest6entity20CSparkProducerEntityE,15,0x0002bf9e,_ZN7harvest6entity20CSparkProducerEntity15writeEntityDataEPN2ox2io10IWriteFileE
_ZTVN7harvest6entity20CSparkProducerEntityE,16,0x0002bff8,_ZN7harvest6entity20CSparkProducerEntity14readEntityDataEPN2ox2io9IReadFileEi
_ZTVN7harvest6entity20CSparkProducerEntityE,17,0x0002bcbe,_ZN7harvest6entity20CSparkProducerEntity12updateSpriteEf
_ZTVN7harvest6entity20CSparkProducerEntityE,18,0x0002bce6,_ZN7harvest6entity20CSparkProducerEntity11updateLogicEf
_ZTVN7harvest6entity20CSparkProducerEntityE,19,0x0002c06a,_ZN7harvest6entity20CSparkProducerEntity6renderERKN2ox4core11CPosition2dIfEERKNS3_5CRectIiEE
_ZTVN7harvest6entity20CSparkProducerEntityE,20,0x000201c2,_ZN7harvest6entity7CEntity12renderSpriteERKN2ox4core11CPosition2dIfEERKNS3_5CRectIiEEPNS2_5video21ISpriteAnimationStateE
_ZTVN7harvest6entity20CSparkProducerEntityE,21,0x00020234,_ZN7harvest6entity7CEntity17renderSpriteFixedERKN2ox4core11CPosition2dIfEERKNS3_5CRectIiEEPNS2_5video21ISpriteAnimationStateE
_ZTVN7harvest6entity20CSparkProducerEntityE,22,0x0002c0a2,_ZN7harvest6entity20CSparkProducerEntity17renderGroundLayerERKN2ox4core11CPosition2dIfEERKNS3_5CRectIiEE
_ZTVN7harvest6entity20CSparkProducerEntityE,23,0x000202ac,_ZN7harvest6entity7CEntity16renderEnergyLineERKN2ox4core11CPosition2dIfEERKNS3_5CRectIiEES7_b
_ZTVN7harvest6entity20CSparkProducerEntityE,24,0x000203b4,_ZN7harvest6entity7CEntity18renderSelfProgressERKN2ox4core11CPosition2dIfEERKNS3_5CRectIiEEfNS2_5video6SColorE
_ZTVN7harvest6entity20CSparkProducerEntityE,25,0x0002c096,_ZN7harvest6entity20CSparkProducerEntity23getCurrentDisplaySpriteEv
_ZTVN7harvest6entity20CSparkProducerEntityE,26,0x0002bebe,_ZN7harvest6entity20CSparkProducerEntity7onSparkEPNS0_12CSparkEntityE
_ZTVN7harvest6entity20CSparkProducerEntityE,27,0x00010cc8,_ZN7harvest6entity7CEntity10wantsSparkEv
_ZTVN7harvest6entity20CSparkProducerEntityE,28,0x0000e15a,_ZN7harvest6entity7CEntity16acceptsSparkFromEi
_ZTVN7harvest6entity20CSparkProducerEntityE,29,0x0000e164,_ZN7harvest6entity7CEntity14getSparkHeightEv
_ZTVN7harvest6entity20CSparkProducerEntityE,30,0x0002bee4,_ZN7harvest6entity20CSparkProducerEntity13getInfoStringEv
_ZTVN7harvest6entity20CSparkProducerEntityE,31,0x0002bf30,_ZN7harvest6entity20CSparkProducerEntity17getMiniStatStringEv
_ZTVN7harvest6entity20CSparkProducerEntityE,32,0x00020904,_ZN7harvest6entity7CEntity17getOperatorStringEv
_ZTVN7harvest6entity20CSparkProducerEntityE,33,0x0002c0a8,_ZNK7harvest6entity20CSparkProducerEntity16getCollisionSizeEv
_ZTVN7harvest6entity20CSparkProducerEntityE,34,0x0000e17e,_ZNK7harvest6entity7CEntity12getSellValueEv
_ZTVN7harvest6entity20CSparkProducerEntityE,35,0x0000e198,_ZN7harvest6entity7CEntity22handleRightClickActionERKN2ox4core11CPosition2dIfEE
_ZTVN7harvest6entity20CSparkProducerEntityE,36,0x0000e19e,_ZN7harvest6entity7CEntity26handleDoubleClickSelectionEv
_ZTVN7harvest6entity20CSparkProducerEntityE,37,0x0000e1a4,_ZN7harvest6entity7CEntity30handleSelectionDraggedToEntityEPS1_
_ZTVN7harvest6entity20CSparkProducerEntityE,38,0x0000e1ac,_ZN7harvest6entity7CEntity31handleSelectionDraggedToNothingEv
_ZTVN7harvest6entity20CSparkProducerEntityE,39,0x00000000,
_ZTVN7harvest4game9CScenarioE,0,0x00000000,
_ZTVN7harvest4game9CScenarioE,1,0x00262f48,_ZTIN7harvest4game9CScenarioE
_ZTVN7harvest4game9CScenarioE,2,0x00037c40,_ZN7harvest4game9CScenarioD1Ev
_ZTVN7harvest4game9CScenarioE,3,0x00037c10,_ZN7harvest4game9CScenarioD0Ev
_ZTVN7harvest4game9CScenarioE,4,0x00037f30,_ZNK7harvest4game9CScenario13getDoodadSeedEv
_ZTVN7harvest4game9CScenarioE,5,0x00037f54,_ZN7harvest4game9CScenario22applyInitialExpansionsEPNS0_6CWorldE
_ZTVN7harvest4game18CMineralsConditionE,0,0x00000000,
_ZTVN7harvest4game18CMineralsConditionE,1,0x00262f08,_ZTIN7harvest4game18CMineralsConditionE
_ZTVN7harvest4game18CMineralsConditionE,2,0x0003ba48,_ZN7harvest4game18CMineralsConditionD1Ev
_ZTVN7harvest4game18CMineralsConditionE,3,0x0003ba4e,_ZN7harvest4game18CMineralsConditionD0Ev
_ZTVN7harvest4game18CMineralsConditionE,4,0x0003b91c,_ZN7harvest4game18CMineralsCondition13testConditionEv
_ZTVN7harvest4game18CMineralsConditionE,5,0x00000000,
_ZTVN7harvest4game20CAlienCountConditionE,0,0x00000000,
_ZTVN7harvest4game20CAlienCountConditionE,1,0x00262f38,_ZTIN7harvest4game20CAlienCountConditionE
_ZTVN7harvest4game20CAlienCountConditionE,2,0x0003ba58,_ZN7harvest4game20CAlienCountConditionD1Ev
_ZTVN7harvest4game20CAlienCountConditionE,3,0x0003ba5e,_ZN7harvest4game20CAlienCountConditionD0Ev
_ZTVN7harvest4game20CAlienCountConditionE,4,0x0003b994,_ZN7harvest4game20CAlienCountCondition13testConditionEv
_ZTVN7harvest4game20CAlienCountConditionE,5,0x00000000,
_ZTVN7harvest4game11CStatisticsE,0,0x00000000,
_ZTVN7harvest4game11CStatisticsE,1,0x00262f78,_ZTIN7harvest4game11CStatisticsE
_ZTVN7harvest4game11CStatisticsE,2,0x0003c488,_ZN7harvest4game11CStatisticsD1Ev
_ZTVN7harvest4game11CStatisticsE,3,0x0003c458,_ZN7harvest4game11CStatisticsD0Ev
_ZTVN7harvest4game14CHighscoreInfoE,0,0x00000000,
_ZTVN7harvest4game14CHighscoreInfoE,1,0x00262f80,_ZTIN7harvest4game14CHighscoreInfoE
_ZTVN7harvest4game14CHighscoreInfoE,2,0x0003d138,_ZN7harvest4game14CHighscoreInfoD1Ev
_ZTVN7harvest4game14CHighscoreInfoE,3,0x0003d108,_ZN7harvest4game14CHighscoreInfoD0Ev
_ZTVN7harvest4game12CThreatLevelE,0,0x00000000,
_ZTVN7harvest4game12CThreatLevelE,1,0x002637b0,_ZTIN7harvest4game12CThreatLevelE
_ZTVN7harvest4game12CThreatLevelE,2,0x0003d8f4,_ZN7harvest4game12CThreatLevelD1Ev
_ZTVN7harvest4game12CThreatLevelE,3,0x0003d8ac,_ZN7harvest4game12CThreatLevelD0Ev
_ZTVN7harvest4game17CThreatLevelLogicE,0,0x00000000,
_ZTVN7harvest4game17CThreatLevelLogicE,1,0x002637b8,_ZTIN7harvest4game17CThreatLevelLogicE
_ZTVN7harvest4game17CThreatLevelLogicE,2,0x0003e35a,_ZN7harvest4game17CThreatLevelLogicD1Ev
_ZTVN7harvest4game17CThreatLevelLogicE,3,0x0003e32a,_ZN7harvest4game17CThreatLevelLogicD0Ev
_ZTVN7harvest4game17CThreatLevelLogicE,4,0x00000000,__cxa_pure_virtual
_ZTVN7harvest4game17CThreatLevelLogicE,5,0x00000000,__cxa_pure_virtual
_ZTVN7harvest4game17CThreatLevelLogicE,6,0x00000000,__cxa_pure_virtual
_ZTVN7harvest4game17CThreatLevelLogicE,7,0x0003fae6,_ZN7harvest4game17CThreatLevelLogic12allowVictoryEv
_ZTVN7harvest4game18CThreatLevelNormalE,0,0x00000000,
_ZTVN7harvest4game18CThreatLevelNormalE,1,0x002637c0,_ZTIN7harvest4game18CThreatLevelNormalE
_ZTVN7harvest4game18CThreatLevelNormalE,2,0x0003ed56,_ZN7harvest4game18CThreatLevelNormalD1Ev
_ZTVN7harvest4game18CThreatLevelNormalE,3,0x0003ed26,_ZN7harvest4game18CThreatLevelNormalD0Ev
_ZTVN7harvest4game18CThreatLevelNormalE,4,0x0003ed6a,_ZN7harvest4game18CThreatLevelNormal20readGameModeSpecificEPN2ox2io9IReadFileEi
_ZTVN7harvest4game18CThreatLevelNormalE,5,0x0003ed74,_ZN7harvest4game18CThreatLevelNormal21writeGameModeSpecificEPN2ox2io10IWriteFileE
_ZTVN7harvest4game18CThreatLevelNormalE,6,0x0003ed7e,_ZN7harvest4game18CThreatLevelNormal6updateEf
_ZTVN7harvest4game18CThreatLevelNormalE,7,0x0003fae6,_ZN7harvest4game17CThreatLevelLogic12allowVictoryEv
_ZTVN7harvest4game18CThreatLevelInsaneE,0,0x00000000,
_ZTVN7harvest4game18CThreatLevelInsaneE,1,0x002637d0,_ZTIN7harvest4game18CThreatLevelInsaneE
_ZTVN7harvest4game18CThreatLevelInsaneE,2,0x0003ef7a,_ZN7harvest4game18CThreatLevelInsaneD1Ev
_ZTVN7harvest4game18CThreatLevelInsaneE,3,0x0003ef4a,_ZN7harvest4game18CThreatLevelInsaneD0Ev
_ZTVN7harvest4game18CThreatLevelInsaneE,4,0x0003ef8e,_ZN7harvest4game18CThreatLevelInsane20readGameModeSpecificEPN2ox2io9IReadFileEi
_ZTVN7harvest4game18CThreatLevelInsaneE,5,0x0003ef98,_ZN7harvest4game18CThreatLevelInsane21writeGameModeSpecificEPN2ox2io10IWriteFileE
_ZTVN7harvest4game18CThreatLevelInsaneE,6,0x0003efa2,_ZN7harvest4game18CThreatLevelInsane6updateEf
_ZTVN7harvest4game18CThreatLevelInsaneE,7,0x0003fae6,_ZN7harvest4game17CThreatLevelLogic12allowVictoryEv
_ZTVN7harvest4game16CThreatLevelRushE,0,0x00000000,
_ZTVN7harvest4game16CThreatLevelRushE,1,0x002637e0,_ZTIN7harvest4game16CThreatLevelRushE
_ZTVN7harvest4game16CThreatLevelRushE,2,0x0003f142,_ZN7harvest4game16CThreatLevelRushD1Ev
_ZTVN7harvest4game16CThreatLevelRushE,3,0x0003f112,_ZN7harvest4game16CThreatLevelRushD0Ev
_ZTVN7harvest4game16CThreatLevelRushE,4,0x0003f156,_ZN7harvest4game16CThreatLevelRush20readGameModeSpecificEPN2ox2io9IReadFileEi
_ZTVN7harvest4game16CThreatLevelRushE,5,0x0003f160,_ZN7harvest4game16CThreatLevelRush21writeGameModeSpecificEPN2ox2io10IWriteFileE
_ZTVN7harvest4game16CThreatLevelRushE,6,0x0003f16a,_ZN7harvest4game16CThreatLevelRush6updateEf
_ZTVN7harvest4game16CThreatLevelRushE,7,0x0003fae6,_ZN7harvest4game17CThreatLevelLogic12allowVictoryEv
_ZTVN7harvest4game16CThreatLevelWaveE,0,0x00000000,
_ZTVN7harvest4game16CThreatLevelWaveE,1,0x002637f0,_ZTIN7harvest4game16CThreatLevelWaveE
_ZTVN7harvest4game16CThreatLevelWaveE,2,0x0003f6f4,_ZN7harvest4game16CThreatLevelWaveD1Ev
_ZTVN7harvest4game16CThreatLevelWaveE,3,0x0003f6c4,_ZN7harvest4game16CThreatLevelWaveD0Ev
_ZTVN7harvest4game16CThreatLevelWaveE,4,0x0003f7be,_ZN7harvest4game16CThreatLevelWave20readGameModeSpecificEPN2ox2io9IReadFileEi
_ZTVN7harvest4game16CThreatLevelWaveE,5,0x0003f87e,_ZN7harvest4game16CThreatLevelWave21writeGameModeSpecificEPN2ox2io10IWriteFileE
_ZTVN7harvest4game16CThreatLevelWaveE,6,0x0003f938,_ZN7harvest4game16CThreatLevelWave6updateEf
_ZTVN7harvest4game16CThreatLevelWaveE,7,0x0003faee,_ZN7harvest4game16CThreatLevelWave12allowVictoryEv
_ZTVN7harvest4game20CThreatLevelCreativeE,0,0x00000000,
_ZTVN7harvest4game20CThreatLevelCreativeE,1,0x00263800,_ZTIN7harvest4game20CThreatLevelCreativeE
_ZTVN7harvest4game20CThreatLevelCreativeE,2,0x0003fa8c,_ZN7harvest4game20CThreatLevelCreativeD1Ev
_ZTVN7harvest4game20CThreatLevelCreativeE,3,0x0003fa5c,_ZN7harvest4game20CThreatLevelCreativeD0Ev
_ZTVN7harvest4game20CThreatLevelCreativeE,4,0x0003faa0,_ZN7harvest4game20CThreatLevelCreative20readGameModeSpecificEPN2ox2io9IReadFileEi
_ZTVN7harvest4game20CThreatLevelCreativeE,5,0x0003faaa,_ZN7harvest4game20CThreatLevelCreative21writeGameModeSpecificEPN2ox2io10IWriteFileE
_ZTVN7harvest4game20CThreatLevelCreativeE,6,0x0003fab4,_ZN7harvest4game20CThreatLevelCreative6updateEf
_ZTVN7harvest4game20CThreatLevelCreativeE,7,0x0003fae6,_ZN7harvest4game17CThreatLevelLogic12allowVictoryEv
_ZTVN7harvest4game6CWorldE,0,0x00000000,
_ZTVN7harvest4game6CWorldE,1,0x00263820,_ZTIN7harvest4game6CWorldE
_ZTVN7harvest4game6CWorldE,2,0x0003fe5c,_ZN7harvest4game6CWorldD1Ev
_ZTVN7harvest4game6CWorldE,3,0x0003fe2c,_ZN7harvest4game6CWorldD0Ev
_ZTVN7harvest3gfx14CScatterShaderE,0,0x00000018,
_ZTVN7harvest3gfx14CScatterShaderE,1,0x00000000,
_ZTVN7harvest3gfx14CScatterShaderE,2,0x00263870,_ZTIN7harvest3gfx14CScatterShaderE
_ZTVN7harvest3gfx14CScatterShaderE,3,0x00043bec,_ZN7harvest3gfx14CScatterShaderD1Ev
_ZTVN7harvest3gfx14CScatterShaderE,4,0x00043be2,_ZN7harvest3gfx14CScatterShaderD0Ev
_ZTVN7harvest3gfx14CScatterShaderE,5,0x00043d94,_ZN7harvest3gfx14CScatterShader14OnSetConstantsEPN2ox5video25IMaterialRendererServicesEi
_ZTVN7harvest3gfx14CScatterShaderE,6,0xffffffe8,
_ZTVN7harvest3gfx14CScatterShaderE,7,0xffffffe8,
_ZTVN7harvest3gfx14CScatterShaderE,8,0x00263870,_ZTIN7harvest3gfx14CScatterShaderE
_ZTVN7harvest3gfx14CScatterShaderE,9,0x00043c11,_ZTv0_n12_N7harvest3gfx14CScatterShaderD1Ev
_ZTVN7harvest3gfx14CScatterShaderE,10,0x00043bf1,_ZTv0_n12_N7harvest3gfx14CScatterShaderD0Ev
_ZTVN7harvest3gfx14CScatterShaderE,11,0x00000000,
_ZTVN7harvest3gui19CAchievementsScreenE,0,0x00000000,
_ZTVN7harvest3gui19CAchievementsScreenE,1,0x00263ae0,_ZTIN7harvest3gui19CAchievementsScreenE
_ZTVN7harvest3gui19CAchievementsScreenE,2,0x000446d8,_ZN7harvest3gui19CAchievementsScreen7OnEventERKN2ox5event6SEventE
_ZTVN7harvest3gui19CAchievementsScreenE,3,0x000445c2,_ZN7harvest3gui19CAchievementsScreenD1Ev
_ZTVN7harvest3gui19CAchievementsScreenE,4,0x00044592,_ZN7harvest3gui19CAchievementsScreenD0Ev
_ZTVN7harvest3gui13CGuiInfoLinesE,0,0x00000000,
_ZTVN7harvest3gui13CGuiInfoLinesE,1,0x00263b08,_ZTIN7harvest3gui13CGuiInfoLinesE
_ZTVN7harvest3gui13CGuiInfoLinesE,2,0x00046e28,_ZN7harvest3gui13CGuiInfoLinesD1Ev
_ZTVN7harvest3gui13CGuiInfoLinesE,3,0x00046df8,_ZN7harvest3gui13CGuiInfoLinesD0Ev
_ZTVN7harvest3gui16CHighscoreScreenE,0,0x00000000,
_ZTVN7harvest3gui16CHighscoreScreenE,1,0x00263c40,_ZTIN7harvest3gui16CHighscoreScreenE
_ZTVN7harvest3gui16CHighscoreScreenE,2,0x000490ee,_ZN7harvest3gui16CHighscoreScreen7OnEventERKN2ox5event6SEventE
_ZTVN7harvest3gui16CHighscoreScreenE,3,0x00047864,_ZN7harvest3gui16CHighscoreScreenD1Ev
_ZTVN7harvest3gui16CHighscoreScreenE,4,0x00047834,_ZN7harvest3gui16CHighscoreScreenD0Ev
_ZTVN7harvest3gui17CIngameMenuScreenE,0,0x00000000,
_ZTVN7harvest3gui17CIngameMenuScreenE,1,0x00263c90,_ZTIN7harvest3gui17CIngameMenuScreenE
_ZTVN7harvest3gui17CIngameMenuScreenE,2,0x0004c92e,_ZN7harvest3gui17CIngameMenuScreen7OnEventERKN2ox5event6SEventE
_ZTVN7harvest3gui17CIngameMenuScreenE,3,0x0004c8d8,_ZN7harvest3gui17CIngameMenuScreenD1Ev
_ZTVN7harvest3gui17CIngameMenuScreenE,4,0x0004c8a8,_ZN7harvest3gui17CIngameMenuScreenD0Ev
_ZTVN7harvest3gui15CMenuInfoDialogE,0,0x00000000,
_ZTVN7harvest3gui15CMenuInfoDialogE,1,0x00263cd0,_ZTIN7harvest3gui15CMenuInfoDialogE
_ZTVN7harvest3gui15CMenuInfoDialogE,2,0x0004d380,_ZN7harvest3gui15CMenuInfoDialog7OnEventERKN2ox5event6SEventE
_ZTVN7harvest3gui15CMenuInfoDialogE,3,0x0004d298,_ZN7harvest3gui15CMenuInfoDialogD1Ev
_ZTVN7harvest3gui15CMenuInfoDialogE,4,0x0004d268,_ZN7harvest3gui15CMenuInfoDialogD0Ev
_ZTVN7harvest3gui15CMenuInfoDialogE,5,0x00000000,
_ZTVN7harvest3gui15CMenuInfoDialogE,6,0x00000000,
_ZTVN7harvest3gui15CMenuInfoDialogE,7,0x00000000,
_ZTVN7harvest3gui15CPriorityScreenE,0,0x00000000,
_ZTVN7harvest3gui15CPriorityScreenE,1,0x00263d20,_ZTIN7harvest3gui15CPriorityScreenE
_ZTVN7harvest3gui15CPriorityScreenE,2,0x0004ed18,_ZN7harvest3gui15CPriorityScreen7OnEventERKN2ox5event6SEventE
_ZTVN7harvest3gui15CPriorityScreenE,3,0x0004eb98,_ZN7harvest3gui15CPriorityScreenD1Ev
_ZTVN7harvest3gui15CPriorityScreenE,4,0x0004eb68,_ZN7harvest3gui15CPriorityScreenD0Ev
_ZTVN7harvest3gui14CProfileScreenE,0,0x00000000,
_ZTVN7harvest3gui14CProfileScreenE,1,0x00263d60,_ZTIN7harvest3gui14CProfileScreenE
_ZTVN7harvest3gui14CProfileScreenE,2,0x00051278,_ZN7harvest3gui14CProfileScreen7OnEventERKN2ox5event6SEventE
_ZTVN7harvest3gui14CProfileScreenE,3,0x00051222,_ZN7harvest3gui14CProfileScreenD1Ev
_ZTVN7harvest3gui14CProfileScreenE,4,0x000511f2,_ZN7harvest3gui14CProfileScreenD0Ev
_ZTVN7harvest3gui14CProfileScreenE,5,0x00000000,
_ZTVN7harvest3gui14CProfileScreenE,6,0x00000000,
_ZTVN7harvest3gui14CProfileScreenE,7,0x00000000,
_ZTVN7harvest3gui15CSaveGameScreenE,0,0x00000000,
_ZTVN7harvest3gui15CSaveGameScreenE,1,0x00263da0,_ZTIN7harvest3gui15CSaveGameScreenE
_ZTVN7harvest3gui15CSaveGameScreenE,2,0x00053230,_ZN7harvest3gui15CSaveGameScreen7OnEventERKN2ox5event6SEventE
_ZTVN7harvest3gui15CSaveGameScreenE,3,0x0005312a,_ZN7harvest3gui15CSaveGameScreenD1Ev
_ZTVN7harvest3gui15CSaveGameScreenE,4,0x000530fa,_ZN7harvest3gui15CSaveGameScreenD0Ev
_ZTVN7harvest3gui15CSaveGameScreenE,5,0x00000000,
_ZTVN7harvest3gui15CSaveGameScreenE,6,0x00000000,
_ZTVN7harvest3gui15CSaveGameScreenE,7,0x00000000,
_ZTVN7harvest3gui15CSettingsScreenE,0,0x00000000,
_ZTVN7harvest3gui15CSettingsScreenE,1,0x00264230,_ZTIN7harvest3gui15CSettingsScreenE
_ZTVN7harvest3gui15CSettingsScreenE,2,0x00058cde,_ZN7harvest3gui15CSettingsScreen7OnEventERKN2ox5event6SEventE
_ZTVN7harvest3gui15CSettingsScreenE,3,0x000586c6,_ZN7harvest3gui15CSettingsScreenD1Ev
_ZTVN7harvest3gui15CSettingsScreenE,4,0x00058696,_ZN7harvest3gui15CSettingsScreenD0Ev
_ZTVN7harvest3gui17CStatisticsScreenE,0,0x00000000,
_ZTVN7harvest3gui17CStatisticsScreenE,1,0x002643a0,_ZTIN7harvest3gui17CStatisticsScreenE
_ZTVN7harvest3gui17CStatisticsScreenE,2,0x0005998c,_ZN7harvest3gui17CStatisticsScreen7OnEventERKN2ox5event6SEventE
_ZTVN7harvest3gui17CStatisticsScreenE,3,0x00059810,_ZN7harvest3gui17CStatisticsScreenD1Ev
_ZTVN7harvest3gui17CStatisticsScreenE,4,0x000597e0,_ZN7harvest3gui17CStatisticsScreenD0Ev
_ZTVN7harvest3gui12CStoryScreenE,0,0x00000000,
_ZTVN7harvest3gui12CStoryScreenE,1,0x002643e0,_ZTIN7harvest3gui12CStoryScreenE
_ZTVN7harvest3gui12CStoryScreenE,2,0x0005cf86,_ZN7harvest3gui12CStoryScreen7OnEventERKN2ox5event6SEventE
_ZTVN7harvest3gui12CStoryScreenE,3,0x0005c7e0,_ZN7harvest3gui12CStoryScreenD1Ev
_ZTVN7harvest3gui12CStoryScreenE,4,0x0005c7b0,_ZN7harvest3gui12CStoryScreenD0Ev
_ZTVN7harvest3gui12CStoryScreenE,5,0x00000000,
_ZTVN7harvest3gui12CStoryScreenE,6,0x00000000,
_ZTVN7harvest3gui12CStoryScreenE,7,0x00000000,
_ZTVN7harvest8settings16CAlienPrioritiesE,0,0x00000000,
_ZTVN7harvest8settings16CAlienPrioritiesE,1,0x00264408,_ZTIN7harvest8settings16CAlienPrioritiesE
_ZTVN7harvest8settings16CAlienPrioritiesE,2,0x0005d4f2,_ZN7harvest8settings16CAlienPrioritiesD1Ev
_ZTVN7harvest8settings16CAlienPrioritiesE,3,0x0005d53a,_ZN7harvest8settings16CAlienPrioritiesD0Ev
_ZTVN7harvest8settings15CHarvestProfileE,0,0x00000000,
_ZTVN7harvest8settings15CHarvestProfileE,1,0x002644c8,_ZTIN7harvest8settings15CHarvestProfileE
_ZTVN7harvest8settings15CHarvestProfileE,2,0x0005da5c,_ZN7harvest8settings15CHarvestProfileD1Ev
_ZTVN7harvest8settings15CHarvestProfileE,3,0x0005da2c,_ZN7harvest8settings15CHarvestProfileD0Ev
_ZTVN7harvest8settings15CProfileManagerE,0,0x00000000,
_ZTVN7harvest8settings15CProfileManagerE,1,0x002644e0,_ZTIN7harvest8settings15CProfileManagerE
_ZTVN7harvest8settings15CProfileManagerE,2,0x0005fd5a,_ZN7harvest8settings15CProfileManagerD1Ev
_ZTVN7harvest8settings15CProfileManagerE,3,0x0005fd2a,_ZN7harvest8settings15CProfileManagerD0Ev
_ZTVN7harvest8settings13CSystemConfigE,0,0x00000000,
_ZTVN7harvest8settings13CSystemConfigE,1,0x00264530,_ZTIN7harvest8settings13CSystemConfigE
_ZTVN7harvest8settings13CSystemConfigE,2,0x0006127e,_ZN7harvest8settings13CSystemConfigD1Ev
_ZTVN7harvest8settings13CSystemConfigE,3,0x0006124e,_ZN7harvest8settings13CSystemConfigD0Ev
_ZTVN7harvest6states11CIntroStateE,0,0x00000000,
_ZTVN7harvest6states11CIntroStateE,1,0x00264568,_ZTIN7harvest6states11CIntroStateE
_ZTVN7harvest6states11CIntroStateE,2,0x000631fc,_ZN7harvest6states11CIntroState7OnEventERKN2ox5event6SEventE
_ZTVN7harvest6states11CIntroStateE,3,0x00062ab6,_ZN7harvest6states11CIntroStateD1Ev
_ZTVN7harvest6states11CIntroStateE,4,0x00062a86,_ZN7harvest6states11CIntroStateD0Ev
_ZTVN7harvest6states11CIntroStateE,5,0x00062b88,_ZN7harvest6states11CIntroState9firstInitEPN2ox9IOxDeviceE
_ZTVN7harvest6states11CIntroStateE,6,0x00063558,_ZN7harvest6states11CIntroState11renderFirstEv
_ZTVN7harvest6states11CIntroStateE,7,0x00062c2a,_ZN7harvest6states11CIntroState10secondInitEv
_ZTVN7harvest6states11CIntroStateE,8,0x00063078,_ZN7harvest6states11CIntroState11updateStateEf
_ZTVN7harvest6states11CIntroStateE,9,0x0006355e,_ZN7harvest6states11CIntroState6renderEv
_ZTVN7harvest6states14CLoadingScreenE,0,0x00000000,
_ZTVN7harvest6states14CLoadingScreenE,1,0x00264588,_ZTIN7harvest6states14CLoadingScreenE
_ZTVN7harvest6states14CLoadingScreenE,2,0x000638e4,_ZN7harvest6states14CLoadingScreenD1Ev
_ZTVN7harvest6states14CLoadingScreenE,3,0x0006389c,_ZN7harvest6states14CLoadingScreenD0Ev
_ZTVN7harvest6states14CMainMenuStateE,0,0x00000000,
_ZTVN7harvest6states14CMainMenuStateE,1,0x00264678,_ZTIN7harvest6states14CMainMenuStateE
_ZTVN7harvest6states14CMainMenuStateE,2,0x00066fc4,_ZN7harvest6states14CMainMenuState7OnEventERKN2ox5event6SEventE
_ZTVN7harvest6states14CMainMenuStateE,3,0x0006409e,_ZN7harvest6states14CMainMenuStateD1Ev
_ZTVN7harvest6states14CMainMenuStateE,4,0x0006406e,_ZN7harvest6states14CMainMenuStateD0Ev
_ZTVN7harvest6states14CMainMenuStateE,5,0x000642b0,_ZN7harvest6states14CMainMenuState9firstInitEPN2ox9IOxDeviceE
_ZTVN7harvest6states14CMainMenuStateE,6,0x00069e4a,_ZN7harvest6states14CMainMenuState11renderFirstEv
_ZTVN7harvest6states14CMainMenuStateE,7,0x00064324,_ZN7harvest6states14CMainMenuState10secondInitEv
_ZTVN7harvest6states14CMainMenuStateE,8,0x0006636a,_ZN7harvest6states14CMainMenuState11updateStateEf
_ZTVN7harvest6states14CMainMenuStateE,9,0x00069e78,_ZN7harvest6states14CMainMenuState6renderEv
_ZTVN7harvest6states10CPlayStateE,0,0x00000000,
_ZTVN7harvest6states10CPlayStateE,1,0x00264880,_ZTIN7harvest6states10CPlayStateE
_ZTVN7harvest6states10CPlayStateE,2,0x00075120,_ZN7harvest6states10CPlayState7OnEventERKN2ox5event6SEventE
_ZTVN7harvest6states10CPlayStateE,3,0x0006b1f2,_ZN7harvest6states10CPlayStateD1Ev
_ZTVN7harvest6states10CPlayStateE,4,0x0006b1c2,_ZN7harvest6states10CPlayStateD0Ev
_ZTVN7harvest6states10CPlayStateE,5,0x0006b65c,_ZN7harvest6states10CPlayState9firstInitEPN2ox9IOxDeviceE
_ZTVN7harvest6states10CPlayStateE,6,0x0007ce56,_ZN7harvest6states10CPlayState11renderFirstEv
_ZTVN7harvest6states10CPlayStateE,7,0x0006b6e0,_ZN7harvest6states10CPlayState10secondInitEv
_ZTVN7harvest6states10CPlayStateE,8,0x00071c8a,_ZN7harvest6states10CPlayState11updateStateEf
_ZTVN7harvest6states10CPlayStateE,9,0x0007ce82,_ZN7harvest6states10CPlayState6renderEv
_ZTVN7harvest6states10CPlayStateE,10,0x0007ee12,_ZN7harvest6states10CPlayState17addParticleEntityEPN2ox5video14IParticleStateERKNS2_4core9CVector3dIfEE
_ZTVN7harvest6states10CPlayStateE,11,0x0007fac4,_ZN7harvest6states10CPlayState19getOnDieMarkerAtPosERKN2ox4core9CVector3dIfEE
_ZTVN7harvest6states10CPlayStateE,12,0x0007ef24,_ZN7harvest6states10CPlayState17playParticleSoundEPKcRKN2ox4core9CVector3dIfEE
_ZTVN7harvest6states10CPlayStateE,13,0xffffffdc,
_ZTVN7harvest6states10CPlayStateE,14,0x00264880,_ZTIN7harvest6states10CPlayStateE
_ZTVN7harvest6states10CPlayStateE,15,0x0007eefc,_ZThn36_N7harvest6states10CPlayState17addParticleEntityEPN2ox5video14IParticleStateERKNS2_4core9CVector3dIfEE
_ZTVN7harvest6states10CPlayStateE,16,0x0007facb,_ZThn36_N7harvest6states10CPlayState19getOnDieMarkerAtPosERKN2ox4core9CVector3dIfEE
_ZTVN7harvest6states10CPlayStateE,17,0x0007efe3,_ZThn36_N7harvest6states10CPlayState17playParticleSoundEPKcRKN2ox4core9CVector3dIfEE
_ZTVN7harvest6states17CShuttleRaceStateE,0,0x00000000,
_ZTVN7harvest6states17CShuttleRaceStateE,1,0x00264910,_ZTIN7harvest6states17CShuttleRaceStateE
_ZTVN7harvest6states17CShuttleRaceStateE,2,0x00080ff6,_ZN7harvest6states17CShuttleRaceState7OnEventERKN2ox5event6SEventE
_ZTVN7harvest6states17CShuttleRaceStateE,3,0x0007fe68,_ZN7harvest6states17CShuttleRaceStateD1Ev
_ZTVN7harvest6states17CShuttleRaceStateE,4,0x0007fe38,_ZN7harvest6states17CShuttleRaceStateD0Ev
_ZTVN7harvest6states17CShuttleRaceStateE,5,0x0007ffc8,_ZN7harvest6states17CShuttleRaceState9firstInitEPN2ox9IOxDeviceE
_ZTVN7harvest6states17CShuttleRaceStateE,6,0x000810f2,_ZN7harvest6states17CShuttleRaceState11renderFirstEv
_ZTVN7harvest6states17CShuttleRaceStateE,7,0x00080050,_ZN7harvest6states17CShuttleRaceState10secondInitEv
_ZTVN7harvest6states17CShuttleRaceStateE,8,0x00080944,_ZN7harvest6states17CShuttleRaceState11updateStateEf
_ZTVN7harvest6states17CShuttleRaceStateE,9,0x00081120,_ZN7harvest6states17CShuttleRaceState6renderEv
_ZTVN7harvest6states17CShuttleRaceStateE,10,0x00081f10,_ZN7harvest6states17CShuttleRaceState17addParticleEntityEPN2ox5video14IParticleStateERKNS2_4core9CVector3dIfEE
_ZTVN7harvest6states17CShuttleRaceStateE,11,0x000820b8,_ZN7harvest6states17CShuttleRaceState19getOnDieMarkerAtPosERKN2ox4core9CVector3dIfEE
_ZTVN7harvest6states17CShuttleRaceStateE,12,0x00082040,_ZN7harvest6states17CShuttleRaceState17playParticleSoundEPKcRKN2ox4core9CVector3dIfEE
_ZTVN7harvest6states17CShuttleRaceStateE,13,0x00080848,_ZNK7harvest6states17CShuttleRaceState13getDoodadSeedEv
_ZTVN7harvest6states17CShuttleRaceStateE,14,0x0008085c,_ZN7harvest6states17CShuttleRaceState22applyInitialExpansionsEPNS_4game6CWorldE
_ZTVN7harvest6states17CShuttleRaceStateE,15,0xffffffdc,
_ZTVN7harvest6states17CShuttleRaceStateE,16,0x00264910,_ZTIN7harvest6states17CShuttleRaceStateE
_ZTVN7harvest6states17CShuttleRaceStateE,17,0x0007ffae,_ZThn36_N7harvest6states17CShuttleRaceStateD1Ev
_ZTVN7harvest6states17CShuttleRaceStateE,18,0x0007fe71,_ZThn36_N7harvest6states17CShuttleRaceStateD0Ev
_ZTVN7harvest6states17CShuttleRaceStateE,19,0x00080852,_ZThn36_NK7harvest6states17CShuttleRaceState13getDoodadSeedEv
_ZTVN7harvest6states17CShuttleRaceStateE,20,0x0008092c,_ZThn36_N7harvest6states17CShuttleRaceState22applyInitialExpansionsEPNS_4game6CWorldE
_ZTVN7harvest6states17CShuttleRaceStateE,21,0xffffffd8,
_ZTVN7harvest6states17CShuttleRaceStateE,22,0x00264910,_ZTIN7harvest6states17CShuttleRaceStateE
_ZTVN7harvest6states17CShuttleRaceStateE,23,0x00082019,_ZThn40_N7harvest6states17CShuttleRaceState17addParticleEntityEPN2ox5video14IParticleStateERKNS2_4core9CVector3dIfEE
_ZTVN7harvest6states17CShuttleRaceStateE,24,0x000820bf,_ZThn40_N7harvest6states17CShuttleRaceState19getOnDieMarkerAtPosERKN2ox4core9CVector3dIfEE
_ZTVN7harvest6states17CShuttleRaceStateE,25,0x0008207c,_ZThn40_N7harvest6states17CShuttleRaceState17playParticleSoundEPKcRKN2ox4core9CVector3dIfEE
_ZTVN7harvest6states17CShuttleRaceStateE,26,0x00000000,
_ZTVN7harvest6states17CShuttleRaceStateE,27,0x00000000,
_ZTVN5daisy3gui10CGUIButtonE,0,0x00000000,
_ZTVN5daisy3gui10CGUIButtonE,1,0x00264bb8,_ZTIN5daisy3gui10CGUIButtonE
_ZTVN5daisy3gui10CGUIButtonE,2,0x000a0cd8,_ZN5daisy3gui10CGUIButtonD1Ev
_ZTVN5daisy3gui10CGUIButtonE,3,0x000a0ca8,_ZN5daisy3gui10CGUIButtonD0Ev
_ZTVN5daisy3gui10CGUIButtonE,4,0x000aac06,_ZN2ox3gui11IGUIElement19setRelativePositionERKNS_4core5CRectIiEE
_ZTVN5daisy3gui10CGUIButtonE,5,0x000ae4ba,_ZN2ox3gui11IGUIElement29getParentAbsoluteClippingRectEb
_ZTVN5daisy3gui10CGUIButtonE,6,0x000aad94,_ZN2ox3gui11IGUIElement22updateAbsolutePositionEv
_ZTVN5daisy3gui10CGUIButtonE,7,0x000aaa08,_ZN2ox3gui11IGUIElement8addChildEPS1_
_ZTVN5daisy3gui10CGUIButtonE,8,0x000ae510,_ZN2ox3gui11IGUIElement11removeChildEPS1_
_ZTVN5daisy3gui10CGUIButtonE,9,0x000aae9e,_ZN2ox3gui11IGUIElement17removeAllChildrenEv
_ZTVN5daisy3gui10CGUIButtonE,10,0x00173520,_ZN2ox3gui11IGUIElement6removeEv
_ZTVN5daisy3gui10CGUIButtonE,11,0x000a10a0,_ZN5daisy3gui10CGUIButton4drawEv
_ZTVN5daisy3gui10CGUIButtonE,12,0x000aafc2,_ZN2ox3gui11IGUIElement4moveENS_4core11CPosition2dIiEE
_ZTVN5daisy3gui10CGUIButtonE,13,0x000aafea,_ZN2ox3gui11IGUIElement6moveToENS_4core11CPosition2dIiEE
_ZTVN5daisy3gui10CGUIButtonE,14,0x000ab034,_ZN2ox3gui11IGUIElement12centerOnRectERKNS_4core5CRectIiEE
_ZTVN5daisy3gui10CGUIButtonE,15,0x000ab08a,_ZN2ox3gui11IGUIElement14centerOnParentEv
_ZTVN5daisy3gui10CGUIButtonE,16,0x000ab0c6,_ZN2ox3gui11IGUIElement9isVisibleEv
_ZTVN5daisy3gui10CGUIButtonE,17,0x000ab0d6,_ZN2ox3gui11IGUIElement10setVisibleEb
_ZTVN5daisy3gui10CGUIButtonE,18,0x000ab0e4,_ZN2ox3gui11IGUIElement9isEnabledEv
_ZTVN5daisy3gui10CGUIButtonE,19,0x000ab0f4,_ZN2ox3gui11IGUIElement10setEnabledEb
_ZTVN5daisy3gui10CGUIButtonE,20,0x000ab12e,_ZN2ox3gui11IGUIElement7isFixedEv
_ZTVN5daisy3gui10CGUIButtonE,21,0x000ab13e,_ZN2ox3gui11IGUIElement8setFixedEb
_ZTVN5daisy3gui10CGUIButtonE,22,0x000ab14c,_ZN2ox3gui11IGUIElement11isInvisibleEv
_ZTVN5daisy3gui10CGUIButtonE,23,0x000ab15c,_ZN2ox3gui11IGUIElement12setInvisibleEb
_ZTVN5daisy3gui10CGUIButtonE,24,0x000ab16a,_ZN2ox3gui11IGUIElement16doesReportOnDrawEv
_ZTVN5daisy3gui10CGUIButtonE,25,0x000ab17c,_ZN2ox3gui11IGUIElement15setReportOnDrawEi
_ZTVN5daisy3gui10CGUIButtonE,26,0x000ab18a,_ZN2ox3gui11IGUIElement7setTextEPKw
_ZTVN5daisy3gui10CGUIButtonE,27,0x000ab1aa,_ZNK2ox3gui11IGUIElement7getTextEv
_ZTVN5daisy3gui10CGUIButtonE,28,0x000ab1b6,_ZN2ox3gui11IGUIElement5getIDEv
_ZTVN5daisy3gui10CGUIButtonE,29,0x000ab1c2,_ZN2ox3gui11IGUIElement5setIDEi
_ZTVN5daisy3gui10CGUIButtonE,30,0x000ab1d0,_ZN2ox3gui11IGUIElement7getTypeEv
_ZTVN5daisy3gui10CGUIButtonE,31,0x000a0d9a,_ZN5daisy3gui10CGUIButton7OnEventERKN2ox5event6SEventE
_ZTVN5daisy3gui10CGUIButtonE,32,0x000ab1dc,_ZN2ox3gui11IGUIElement22OnEventInNonFocusStateERKNS_5event6SEventE
_ZTVN5daisy3gui10CGUIButtonE,33,0x000ab218,_ZN2ox3gui11IGUIElement12bringToFrontEPS1_
_ZTVN5daisy3gui10CGUIButtonE,34,0x000ab270,_ZN2ox3gui11IGUIElement11getChildrenEv
_ZTVN5daisy3gui10CGUIButtonE,35,0x000ab27c,_ZN2ox3gui11IGUIElement16getElementFromIdEib
_ZTVN5daisy3gui10CGUIButtonE,36,0x000ab2d8,_ZN2ox3gui11IGUIElement12getHoverItemEv
_ZTVN5daisy3gui10CGUIButtonE,37,0x000ab2e4,_ZN2ox3gui11IGUIElement12setHoverItemEPS1_
_ZTVN5daisy3gui10CGUIButtonE,38,0x000ab334,_ZN2ox3gui11IGUIElement16getPreferredSizeEv
_ZTVN5daisy3gui10CGUIButtonE,39,0x000a153c,_ZN5daisy3gui10CGUIButton15setOverrideFontEPN2ox3gui8IGUIFontE
_ZTVN5daisy3gui10CGUIButtonE,40,0x000a1578,_ZN5daisy3gui10CGUIButton16setOverrideColorERKN2ox5video6SColorE
_ZTVN5daisy3gui10CGUIButtonE,41,0x000a1592,_ZN5daisy3gui10CGUIButton13setAnimationsEPN2ox5video14ISpritePackageEPKcb
_ZTVN5daisy3gui10CGUIButtonE,42,0x000a173e,_ZN5daisy3gui10CGUIButton15setIsPushButtonEb
_ZTVN5daisy3gui10CGUIButtonE,43,0x000a1766,_ZN5daisy3gui10CGUIButton10setPressedEb
_ZTVN5daisy3gui10CGUIButtonE,44,0x000a1750,_ZN5daisy3gui10CGUIButton9isPressedEv
_ZTVN5daisy3gui10CGUIButtonE,45,0x000a1506,_ZN5daisy3gui10CGUIButton15fakeButtonClickEv
_ZTVN5daisy3gui10CGUIButtonE,46,0xfffffff4,
_ZTVN5daisy3gui10CGUIButtonE,47,0x00264bb8,_ZTIN5daisy3gui10CGUIButtonE
_ZTVN5daisy3gui10CGUIButtonE,48,0x000a107c,_ZThn12_N5daisy3gui10CGUIButton7OnEventERKN2ox5event6SEventE
_ZTVN5daisy3gui10CGUIButtonE,49,0x000a0d80,_ZThn12_N5daisy3gui10CGUIButtonD1Ev
_ZTVN5daisy3gui10CGUIButtonE,50,0x000a0ce1,_ZThn12_N5daisy3gui10CGUIButtonD0Ev
_ZTVN5daisy3gui14CGUITextButtonE,0,0x00000000,
_ZTVN5daisy3gui14CGUITextButtonE,1,0x00264bc8,_ZTIN5daisy3gui14CGUITextButtonE
_ZTVN5daisy3gui14CGUITextButtonE,2,0x000a1ae2,_ZN5daisy3gui14CGUITextButtonD1Ev
_ZTVN5daisy3gui14CGUITextButtonE,3,0x000a1ab2,_ZN5daisy3gui14CGUITextButtonD0Ev
_ZTVN5daisy3gui14CGUITextButtonE,4,0x000aac06,_ZN2ox3gui11IGUIElement19setRelativePositionERKNS_4core5CRectIiEE
_ZTVN5daisy3gui14CGUITextButtonE,5,0x000ae4ba,_ZN2ox3gui11IGUIElement29getParentAbsoluteClippingRectEb
_ZTVN5daisy3gui14CGUITextButtonE,6,0x000aad94,_ZN2ox3gui11IGUIElement22updateAbsolutePositionEv
_ZTVN5daisy3gui14CGUITextButtonE,7,0x000aaa08,_ZN2ox3gui11IGUIElement8addChildEPS1_
_ZTVN5daisy3gui14CGUITextButtonE,8,0x000ae510,_ZN2ox3gui11IGUIElement11removeChildEPS1_
_ZTVN5daisy3gui14CGUITextButtonE,9,0x000aae9e,_ZN2ox3gui11IGUIElement17removeAllChildrenEv
_ZTVN5daisy3gui14CGUITextButtonE,10,0x00173520,_ZN2ox3gui11IGUIElement6removeEv
_ZTVN5daisy3gui14CGUITextButtonE,11,0x000a1cc2,_ZN5daisy3gui14CGUITextButton4drawEv
_ZTVN5daisy3gui14CGUITextButtonE,12,0x000aafc2,_ZN2ox3gui11IGUIElement4moveENS_4core11CPosition2dIiEE
_ZTVN5daisy3gui14CGUITextButtonE,13,0x000aafea,_ZN2ox3gui11IGUIElement6moveToENS_4core11CPosition2dIiEE
_ZTVN5daisy3gui14CGUITextButtonE,14,0x000ab034,_ZN2ox3gui11IGUIElement12centerOnRectERKNS_4core5CRectIiEE
_ZTVN5daisy3gui14CGUITextButtonE,15,0x000ab08a,_ZN2ox3gui11IGUIElement14centerOnParentEv
_ZTVN5daisy3gui14CGUITextButtonE,16,0x000ab0c6,_ZN2ox3gui11IGUIElement9isVisibleEv
_ZTVN5daisy3gui14CGUITextButtonE,17,0x000ab0d6,_ZN2ox3gui11IGUIElement10setVisibleEb
_ZTVN5daisy3gui14CGUITextButtonE,18,0x000ab0e4,_ZN2ox3gui11IGUIElement9isEnabledEv
_ZTVN5daisy3gui14CGUITextButtonE,19,0x000ab0f4,_ZN2ox3gui11IGUIElement10setEnabledEb
_ZTVN5daisy3gui14CGUITextButtonE,20,0x000ab12e,_ZN2ox3gui11IGUIElement7isFixedEv
_ZTVN5daisy3gui14CGUITextButtonE,21,0x000ab13e,_ZN2ox3gui11IGUIElement8setFixedEb
_ZTVN5daisy3gui14CGUITextButtonE,22,0x000ab14c,_ZN2ox3gui11IGUIElement11isInvisibleEv
_ZTVN5daisy3gui14CGUITextButtonE,23,0x000ab15c,_ZN2ox3gui11IGUIElement12setInvisibleEb
_ZTVN5daisy3gui14CGUITextButtonE,24,0x000ab16a,_ZN2ox3gui11IGUIElement16doesReportOnDrawEv
_ZTVN5daisy3gui14CGUITextButtonE,25,0x000ab17c,_ZN2ox3gui11IGUIElement15setReportOnDrawEi
_ZTVN5daisy3gui14CGUITextButtonE,26,0x000ab18a,_ZN2ox3gui11IGUIElement7setTextEPKw
_ZTVN5daisy3gui14CGUITextButtonE,27,0x000ab1aa,_ZNK2ox3gui11IGUIElement7getTextEv
_ZTVN5daisy3gui14CGUITextButtonE,28,0x000ab1b6,_ZN2ox3gui11IGUIElement5getIDEv
_ZTVN5daisy3gui14CGUITextButtonE,29,0x000ab1c2,_ZN2ox3gui11IGUIElement5setIDEi
_ZTVN5daisy3gui14CGUITextButtonE,30,0x000ab1d0,_ZN2ox3gui11IGUIElement7getTypeEv
_ZTVN5daisy3gui14CGUITextButtonE,31,0x000a1bb6,_ZN5daisy3gui14CGUITextButton7OnEventERKN2ox5event6SEventE
_ZTVN5daisy3gui14CGUITextButtonE,32,0x000ab1dc,_ZN2ox3gui11IGUIElement22OnEventInNonFocusStateERKNS_5event6SEventE
_ZTVN5daisy3gui14CGUITextButtonE,33,0x000ab218,_ZN2ox3gui11IGUIElement12bringToFrontEPS1_
_ZTVN5daisy3gui14CGUITextButtonE,34,0x000ab270,_ZN2ox3gui11IGUIElement11getChildrenEv
_ZTVN5daisy3gui14CGUITextButtonE,35,0x000ab27c,_ZN2ox3gui11IGUIElement16getElementFromIdEib
_ZTVN5daisy3gui14CGUITextButtonE,36,0x000ab2d8,_ZN2ox3gui11IGUIElement12getHoverItemEv
_ZTVN5daisy3gui14CGUITextButtonE,37,0x000ab2e4,_ZN2ox3gui11IGUIElement12setHoverItemEPS1_
_ZTVN5daisy3gui14CGUITextButtonE,38,0x000ab334,_ZN2ox3gui11IGUIElement16getPreferredSizeEv
_ZTVN5daisy3gui14CGUITextButtonE,39,0x000a1ba4,_ZN5daisy3gui14CGUITextButton12setTextColorEN2ox5video6SColorE
_ZTVN5daisy3gui14CGUITextButtonE,40,0xfffffff4,
_ZTVN5daisy3gui14CGUITextButtonE,41,0x00264bc8,_ZTIN5daisy3gui14CGUITextButtonE
_ZTVN5daisy3gui14CGUITextButtonE,42,0x000a1c9e,_ZThn12_N5daisy3gui14CGUITextButton7OnEventERKN2ox5event6SEventE
_ZTVN5daisy3gui14CGUITextButtonE,43,0x000a1b8b,_ZThn12_N5daisy3gui14CGUITextButtonD1Ev
_ZTVN5daisy3gui14CGUITextButtonE,44,0x000a1aeb,_ZThn12_N5daisy3gui14CGUITextButtonD0Ev
_ZTVN5daisy3gui14CGUITextButtonE,45,0x00000000,
_ZTVN5daisy3gui12CGUICheckBoxE,0,0x00000000,
_ZTVN5daisy3gui12CGUICheckBoxE,1,0x00264cc0,_ZTIN5daisy3gui12CGUICheckBoxE
_ZTVN5daisy3gui12CGUICheckBoxE,2,0x000a220c,_ZN5daisy3gui12CGUICheckBoxD1Ev
_ZTVN5daisy3gui12CGUICheckBoxE,3,0x000a21dc,_ZN5daisy3gui12CGUICheckBoxD0Ev
_ZTVN5daisy3gui12CGUICheckBoxE,4,0x000aac06,_ZN2ox3gui11IGUIElement19setRelativePositionERKNS_4core5CRectIiEE
_ZTVN5daisy3gui12CGUICheckBoxE,5,0x000ae4ba,_ZN2ox3gui11IGUIElement29getParentAbsoluteClippingRectEb
_ZTVN5daisy3gui12CGUICheckBoxE,6,0x000aad94,_ZN2ox3gui11IGUIElement22updateAbsolutePositionEv
_ZTVN5daisy3gui12CGUICheckBoxE,7,0x000aaa08,_ZN2ox3gui11IGUIElement8addChildEPS1_
_ZTVN5daisy3gui12CGUICheckBoxE,8,0x000ae510,_ZN2ox3gui11IGUIElement11removeChildEPS1_
_ZTVN5daisy3gui12CGUICheckBoxE,9,0x000aae9e,_ZN2ox3gui11IGUIElement17removeAllChildrenEv
_ZTVN5daisy3gui12CGUICheckBoxE,10,0x00173520,_ZN2ox3gui11IGUIElement6removeEv
_ZTVN5daisy3gui12CGUICheckBoxE,11,0x000a23e4,_ZN5daisy3gui12CGUICheckBox4drawEv
_ZTVN5daisy3gui12CGUICheckBoxE,12,0x000aafc2,_ZN2ox3gui11IGUIElement4moveENS_4core11CPosition2dIiEE
_ZTVN5daisy3gui12CGUICheckBoxE,13,0x000aafea,_ZN2ox3gui11IGUIElement6moveToENS_4core11CPosition2dIiEE
_ZTVN5daisy3gui12CGUICheckBoxE,14,0x000ab034,_ZN2ox3gui11IGUIElement12centerOnRectERKNS_4core5CRectIiEE
_ZTVN5daisy3gui12CGUICheckBoxE,15,0x000ab08a,_ZN2ox3gui11IGUIElement14centerOnParentEv
_ZTVN5daisy3gui12CGUICheckBoxE,16,0x000ab0c6,_ZN2ox3gui11IGUIElement9isVisibleEv
_ZTVN5daisy3gui12CGUICheckBoxE,17,0x000ab0d6,_ZN2ox3gui11IGUIElement10setVisibleEb
_ZTVN5daisy3gui12CGUICheckBoxE,18,0x000ab0e4,_ZN2ox3gui11IGUIElement9isEnabledEv
_ZTVN5daisy3gui12CGUICheckBoxE,19,0x000ab0f4,_ZN2ox3gui11IGUIElement10setEnabledEb
_ZTVN5daisy3gui12CGUICheckBoxE,20,0x000ab12e,_ZN2ox3gui11IGUIElement7isFixedEv
_ZTVN5daisy3gui12CGUICheckBoxE,21,0x000ab13e,_ZN2ox3gui11IGUIElement8setFixedEb
_ZTVN5daisy3gui12CGUICheckBoxE,22,0x000ab14c,_ZN2ox3gui11IGUIElement11isInvisibleEv
_ZTVN5daisy3gui12CGUICheckBoxE,23,0x000ab15c,_ZN2ox3gui11IGUIElement12setInvisibleEb
_ZTVN5daisy3gui12CGUICheckBoxE,24,0x000ab16a,_ZN2ox3gui11IGUIElement16doesReportOnDrawEv
_ZTVN5daisy3gui12CGUICheckBoxE,25,0x000ab17c,_ZN2ox3gui11IGUIElement15setReportOnDrawEi
_ZTVN5daisy3gui12CGUICheckBoxE,26,0x000ab18a,_ZN2ox3gui11IGUIElement7setTextEPKw
_ZTVN5daisy3gui12CGUICheckBoxE,27,0x000ab1aa,_ZNK2ox3gui11IGUIElement7getTextEv
_ZTVN5daisy3gui12CGUICheckBoxE,28,0x000ab1b6,_ZN2ox3gui11IGUIElement5getIDEv
_ZTVN5daisy3gui12CGUICheckBoxE,29,0x000ab1c2,_ZN2ox3gui11IGUIElement5setIDEi
_ZTVN5daisy3gui12CGUICheckBoxE,30,0x000ab1d0,_ZN2ox3gui11IGUIElement7getTypeEv
_ZTVN5daisy3gui12CGUICheckBoxE,31,0x000a22aa,_ZN5daisy3gui12CGUICheckBox7OnEventERKN2ox5event6SEventE
_ZTVN5daisy3gui12CGUICheckBoxE,32,0x000ab1dc,_ZN2ox3gui11IGUIElement22OnEventInNonFocusStateERKNS_5event6SEventE
_ZTVN5daisy3gui12CGUICheckBoxE,33,0x000ab218,_ZN2ox3gui11IGUIElement12bringToFrontEPS1_
_ZTVN5daisy3gui12CGUICheckBoxE,34,0x000ab270,_ZN2ox3gui11IGUIElement11getChildrenEv
_ZTVN5daisy3gui12CGUICheckBoxE,35,0x000ab27c,_ZN2ox3gui11IGUIElement16getElementFromIdEib
_ZTVN5daisy3gui12CGUICheckBoxE,36,0x000ab2d8,_ZN2ox3gui11IGUIElement12getHoverItemEv
_ZTVN5daisy3gui12CGUICheckBoxE,37,0x000ab2e4,_ZN2ox3gui11IGUIElement12setHoverItemEPS1_
_ZTVN5daisy3gui12CGUICheckBoxE,38,0x000ab334,_ZN2ox3gui11IGUIElement16getPreferredSizeEv
_ZTVN5daisy3gui12CGUICheckBoxE,39,0x000a2836,_ZN5daisy3gui12CGUICheckBox10setCheckedEb
_ZTVN5daisy3gui12CGUICheckBoxE,40,0x000a2848,_ZN5daisy3gui12CGUICheckBox9isCheckedEv
_ZTVN5daisy3gui12CGUICheckBoxE,41,0x000a285a,_ZN5daisy3gui12CGUICheckBox13setAnimationsEPN2ox5video14ISpritePackageEPKc
_ZTVN5daisy3gui12CGUICheckBoxE,42,0x000a2ab4,_ZN5daisy3gui12CGUICheckBox12setTextColorEN2ox5video6SColorE
_ZTVN5daisy3gui12CGUICheckBoxE,43,0x000a2ac6,_ZN5daisy3gui12CGUICheckBox11setTextFontEPN2ox3gui8IGUIFontE
_ZTVN5daisy3gui12CGUICheckBoxE,44,0x000a2ad8,_ZN5daisy3gui12CGUICheckBox11updateWidthEv
_ZTVN5daisy3gui12CGUICheckBoxE,45,0xfffffff4,
_ZTVN5daisy3gui12CGUICheckBoxE,46,0x00264cc0,_ZTIN5daisy3gui12CGUICheckBoxE
_ZTVN5daisy3gui12CGUICheckBoxE,47,0x000a23c1,_ZThn12_N5daisy3gui12CGUICheckBox7OnEventERKN2ox5event6SEventE
_ZTVN5daisy3gui12CGUICheckBoxE,48,0x000a2291,_ZThn12_N5daisy3gui12CGUICheckBoxD1Ev
_ZTVN5daisy3gui12CGUICheckBoxE,49,0x000a2215,_ZThn12_N5daisy3gui12CGUICheckBoxD0Ev
_ZTVN5daisy3gui10CClickAreaE,0,0x00000000,
_ZTVN5daisy3gui10CClickAreaE,1,0x00264d98,_ZTIN5daisy3gui10CClickAreaE
_ZTVN5daisy3gui10CClickAreaE,2,0x000a2d1c,_ZN5daisy3gui10CClickAreaD1Ev
_ZTVN5daisy3gui10CClickAreaE,3,0x000a2cec,_ZN5daisy3gui10CClickAreaD0Ev
_ZTVN5daisy3gui10CClickAreaE,4,0x000aac06,_ZN2ox3gui11IGUIElement19setRelativePositionERKNS_4core5CRectIiEE
_ZTVN5daisy3gui10CClickAreaE,5,0x000aac8a,_ZN2ox3gui10IGUILayout29getParentAbsoluteClippingRectEb
_ZTVN5daisy3gui10CClickAreaE,6,0x000aad94,_ZN2ox3gui11IGUIElement22updateAbsolutePositionEv
_ZTVN5daisy3gui10CClickAreaE,7,0x000aaa08,_ZN2ox3gui11IGUIElement8addChildEPS1_
_ZTVN5daisy3gui10CClickAreaE,8,0x000ae510,_ZN2ox3gui11IGUIElement11removeChildEPS1_
_ZTVN5daisy3gui10CClickAreaE,9,0x000aae9e,_ZN2ox3gui11IGUIElement17removeAllChildrenEv
_ZTVN5daisy3gui10CClickAreaE,10,0x00173520,_ZN2ox3gui11IGUIElement6removeEv
_ZTVN5daisy3gui10CClickAreaE,11,0x000a2e3c,_ZN5daisy3gui10CClickArea4drawEv
_ZTVN5daisy3gui10CClickAreaE,12,0x000aafc2,_ZN2ox3gui11IGUIElement4moveENS_4core11CPosition2dIiEE
_ZTVN5daisy3gui10CClickAreaE,13,0x000aafea,_ZN2ox3gui11IGUIElement6moveToENS_4core11CPosition2dIiEE
_ZTVN5daisy3gui10CClickAreaE,14,0x000ab034,_ZN2ox3gui11IGUIElement12centerOnRectERKNS_4core5CRectIiEE
_ZTVN5daisy3gui10CClickAreaE,15,0x000ab08a,_ZN2ox3gui11IGUIElement14centerOnParentEv
_ZTVN5daisy3gui10CClickAreaE,16,0x000ab0c6,_ZN2ox3gui11IGUIElement9isVisibleEv
_ZTVN5daisy3gui10CClickAreaE,17,0x000ab0d6,_ZN2ox3gui11IGUIElement10setVisibleEb
_ZTVN5daisy3gui10CClickAreaE,18,0x000ab0e4,_ZN2ox3gui11IGUIElement9isEnabledEv
_ZTVN5daisy3gui10CClickAreaE,19,0x000ab0f4,_ZN2ox3gui11IGUIElement10setEnabledEb
_ZTVN5daisy3gui10CClickAreaE,20,0x000ab12e,_ZN2ox3gui11IGUIElement7isFixedEv
_ZTVN5daisy3gui10CClickAreaE,21,0x000ab13e,_ZN2ox3gui11IGUIElement8setFixedEb
_ZTVN5daisy3gui10CClickAreaE,22,0x000ab14c,_ZN2ox3gui11IGUIElement11isInvisibleEv
_ZTVN5daisy3gui10CClickAreaE,23,0x000ab15c,_ZN2ox3gui11IGUIElement12setInvisibleEb
_ZTVN5daisy3gui10CClickAreaE,24,0x000ab16a,_ZN2ox3gui11IGUIElement16doesReportOnDrawEv
_ZTVN5daisy3gui10CClickAreaE,25,0x000ab17c,_ZN2ox3gui11IGUIElement15setReportOnDrawEi
_ZTVN5daisy3gui10CClickAreaE,26,0x000ab18a,_ZN2ox3gui11IGUIElement7setTextEPKw
_ZTVN5daisy3gui10CClickAreaE,27,0x000ab1aa,_ZNK2ox3gui11IGUIElement7getTextEv
_ZTVN5daisy3gui10CClickAreaE,28,0x000ab1b6,_ZN2ox3gui11IGUIElement5getIDEv
_ZTVN5daisy3gui10CClickAreaE,29,0x000ab1c2,_ZN2ox3gui11IGUIElement5setIDEi
_ZTVN5daisy3gui10CClickAreaE,30,0x000ab1d0,_ZN2ox3gui11IGUIElement7getTypeEv
_ZTVN5daisy3gui10CClickAreaE,31,0x000a2d60,_ZN5daisy3gui10CClickArea7OnEventERKN2ox5event6SEventE
_ZTVN5daisy3gui10CClickAreaE,32,0x000ab1dc,_ZN2ox3gui11IGUIElement22OnEventInNonFocusStateERKNS_5event6SEventE
_ZTVN5daisy3gui10CClickAreaE,33,0x000ab218,_ZN2ox3gui11IGUIElement12bringToFrontEPS1_
_ZTVN5daisy3gui10CClickAreaE,34,0x000ab270,_ZN2ox3gui11IGUIElement11getChildrenEv
_ZTVN5daisy3gui10CClickAreaE,35,0x000ab27c,_ZN2ox3gui11IGUIElement16getElementFromIdEib
_ZTVN5daisy3gui10CClickAreaE,36,0x000ab2d8,_ZN2ox3gui11IGUIElement12getHoverItemEv
_ZTVN5daisy3gui10CClickAreaE,37,0x000ab2e4,_ZN2ox3gui11IGUIElement12setHoverItemEPS1_
_ZTVN5daisy3gui10CClickAreaE,38,0x000ab334,_ZN2ox3gui11IGUIElement16getPreferredSizeEv
_ZTVN5daisy3gui10CClickAreaE,39,0x000ab352,_ZN2ox3gui10IGUILayout8sortFlowEiibb
_ZTVN5daisy3gui10CClickAreaE,40,0x000ab5cc,_ZN2ox3gui10IGUILayout14sortVerticallyEib
_ZTVN5daisy3gui10CClickAreaE,41,0x000ab6c2,_ZN2ox3gui10IGUILayout16sortHorizontallyEi
_ZTVN5daisy3gui10CClickAreaE,42,0x000ab7a2,_ZN2ox3gui10IGUILayout9sortRiverEbiib
_ZTVN5daisy3gui10CClickAreaE,43,0x000ac424,_ZN2ox3gui10IGUILayout14getContentAreaEv
_ZTVN5daisy3gui10CClickAreaE,44,0x000ac450,_ZN2ox3gui10IGUILayout28updateChildrenForContentAreaEv
_ZTVN5daisy3gui10CClickAreaE,45,0xfffffff4,
_ZTVN5daisy3gui10CClickAreaE,46,0x00264d98,_ZTIN5daisy3gui10CClickAreaE
_ZTVN5daisy3gui10CClickAreaE,47,0x000a2e18,_ZThn12_N5daisy3gui10CClickArea7OnEventERKN2ox5event6SEventE
_ZTVN5daisy3gui10CClickAreaE,48,0x000a2d47,_ZThn12_N5daisy3gui10CClickAreaD1Ev
_ZTVN5daisy3gui10CClickAreaE,49,0x000a2d25,_ZThn12_N5daisy3gui10CClickAreaD0Ev
_ZTVN5daisy3gui12CGUIComboBoxE,0,0x00000000,
_ZTVN5daisy3gui12CGUIComboBoxE,1,0x00264e88,_ZTIN5daisy3gui12CGUIComboBoxE
_ZTVN5daisy3gui12CGUIComboBoxE,2,0x000a310e,_ZN5daisy3gui12CGUIComboBoxD1Ev
_ZTVN5daisy3gui12CGUIComboBoxE,3,0x000a30de,_ZN5daisy3gui12CGUIComboBoxD0Ev
_ZTVN5daisy3gui12CGUIComboBoxE,4,0x000a31cc,_ZN5daisy3gui12CGUIComboBox19setRelativePositionERKN2ox4core5CRectIiEE
_ZTVN5daisy3gui12CGUIComboBoxE,5,0x000ae4ba,_ZN2ox3gui11IGUIElement29getParentAbsoluteClippingRectEb
_ZTVN5daisy3gui12CGUIComboBoxE,6,0x000aad94,_ZN2ox3gui11IGUIElement22updateAbsolutePositionEv
_ZTVN5daisy3gui12CGUIComboBoxE,7,0x000aaa08,_ZN2ox3gui11IGUIElement8addChildEPS1_
_ZTVN5daisy3gui12CGUIComboBoxE,8,0x000ae510,_ZN2ox3gui11IGUIElement11removeChildEPS1_
_ZTVN5daisy3gui12CGUIComboBoxE,9,0x000aae9e,_ZN2ox3gui11IGUIElement17removeAllChildrenEv
_ZTVN5daisy3gui12CGUIComboBoxE,10,0x00173520,_ZN2ox3gui11IGUIElement6removeEv
_ZTVN5daisy3gui12CGUIComboBoxE,11,0x000a3892,_ZN5daisy3gui12CGUIComboBox4drawEv
_ZTVN5daisy3gui12CGUIComboBoxE,12,0x000aafc2,_ZN2ox3gui11IGUIElement4moveENS_4core11CPosition2dIiEE
_ZTVN5daisy3gui12CGUIComboBoxE,13,0x000aafea,_ZN2ox3gui11IGUIElement6moveToENS_4core11CPosition2dIiEE
_ZTVN5daisy3gui12CGUIComboBoxE,14,0x000ab034,_ZN2ox3gui11IGUIElement12centerOnRectERKNS_4core5CRectIiEE
_ZTVN5daisy3gui12CGUIComboBoxE,15,0x000ab08a,_ZN2ox3gui11IGUIElement14centerOnParentEv
_ZTVN5daisy3gui12CGUIComboBoxE,16,0x000ab0c6,_ZN2ox3gui11IGUIElement9isVisibleEv
_ZTVN5daisy3gui12CGUIComboBoxE,17,0x000ab0d6,_ZN2ox3gui11IGUIElement10setVisibleEb
_ZTVN5daisy3gui12CGUIComboBoxE,18,0x000ab0e4,_ZN2ox3gui11IGUIElement9isEnabledEv
_ZTVN5daisy3gui12CGUIComboBoxE,19,0x000ab0f4,_ZN2ox3gui11IGUIElement10setEnabledEb
_ZTVN5daisy3gui12CGUIComboBoxE,20,0x000ab12e,_ZN2ox3gui11IGUIElement7isFixedEv
_ZTVN5daisy3gui12CGUIComboBoxE,21,0x000ab13e,_ZN2ox3gui11IGUIElement8setFixedEb
_ZTVN5daisy3gui12CGUIComboBoxE,22,0x000ab14c,_ZN2ox3gui11IGUIElement11isInvisibleEv
_ZTVN5daisy3gui12CGUIComboBoxE,23,0x000ab15c,_ZN2ox3gui11IGUIElement12setInvisibleEb
_ZTVN5daisy3gui12CGUIComboBoxE,24,0x000ab16a,_ZN2ox3gui11IGUIElement16doesReportOnDrawEv
_ZTVN5daisy3gui12CGUIComboBoxE,25,0x000ab17c,_ZN2ox3gui11IGUIElement15setReportOnDrawEi
_ZTVN5daisy3gui12CGUIComboBoxE,26,0x000ab18a,_ZN2ox3gui11IGUIElement7setTextEPKw
_ZTVN5daisy3gui12CGUIComboBoxE,27,0x000ab1aa,_ZNK2ox3gui11IGUIElement7getTextEv
_ZTVN5daisy3gui12CGUIComboBoxE,28,0x000ab1b6,_ZN2ox3gui11IGUIElement5getIDEv
_ZTVN5daisy3gui12CGUIComboBoxE,29,0x000ab1c2,_ZN2ox3gui11IGUIElement5setIDEi
_ZTVN5daisy3gui12CGUIComboBoxE,30,0x000ab1d0,_ZN2ox3gui11IGUIElement7getTypeEv
_ZTVN5daisy3gui12CGUIComboBoxE,31,0x000a33da,_ZN5daisy3gui12CGUIComboBox7OnEventERKN2ox5event6SEventE
_ZTVN5daisy3gui12CGUIComboBoxE,32,0x000ab1dc,_ZN2ox3gui11IGUIElement22OnEventInNonFocusStateERKNS_5event6SEventE
_ZTVN5daisy3gui12CGUIComboBoxE,33,0x000ab218,_ZN2ox3gui11IGUIElement12bringToFrontEPS1_
_ZTVN5daisy3gui12CGUIComboBoxE,34,0x000ab270,_ZN2ox3gui11IGUIElement11getChildrenEv
_ZTVN5daisy3gui12CGUIComboBoxE,35,0x000ab27c,_ZN2ox3gui11IGUIElement16getElementFromIdEib
_ZTVN5daisy3gui12CGUIComboBoxE,36,0x000ab2d8,_ZN2ox3gui11IGUIElement12getHoverItemEv
_ZTVN5daisy3gui12CGUIComboBoxE,37,0x000ab2e4,_ZN2ox3gui11IGUIElement12setHoverItemEPS1_
_ZTVN5daisy3gui12CGUIComboBoxE,38,0x000ab334,_ZN2ox3gui11IGUIElement16getPreferredSizeEv
_ZTVN5daisy3gui12CGUIComboBoxE,39,0x000a3246,_ZN5daisy3gui12CGUIComboBox12getItemCountEv
_ZTVN5daisy3gui12CGUIComboBoxE,40,0x000a326c,_ZN5daisy3gui12CGUIComboBox7getItemEi
_ZTVN5daisy3gui12CGUIComboBoxE,41,0x000a32aa,_ZN5daisy3gui12CGUIComboBox7addItemEPKw
_ZTVN5daisy3gui12CGUIComboBoxE,42,0x000a3362,_ZN5daisy3gui12CGUIComboBox5clearEv
_ZTVN5daisy3gui12CGUIComboBoxE,43,0x000a3394,_ZN5daisy3gui12CGUIComboBox11getSelectedEv
_ZTVN5daisy3gui12CGUIComboBoxE,44,0x000a33a2,_ZN5daisy3gui12CGUIComboBox11setSelectedEi
_ZTVN5daisy3gui12CGUIComboBoxE,45,0x000a3cac,_ZN5daisy3gui12CGUIComboBox13setAnimationsEPN2ox5video14ISpritePackageEPKc
_ZTVN5daisy3gui12CGUIComboBoxE,46,0xfffffff4,
_ZTVN5daisy3gui12CGUIComboBoxE,47,0x00264e88,_ZTIN5daisy3gui12CGUIComboBoxE
_ZTVN5daisy3gui12CGUIComboBoxE,48,0x000a386e,_ZThn12_N5daisy3gui12CGUIComboBox7OnEventERKN2ox5event6SEventE
_ZTVN5daisy3gui12CGUIComboBoxE,49,0x000a31b3,_ZThn12_N5daisy3gui12CGUIComboBoxD1Ev
_ZTVN5daisy3gui12CGUIComboBoxE,50,0x000a3117,_ZThn12_N5daisy3gui12CGUIComboBoxD0Ev
_ZTVN5daisy3gui15CGUIContextMenuE,0,0x00000000,
_ZTVN5daisy3gui15CGUIContextMenuE,1,0x00264f98,_ZTIN5daisy3gui15CGUIContextMenuE
_ZTVN5daisy3gui15CGUIContextMenuE,2,0x000a4078,_ZN5daisy3gui15CGUIContextMenuD1Ev
_ZTVN5daisy3gui15CGUIContextMenuE,3,0x000a4048,_ZN5daisy3gui15CGUIContextMenuD0Ev
_ZTVN5daisy3gui15CGUIContextMenuE,4,0x000aac06,_ZN2ox3gui11IGUIElement19setRelativePositionERKNS_4core5CRectIiEE
_ZTVN5daisy3gui15CGUIContextMenuE,5,0x000ae4ba,_ZN2ox3gui11IGUIElement29getParentAbsoluteClippingRectEb
_ZTVN5daisy3gui15CGUIContextMenuE,6,0x000aad94,_ZN2ox3gui11IGUIElement22updateAbsolutePositionEv
_ZTVN5daisy3gui15CGUIContextMenuE,7,0x000aaa08,_ZN2ox3gui11IGUIElement8addChildEPS1_
_ZTVN5daisy3gui15CGUIContextMenuE,8,0x000ae510,_ZN2ox3gui11IGUIElement11removeChildEPS1_
_ZTVN5daisy3gui15CGUIContextMenuE,9,0x000aae9e,_ZN2ox3gui11IGUIElement17removeAllChildrenEv
_ZTVN5daisy3gui15CGUIContextMenuE,10,0x00173520,_ZN2ox3gui11IGUIElement6removeEv
_ZTVN5daisy3gui15CGUIContextMenuE,11,0x000a4a86,_ZN5daisy3gui15CGUIContextMenu4drawEv
_ZTVN5daisy3gui15CGUIContextMenuE,12,0x000aafc2,_ZN2ox3gui11IGUIElement4moveENS_4core11CPosition2dIiEE
_ZTVN5daisy3gui15CGUIContextMenuE,13,0x000aafea,_ZN2ox3gui11IGUIElement6moveToENS_4core11CPosition2dIiEE
_ZTVN5daisy3gui15CGUIContextMenuE,14,0x000ab034,_ZN2ox3gui11IGUIElement12centerOnRectERKNS_4core5CRectIiEE
_ZTVN5daisy3gui15CGUIContextMenuE,15,0x000ab08a,_ZN2ox3gui11IGUIElement14centerOnParentEv
_ZTVN5daisy3gui15CGUIContextMenuE,16,0x000ab0c6,_ZN2ox3gui11IGUIElement9isVisibleEv
_ZTVN5daisy3gui15CGUIContextMenuE,17,0x000a469a,_ZN5daisy3gui15CGUIContextMenu10setVisibleEb
_ZTVN5daisy3gui15CGUIContextMenuE,18,0x000ab0e4,_ZN2ox3gui11IGUIElement9isEnabledEv
_ZTVN5daisy3gui15CGUIContextMenuE,19,0x000ab0f4,_ZN2ox3gui11IGUIElement10setEnabledEb
_ZTVN5daisy3gui15CGUIContextMenuE,20,0x000ab12e,_ZN2ox3gui11IGUIElement7isFixedEv
_ZTVN5daisy3gui15CGUIContextMenuE,21,0x000ab13e,_ZN2ox3gui11IGUIElement8setFixedEb
_ZTVN5daisy3gui15CGUIContextMenuE,22,0x000ab14c,_ZN2ox3gui11IGUIElement11isInvisibleEv
_ZTVN5daisy3gui15CGUIContextMenuE,23,0x000ab15c,_ZN2ox3gui11IGUIElement12setInvisibleEb
_ZTVN5daisy3gui15CGUIContextMenuE,24,0x000ab16a,_ZN2ox3gui11IGUIElement16doesReportOnDrawEv
_ZTVN5daisy3gui15CGUIContextMenuE,25,0x000ab17c,_ZN2ox3gui11IGUIElement15setReportOnDrawEi
_ZTVN5daisy3gui15CGUIContextMenuE,26,0x000ab18a,_ZN2ox3gui11IGUIElement7setTextEPKw
_ZTVN5daisy3gui15CGUIContextMenuE,27,0x000ab1aa,_ZNK2ox3gui11IGUIElement7getTextEv
_ZTVN5daisy3gui15CGUIContextMenuE,28,0x000ab1b6,_ZN2ox3gui11IGUIElement5getIDEv
_ZTVN5daisy3gui15CGUIContextMenuE,29,0x000ab1c2,_ZN2ox3gui11IGUIElement5setIDEi
_ZTVN5daisy3gui15CGUIContextMenuE,30,0x000ab1d0,_ZN2ox3gui11IGUIElement7getTypeEv
_ZTVN5daisy3gui15CGUIContextMenuE,31,0x000a456e,_ZN5daisy3gui15CGUIContextMenu7OnEventERKN2ox5event6SEventE
_ZTVN5daisy3gui15CGUIContextMenuE,32,0x000ab1dc,_ZN2ox3gui11IGUIElement22OnEventInNonFocusStateERKNS_5event6SEventE
_ZTVN5daisy3gui15CGUIContextMenuE,33,0x000ab218,_ZN2ox3gui11IGUIElement12bringToFrontEPS1_
_ZTVN5daisy3gui15CGUIContextMenuE,34,0x000ab270,_ZN2ox3gui11IGUIElement11getChildrenEv
_ZTVN5daisy3gui15CGUIContextMenuE,35,0x000ab27c,_ZN2ox3gui11IGUIElement16getElementFromIdEib
_ZTVN5daisy3gui15CGUIContextMenuE,36,0x000ab2d8,_ZN2ox3gui11IGUIElement12getHoverItemEv
_ZTVN5daisy3gui15CGUIContextMenuE,37,0x000ab2e4,_ZN2ox3gui11IGUIElement12setHoverItemEPS1_
_ZTVN5daisy3gui15CGUIContextMenuE,38,0x000ab334,_ZN2ox3gui11IGUIElement16getPreferredSizeEv
_ZTVN5daisy3gui15CGUIContextMenuE,39,0x000a417a,_ZNK5daisy3gui15CGUIContextMenu12getItemCountEv
_ZTVN5daisy3gui15CGUIContextMenuE,40,0x000a41a2,_ZN5daisy3gui15CGUIContextMenu7addItemEPwibb
_ZTVN5daisy3gui15CGUIContextMenuE,41,0x000a42f6,_ZN5daisy3gui15CGUIContextMenu12addSeparatorEv
_ZTVN5daisy3gui15CGUIContextMenuE,42,0x000a4330,_ZN5daisy3gui15CGUIContextMenu11getItemTextEi
_ZTVN5daisy3gui15CGUIContextMenuE,43,0x000a436e,_ZN5daisy3gui15CGUIContextMenu11setItemTextEiPKw
_ZTVN5daisy3gui15CGUIContextMenuE,44,0x000a43ce,_ZN5daisy3gui15CGUIContextMenu13isItemEnabledEi
_ZTVN5daisy3gui15CGUIContextMenuE,45,0x000a4412,_ZN5daisy3gui15CGUIContextMenu14setItemEnabledEib
_ZTVN5daisy3gui15CGUIContextMenuE,46,0x000a4450,_ZN5daisy3gui15CGUIContextMenu10removeItemEi
_ZTVN5daisy3gui15CGUIContextMenuE,47,0x000a44e4,_ZN5daisy3gui15CGUIContextMenu14removeAllItemsEv
_ZTVN5daisy3gui15CGUIContextMenuE,48,0x000a52c6,_ZN5daisy3gui15CGUIContextMenu15getSelectedItemEv
_ZTVN5daisy3gui15CGUIContextMenuE,49,0x000a5314,_ZN5daisy3gui15CGUIContextMenu16getItemCommandIdEi
_ZTVN5daisy3gui15CGUIContextMenuE,50,0x000a535a,_ZN5daisy3gui15CGUIContextMenu16setItemCommandIdEii
_ZTVN5daisy3gui15CGUIContextMenuE,51,0x000a52d4,_ZN5daisy3gui15CGUIContextMenu10getSubMenuEi
_ZTVN5daisy3gui15CGUIContextMenuE,52,0x000a50d6,_ZN5daisy3gui15CGUIContextMenu15recalculateSizeEv
_ZTVN5daisy3gui15CGUIContextMenuE,53,0x000a4866,_ZN5daisy3gui15CGUIContextMenu9highlightEN2ox4core11CPosition2dIiEE
_ZTVN5daisy3gui15CGUIContextMenuE,54,0x000a4720,_ZN5daisy3gui15CGUIContextMenu9sendClickEN2ox4core11CPosition2dIiEE
_ZTVN5daisy3gui15CGUIContextMenuE,55,0x000a4a16,_ZN5daisy3gui15CGUIContextMenu8getHRectERNS1_5SItemERN2ox4core5CRectIiEE
_ZTVN5daisy3gui15CGUIContextMenuE,56,0x000a4a4a,_ZN5daisy3gui15CGUIContextMenu7getRectERNS1_5SItemERN2ox4core5CRectIiEE
_ZTVN5daisy3gui15CGUIContextMenuE,57,0xfffffff4,
_ZTVN5daisy3gui15CGUIContextMenuE,58,0x00264f98,_ZTIN5daisy3gui15CGUIContextMenuE
_ZTVN5daisy3gui15CGUIContextMenuE,59,0x000a4676,_ZThn12_N5daisy3gui15CGUIContextMenu7OnEventERKN2ox5event6SEventE
_ZTVN5daisy3gui15CGUIContextMenuE,60,0x000a4161,_ZThn12_N5daisy3gui15CGUIContextMenuD1Ev
_ZTVN5daisy3gui15CGUIContextMenuE,61,0x000a4081,_ZThn12_N5daisy3gui15CGUIContextMenuD0Ev
_ZTVN5daisy3gui11CGUIEditBoxE,0,0x00000000,
_ZTVN5daisy3gui11CGUIEditBoxE,1,0x00265090,_ZTIN5daisy3gui11CGUIEditBoxE
_ZTVN5daisy3gui11CGUIEditBoxE,2,0x000a5d7e,_ZN5daisy3gui11CGUIEditBoxD1Ev
_ZTVN5daisy3gui11CGUIEditBoxE,3,0x000a5d4e,_ZN5daisy3gui11CGUIEditBoxD0Ev
_ZTVN5daisy3gui11CGUIEditBoxE,4,0x000a5e5c,_ZN5daisy3gui11CGUIEditBox19setRelativePositionERKN2ox4core5CRectIiEE
_ZTVN5daisy3gui11CGUIEditBoxE,5,0x000ae4ba,_ZN2ox3gui11IGUIElement29getParentAbsoluteClippingRectEb
_ZTVN5daisy3gui11CGUIEditBoxE,6,0x000aad94,_ZN2ox3gui11IGUIElement22updateAbsolutePositionEv
_ZTVN5daisy3gui11CGUIEditBoxE,7,0x000aaa08,_ZN2ox3gui11IGUIElement8addChildEPS1_
_ZTVN5daisy3gui11CGUIEditBoxE,8,0x000ae510,_ZN2ox3gui11IGUIElement11removeChildEPS1_
_ZTVN5daisy3gui11CGUIEditBoxE,9,0x000aae9e,_ZN2ox3gui11IGUIElement17removeAllChildrenEv
_ZTVN5daisy3gui11CGUIEditBoxE,10,0x00173520,_ZN2ox3gui11IGUIElement6removeEv
_ZTVN5daisy3gui11CGUIEditBoxE,11,0x000a7292,_ZN5daisy3gui11CGUIEditBox4drawEv
_ZTVN5daisy3gui11CGUIEditBoxE,12,0x000aafc2,_ZN2ox3gui11IGUIElement4moveENS_4core11CPosition2dIiEE
_ZTVN5daisy3gui11CGUIEditBoxE,13,0x000aafea,_ZN2ox3gui11IGUIElement6moveToENS_4core11CPosition2dIiEE
_ZTVN5daisy3gui11CGUIEditBoxE,14,0x000ab034,_ZN2ox3gui11IGUIElement12centerOnRectERKNS_4core5CRectIiEE
_ZTVN5daisy3gui11CGUIEditBoxE,15,0x000ab08a,_ZN2ox3gui11IGUIElement14centerOnParentEv
_ZTVN5daisy3gui11CGUIEditBoxE,16,0x000ab0c6,_ZN2ox3gui11IGUIElement9isVisibleEv
_ZTVN5daisy3gui11CGUIEditBoxE,17,0x000ab0d6,_ZN2ox3gui11IGUIElement10setVisibleEb
_ZTVN5daisy3gui11CGUIEditBoxE,18,0x000ab0e4,_ZN2ox3gui11IGUIElement9isEnabledEv
_ZTVN5daisy3gui11CGUIEditBoxE,19,0x000ab0f4,_ZN2ox3gui11IGUIElement10setEnabledEb
_ZTVN5daisy3gui11CGUIEditBoxE,20,0x000ab12e,_ZN2ox3gui11IGUIElement7isFixedEv
_ZTVN5daisy3gui11CGUIEditBoxE,21,0x000ab13e,_ZN2ox3gui11IGUIElement8setFixedEb
_ZTVN5daisy3gui11CGUIEditBoxE,22,0x000ab14c,_ZN2ox3gui11IGUIElement11isInvisibleEv
_ZTVN5daisy3gui11CGUIEditBoxE,23,0x000ab15c,_ZN2ox3gui11IGUIElement12setInvisibleEb
_ZTVN5daisy3gui11CGUIEditBoxE,24,0x000ab16a,_ZN2ox3gui11IGUIElement16doesReportOnDrawEv
_ZTVN5daisy3gui11CGUIEditBoxE,25,0x000ab17c,_ZN2ox3gui11IGUIElement15setReportOnDrawEi
_ZTVN5daisy3gui11CGUIEditBoxE,26,0x000a7f02,_ZN5daisy3gui11CGUIEditBox7setTextEPKw
_ZTVN5daisy3gui11CGUIEditBoxE,27,0x000ab1aa,_ZNK2ox3gui11IGUIElement7getTextEv
_ZTVN5daisy3gui11CGUIEditBoxE,28,0x000ab1b6,_ZN2ox3gui11IGUIElement5getIDEv
_ZTVN5daisy3gui11CGUIEditBoxE,29,0x000ab1c2,_ZN2ox3gui11IGUIElement5setIDEi
_ZTVN5daisy3gui11CGUIEditBoxE,30,0x000ab1d0,_ZN2ox3gui11IGUIElement7getTypeEv
_ZTVN5daisy3gui11CGUIEditBoxE,31,0x000a5f86,_ZN5daisy3gui11CGUIEditBox7OnEventERKN2ox5event6SEventE
_ZTVN5daisy3gui11CGUIEditBoxE,32,0x000ab1dc,_ZN2ox3gui11IGUIElement22OnEventInNonFocusStateERKNS_5event6SEventE
_ZTVN5daisy3gui11CGUIEditBoxE,33,0x000ab218,_ZN2ox3gui11IGUIElement12bringToFrontEPS1_
_ZTVN5daisy3gui11CGUIEditBoxE,34,0x000ab270,_ZN2ox3gui11IGUIElement11getChildrenEv
_ZTVN5daisy3gui11CGUIEditBoxE,35,0x000ab27c,_ZN2ox3gui11IGUIElement16getElementFromIdEib
_ZTVN5daisy3gui11CGUIEditBoxE,36,0x000ab2d8,_ZN2ox3gui11IGUIElement12getHoverItemEv
_ZTVN5daisy3gui11CGUIEditBoxE,37,0x000ab2e4,_ZN2ox3gui11IGUIElement12setHoverItemEPS1_
_ZTVN5daisy3gui11CGUIEditBoxE,38,0x000ab334,_ZN2ox3gui11IGUIElement16getPreferredSizeEv
_ZTVN5daisy3gui11CGUIEditBoxE,39,0x000a5ec2,_ZN5daisy3gui11CGUIEditBox8setFocusEv
_ZTVN5daisy3gui11CGUIEditBoxE,40,0x000a5f0e,_ZN5daisy3gui11CGUIEditBox15setOverrideFontEPN2ox3gui8IGUIFontE
_ZTVN5daisy3gui11CGUIEditBoxE,41,0x000a5f4a,_ZN5daisy3gui11CGUIEditBox16setOverrideColorEN2ox5video6SColorE
_ZTVN5daisy3gui11CGUIEditBoxE,42,0x000a5f62,_ZN5daisy3gui11CGUIEditBox19enableOverrideColorEb
_ZTVN5daisy3gui11CGUIEditBoxE,43,0x000a7f4c,_ZN5daisy3gui11CGUIEditBox6setMaxEi
_ZTVN5daisy3gui11CGUIEditBoxE,44,0x000a7fd2,_ZN5daisy3gui11CGUIEditBox6getMaxEv
_ZTVN5daisy3gui11CGUIEditBoxE,45,0x000a8168,_ZN5daisy3gui11CGUIEditBox9setHiddenEb
_ZTVN5daisy3gui11CGUIEditBoxE,46,0x000a817a,_ZN5daisy3gui11CGUIEditBox13setAnimationsEPN2ox5video14ISpritePackageEPKc
_ZTVN5daisy3gui11CGUIEditBoxE,47,0x000a5f74,_ZN5daisy3gui11CGUIEditBox19setAssociatedButtonEi
_ZTVN5daisy3gui11CGUIEditBoxE,48,0xfffffff4,
_ZTVN5daisy3gui11CGUIEditBoxE,49,0x00265090,_ZTIN5daisy3gui11CGUIEditBoxE
_ZTVN5daisy3gui11CGUIEditBoxE,50,0x000a726e,_ZThn12_N5daisy3gui11CGUIEditBox7OnEventERKN2ox5event6SEventE
_ZTVN5daisy3gui11CGUIEditBoxE,51,0x000a5e43,_ZThn12_N5daisy3gui11CGUIEditBoxD1Ev
_ZTVN5daisy3gui11CGUIEditBoxE,52,0x000a5d87,_ZThn12_N5daisy3gui11CGUIEditBoxD0Ev
_ZTVN5daisy3gui15CGUIEnvironmentE,0,0x00000000,
_ZTVN5daisy3gui15CGUIEnvironmentE,1,0x00265240,_ZTIN5daisy3gui15CGUIEnvironmentE
_ZTVN5daisy3gui15CGUIEnvironmentE,2,0x000a87c4,_ZN5daisy3gui15CGUIEnvironmentD1Ev
_ZTVN5daisy3gui15CGUIEnvironmentE,3,0x000a8794,_ZN5daisy3gui15CGUIEnvironmentD0Ev
_ZTVN5daisy3gui15CGUIEnvironmentE,4,0x000a89cc,_ZN5daisy3gui15CGUIEnvironment13clearElementsEv
_ZTVN5daisy3gui15CGUIEnvironmentE,5,0x000a8a2a,_ZN5daisy3gui15CGUIEnvironment7drawAllEv
_ZTVN5daisy3gui15CGUIEnvironmentE,6,0x000a8b16,_ZN5daisy3gui15CGUIEnvironment8setFocusEPN2ox3gui11IGUIElementE
_ZTVN5daisy3gui15CGUIEnvironmentE,7,0x000a8b4e,_ZN5daisy3gui15CGUIEnvironment11removeFocusEPN2ox3gui11IGUIElementE
_ZTVN5daisy3gui15CGUIEnvironmentE,8,0x000a8bb0,_ZN5daisy3gui15CGUIEnvironment8hasFocusEPN2ox3gui11IGUIElementE
_ZTVN5daisy3gui15CGUIEnvironmentE,9,0x000a8bc8,_ZN5daisy3gui15CGUIEnvironment14getVideoDriverEv
_ZTVN5daisy3gui15CGUIEnvironmentE,10,0x000a8d8e,_ZN5daisy3gui15CGUIEnvironment17postEventFromUserEN2ox5event6SEventE
_ZTVN5daisy3gui15CGUIEnvironmentE,11,0x000a8d7c,_ZN5daisy3gui15CGUIEnvironment20setUserEventReceiverEPN2ox5event14IEventReceiverE
_ZTVN5daisy3gui15CGUIEnvironmentE,12,0x000a8ec0,_ZN5daisy3gui15CGUIEnvironment7getSkinEv
_ZTVN5daisy3gui15CGUIEnvironmentE,13,0x000aa462,_ZN5daisy3gui15CGUIEnvironment7getFontEPKc
_ZTVN5daisy3gui15CGUIEnvironmentE,14,0x000aa69e,_ZN5daisy3gui15CGUIEnvironment14getBuiltInFontEv
_ZTVN5daisy3gui15CGUIEnvironmentE,15,0x000a92c0,_ZN5daisy3gui15CGUIEnvironment16getMousePositionEv
_ZTVN5daisy3gui15CGUIEnvironmentE,16,0x000aa6bc,_ZN5daisy3gui15CGUIEnvironment17getRootGUIElementEv
_ZTVN5daisy3gui15CGUIEnvironmentE,17,0x000aab60,_ZN5daisy3gui15CGUIEnvironment21getHoverParentElementEv
_ZTVN5daisy3gui15CGUIEnvironmentE,18,0x000a8f94,_ZN5daisy3gui15CGUIEnvironment14addModalScreenEv
_ZTVN5daisy3gui15CGUIEnvironmentE,19,0x000a8ff6,_ZN5daisy3gui15CGUIEnvironment9addButtonERKN2ox4core5CRectIiEEPNS2_3gui11IGUIElementEiPKw
_ZTVN5daisy3gui15CGUIEnvironmentE,20,0x000a9090,_ZN5daisy3gui15CGUIEnvironment13addTextButtonEPKwPKcPcPN2ox3gui8IGUIFontENS7_5video6SColorEPNS8_11IGUIElementEi
_ZTVN5daisy3gui15CGUIEnvironmentE,21,0x000a913a,_ZN5daisy3gui15CGUIEnvironment9addWindowERKN2ox4core5CRectIiEEbPKwPNS2_3gui11IGUIElementEi
_ZTVN5daisy3gui15CGUIEnvironmentE,22,0x000a922e,_ZN5daisy3gui15CGUIEnvironment8addFrameERKN2ox4core5CRectIiEEPNS2_3gui11IGUIElementEi
_ZTVN5daisy3gui15CGUIEnvironmentE,23,0x000a92ce,_ZN5daisy3gui15CGUIEnvironment18addDetachableFrameERKN2ox4core5CRectIiEEPNS2_3gui11IGUIElementEijbb
_ZTVN5daisy3gui15CGUIEnvironmentE,24,0x000a9374,_ZN5daisy3gui15CGUIEnvironment14addLayoutGroupERKN2ox4core5CRectIiEEPNS2_3gui11IGUIElementE
_ZTVN5daisy3gui15CGUIEnvironmentE,25,0x000a9432,_ZN5daisy3gui15CGUIEnvironment19addHoverDescriptionEPN2ox3gui11IGUIElementEPKwPNS2_5video6SColorE
_ZTVN5daisy3gui15CGUIEnvironmentE,26,0x000a9580,_ZN5daisy3gui15CGUIEnvironment13addMessageBoxEPKwS3_biPN2ox3gui11IGUIElementEi
_ZTVN5daisy3gui15CGUIEnvironmentE,27,0x000a96de,_ZN5daisy3gui15CGUIEnvironment12addScrollBarEbRKN2ox4core5CRectIiEEPNS2_3gui11IGUIElementEi
_ZTVN5daisy3gui15CGUIEnvironmentE,28,0x000a977a,_ZN5daisy3gui15CGUIEnvironment8addImageERKN2ox4core5CRectIiEEPNS2_3gui11IGUIElementEiPKw
_ZTVN5daisy3gui15CGUIEnvironmentE,29,0x000a98b6,_ZN5daisy3gui15CGUIEnvironment11addCheckBoxEbRKN2ox4core5CRectIiEEPNS2_3gui11IGUIElementEiPKw
_ZTVN5daisy3gui15CGUIEnvironmentE,30,0x000a995e,_ZN5daisy3gui15CGUIEnvironment12addRadioListERKN2ox4core5CRectIiEEPNS2_3gui11IGUIElementEi
_ZTVN5daisy3gui15CGUIEnvironmentE,31,0x000a99e8,_ZN5daisy3gui15CGUIEnvironment10addListBoxERKN2ox4core5CRectIiEEPNS2_3gui11IGUIElementEib
_ZTVN5daisy3gui15CGUIEnvironmentE,32,0x000a9818,_ZN5daisy3gui15CGUIEnvironment13addMeshViewerERKN2ox4core5CRectIiEEPNS2_3gui11IGUIElementEiPKw
_ZTVN5daisy3gui15CGUIEnvironmentE,33,0x000a9a8c,_ZN5daisy3gui15CGUIEnvironment17addFileOpenDialogEPKwbPN2ox3gui11IGUIElementEiPKcS9_
_ZTVN5daisy3gui15CGUIEnvironmentE,34,0x000a9b6a,_ZN5daisy3gui15CGUIEnvironment13addStaticTextEPKwRKN2ox4core5CRectIiEEbbPNS4_3gui11IGUIElementEiS3_
_ZTVN5daisy3gui15CGUIEnvironmentE,35,0x000a9c08,_ZN5daisy3gui15CGUIEnvironment13addStaticTextEPKwiPN2ox3gui11IGUIElementEPNS5_8IGUIFontEiS3_
_ZTVN5daisy3gui15CGUIEnvironmentE,36,0x000a9d3e,_ZN5daisy3gui15CGUIEnvironment13addStaticTextEPKwPKcPN2ox3gui11IGUIElementEPNS7_8IGUIFontEi
_ZTVN5daisy3gui15CGUIEnvironmentE,37,0x000a9dee,_ZN5daisy3gui15CGUIEnvironment10addEditBoxEPKwRKN2ox4core5CRectIiEEbPNS4_3gui11IGUIElementEi
_ZTVN5daisy3gui15CGUIEnvironmentE,38,0x000aa1b0,_ZN5daisy3gui15CGUIEnvironment13addInOutFaderEPKN2ox4core5CRectIiEEPNS2_3gui11IGUIElementEi
_ZTVN5daisy3gui15CGUIEnvironmentE,39,0x000a9e7a,_ZN5daisy3gui15CGUIEnvironment13addTabControlERKN2ox4core5CRectIiEEPNS2_3gui11IGUIElementEbbi
_ZTVN5daisy3gui15CGUIEnvironmentE,40,0x000a9efe,_ZN5daisy3gui15CGUIEnvironment15addTabButtonRowERKN2ox4core11CPosition2dIiEEiPNS2_3gui11IGUIElementEi
_ZTVN5daisy3gui15CGUIEnvironmentE,41,0x000a9f88,_ZN5daisy3gui15CGUIEnvironment6addTabERKN2ox4core5CRectIiEEPNS2_3gui11IGUIElementEi
_ZTVN5daisy3gui15CGUIEnvironmentE,42,0x000aa000,_ZN5daisy3gui15CGUIEnvironment14addContextMenuERKN2ox4core5CRectIiEEPNS2_3gui11IGUIElementEi
_ZTVN5daisy3gui15CGUIEnvironmentE,43,0x000aa092,_ZN5daisy3gui15CGUIEnvironment7addMenuEPN2ox3gui11IGUIElementEi
_ZTVN5daisy3gui15CGUIEnvironmentE,44,0x000aa124,_ZN5daisy3gui15CGUIEnvironment10addToolBarEPN2ox3gui11IGUIElementEi
_ZTVN5daisy3gui15CGUIEnvironmentE,45,0x000aa282,_ZN5daisy3gui15CGUIEnvironment11addComboBoxERKN2ox4core5CRectIiEEPNS2_3gui11IGUIElementEi
_ZTVN5daisy3gui15CGUIEnvironmentE,46,0x000aa396,_ZN5daisy3gui15CGUIEnvironment12addPopupMenuERKN2ox4core11CPosition2dIiEEiPKwPNS2_3gui8IGUIFontESC_PNSA_11IGUIElementEi
_ZTVN5daisy3gui15CGUIEnvironmentE,47,0x000aa30c,_ZN5daisy3gui15CGUIEnvironment12addClickAreaERKN2ox4core5CRectIiEEPNS2_3gui11IGUIElementEi
_ZTVN5daisy3gui15CGUIEnvironmentE,48,0x000a8bd6,_ZN5daisy3gui15CGUIEnvironment7OnEventERKN2ox5event6SEventE
_ZTVN5daisy3gui15CGUIEnvironmentE,49,0x000a8ece,_ZN5daisy3gui15CGUIEnvironment8addChildEPN2ox3gui11IGUIElementE
_ZTVN5daisy3gui15CGUIEnvironmentE,50,0x000aab6e,_ZN5daisy3gui15CGUIEnvironment11removeChildEPN2ox3gui11IGUIElementE
_ZTVN5daisy3gui15CGUIEnvironmentE,51,0xfffffff4,
_ZTVN5daisy3gui15CGUIEnvironmentE,52,0x00265240,_ZTIN5daisy3gui15CGUIEnvironmentE
_ZTVN5daisy3gui15CGUIEnvironmentE,53,0x000a8999,_ZThn12_N5daisy3gui15CGUIEnvironmentD1Ev
_ZTVN5daisy3gui15CGUIEnvironmentE,54,0x000a87cd,_ZThn12_N5daisy3gui15CGUIEnvironmentD0Ev
_ZTVN5daisy3gui15CGUIEnvironmentE,55,0x000aac06,_ZN2ox3gui11IGUIElement19setRelativePositionERKNS_4core5CRectIiEE
_ZTVN5daisy3gui15CGUIEnvironmentE,56,0x000aac8a,_ZN2ox3gui10IGUILayout29getParentAbsoluteClippingRectEb
_ZTVN5daisy3gui15CGUIEnvironmentE,57,0x000aad94,_ZN2ox3gui11IGUIElement22updateAbsolutePositionEv
_ZTVN5daisy3gui15CGUIEnvironmentE,58,0x000a8f74,_ZThn12_N5daisy3gui15CGUIEnvironment8addChildEPN2ox3gui11IGUIElementE
_ZTVN5daisy3gui15CGUIEnvironmentE,59,0x000aae7e,_ZThn12_N5daisy3gui15CGUIEnvironment11removeChildEPN2ox3gui11IGUIElementE
_ZTVN5daisy3gui15CGUIEnvironmentE,60,0x000aae9e,_ZN2ox3gui11IGUIElement17removeAllChildrenEv
_ZTVN5daisy3gui15CGUIEnvironmentE,61,0x00173520,_ZN2ox3gui11IGUIElement6removeEv
_ZTVN5daisy3gui15CGUIEnvironmentE,62,0x000aaf10,_ZN2ox3gui11IGUIElement4drawEv
_ZTVN5daisy3gui15CGUIEnvironmentE,63,0x000aafc2,_ZN2ox3gui11IGUIElement4moveENS_4core11CPosition2dIiEE
_ZTVN5daisy3gui15CGUIEnvironmentE,64,0x000aafea,_ZN2ox3gui11IGUIElement6moveToENS_4core11CPosition2dIiEE
_ZTVN5daisy3gui15CGUIEnvironmentE,65,0x000ab034,_ZN2ox3gui11IGUIElement12centerOnRectERKNS_4core5CRectIiEE
_ZTVN5daisy3gui15CGUIEnvironmentE,66,0x000ab08a,_ZN2ox3gui11IGUIElement14centerOnParentEv
_ZTVN5daisy3gui15CGUIEnvironmentE,67,0x000ab0c6,_ZN2ox3gui11IGUIElement9isVisibleEv
_ZTVN5daisy3gui15CGUIEnvironmentE,68,0x000ab0d6,_ZN2ox3gui11IGUIElement10setVisibleEb
_ZTVN5daisy3gui15CGUIEnvironmentE,69,0x000ab0e4,_ZN2ox3gui11IGUIElement9isEnabledEv
_ZTVN5daisy3gui15CGUIEnvironmentE,70,0x000ab0f4,_ZN2ox3gui11IGUIElement10setEnabledEb
_ZTVN5daisy3gui15CGUIEnvironmentE,71,0x000ab12e,_ZN2ox3gui11IGUIElement7isFixedEv
_ZTVN5daisy3gui15CGUIEnvironmentE,72,0x000ab13e,_ZN2ox3gui11IGUIElement8setFixedEb
_ZTVN5daisy3gui15CGUIEnvironmentE,73,0x000ab14c,_ZN2ox3gui11IGUIElement11isInvisibleEv
_ZTVN5daisy3gui15CGUIEnvironmentE,74,0x000ab15c,_ZN2ox3gui11IGUIElement12setInvisibleEb
_ZTVN5daisy3gui15CGUIEnvironmentE,75,0x000ab16a,_ZN2ox3gui11IGUIElement16doesReportOnDrawEv
_ZTVN5daisy3gui15CGUIEnvironmentE,76,0x000ab17c,_ZN2ox3gui11IGUIElement15setReportOnDrawEi
_ZTVN5daisy3gui15CGUIEnvironmentE,77,0x000ab18a,_ZN2ox3gui11IGUIElement7setTextEPKw
_ZTVN5daisy3gui15CGUIEnvironmentE,78,0x000ab1aa,_ZNK2ox3gui11IGUIElement7getTextEv
_ZTVN5daisy3gui15CGUIEnvironmentE,79,0x000ab1b6,_ZN2ox3gui11IGUIElement5getIDEv
_ZTVN5daisy3gui15CGUIEnvironmentE,80,0x000ab1c2,_ZN2ox3gui11IGUIElement5setIDEi
_ZTVN5daisy3gui15CGUIEnvironmentE,81,0x000ab1d0,_ZN2ox3gui11IGUIElement7getTypeEv
_ZTVN5daisy3gui15CGUIEnvironmentE,82,0x000a8c14,_ZThn12_N5daisy3gui15CGUIEnvironment7OnEventERKN2ox5event6SEventE
_ZTVN5daisy3gui15CGUIEnvironmentE,83,0x000ab1dc,_ZN2ox3gui11IGUIElement22OnEventInNonFocusStateERKNS_5event6SEventE
_ZTVN5daisy3gui15CGUIEnvironmentE,84,0x000ab218,_ZN2ox3gui11IGUIElement12bringToFrontEPS1_
_ZTVN5daisy3gui15CGUIEnvironmentE,85,0x000ab270,_ZN2ox3gui11IGUIElement11getChildrenEv
_ZTVN5daisy3gui15CGUIEnvironmentE,86,0x000ab27c,_ZN2ox3gui11IGUIElement16getElementFromIdEib
_ZTVN5daisy3gui15CGUIEnvironmentE,87,0x000ab2d8,_ZN2ox3gui11IGUIElement12getHoverItemEv
_ZTVN5daisy3gui15CGUIEnvironmentE,88,0x000ab2e4,_ZN2ox3gui11IGUIElement12setHoverItemEPS1_
_ZTVN5daisy3gui15CGUIEnvironmentE,89,0x000ab334,_ZN2ox3gui11IGUIElement16getPreferredSizeEv
_ZTVN5daisy3gui15CGUIEnvironmentE,90,0x000ab352,_ZN2ox3gui10IGUILayout8sortFlowEiibb
_ZTVN5daisy3gui15CGUIEnvironmentE,91,0x000ab5cc,_ZN2ox3gui10IGUILayout14sortVerticallyEib
_ZTVN5daisy3gui15CGUIEnvironmentE,92,0x000ab6c2,_ZN2ox3gui10IGUILayout16sortHorizontallyEi
_ZTVN5daisy3gui15CGUIEnvironmentE,93,0x000ab7a2,_ZN2ox3gui10IGUILayout9sortRiverEbiib
_ZTVN5daisy3gui15CGUIEnvironmentE,94,0x000ac424,_ZN2ox3gui10IGUILayout14getContentAreaEv
_ZTVN5daisy3gui15CGUIEnvironmentE,95,0x000ac450,_ZN2ox3gui10IGUILayout28updateChildrenForContentAreaEv
_ZTVN5daisy3gui15CGUIEnvironmentE,96,0xffffffe8,
_ZTVN5daisy3gui15CGUIEnvironmentE,97,0x00265240,_ZTIN5daisy3gui15CGUIEnvironmentE
_ZTVN5daisy3gui15CGUIEnvironmentE,98,0x000a8c37,_ZThn24_N5daisy3gui15CGUIEnvironment7OnEventERKN2ox5event6SEventE
_ZTVN5daisy3gui15CGUIEnvironmentE,99,0x000a89b2,_ZThn24_N5daisy3gui15CGUIEnvironmentD1Ev
_ZTVN5daisy3gui15CGUIEnvironmentE,100,0x000a87e6,_ZThn24_N5daisy3gui15CGUIEnvironmentD0Ev
_ZTVN5daisy3gui15CGUIEnvironmentE,101,0x00000000,
_ZTVN5daisy3gui15CGUIEnvironmentE,102,0x00000000,
_ZTVN5daisy3gui15CGUIEnvironmentE,103,0x00000000,
_ZTVN5daisy3gui18CGUIFileOpenDialogE,0,0x00000000,
_ZTVN5daisy3gui18CGUIFileOpenDialogE,1,0x00265318,_ZTIN5daisy3gui18CGUIFileOpenDialogE
_ZTVN5daisy3gui18CGUIFileOpenDialogE,2,0x000af3cc,_ZN5daisy3gui18CGUIFileOpenDialogD1Ev
_ZTVN5daisy3gui18CGUIFileOpenDialogE,3,0x000af39c,_ZN5daisy3gui18CGUIFileOpenDialogD0Ev
_ZTVN5daisy3gui18CGUIFileOpenDialogE,4,0x000aac06,_ZN2ox3gui11IGUIElement19setRelativePositionERKNS_4core5CRectIiEE
_ZTVN5daisy3gui18CGUIFileOpenDialogE,5,0x000ae4ba,_ZN2ox3gui11IGUIElement29getParentAbsoluteClippingRectEb
_ZTVN5daisy3gui18CGUIFileOpenDialogE,6,0x000aad94,_ZN2ox3gui11IGUIElement22updateAbsolutePositionEv
_ZTVN5daisy3gui18CGUIFileOpenDialogE,7,0x000aaa08,_ZN2ox3gui11IGUIElement8addChildEPS1_
_ZTVN5daisy3gui18CGUIFileOpenDialogE,8,0x000af4d2,_ZN5daisy3gui18CGUIFileOpenDialog11removeChildEPN2ox3gui11IGUIElementE
_ZTVN5daisy3gui18CGUIFileOpenDialogE,9,0x000aae9e,_ZN2ox3gui11IGUIElement17removeAllChildrenEv
_ZTVN5daisy3gui18CGUIFileOpenDialogE,10,0x00173520,_ZN2ox3gui11IGUIElement6removeEv
_ZTVN5daisy3gui18CGUIFileOpenDialogE,11,0x000af94e,_ZN5daisy3gui18CGUIFileOpenDialog4drawEv
_ZTVN5daisy3gui18CGUIFileOpenDialogE,12,0x000aafc2,_ZN2ox3gui11IGUIElement4moveENS_4core11CPosition2dIiEE
_ZTVN5daisy3gui18CGUIFileOpenDialogE,13,0x000aafea,_ZN2ox3gui11IGUIElement6moveToENS_4core11CPosition2dIiEE
_ZTVN5daisy3gui18CGUIFileOpenDialogE,14,0x000ab034,_ZN2ox3gui11IGUIElement12centerOnRectERKNS_4core5CRectIiEE
_ZTVN5daisy3gui18CGUIFileOpenDialogE,15,0x000ab08a,_ZN2ox3gui11IGUIElement14centerOnParentEv
_ZTVN5daisy3gui18CGUIFileOpenDialogE,16,0x000ab0c6,_ZN2ox3gui11IGUIElement9isVisibleEv
_ZTVN5daisy3gui18CGUIFileOpenDialogE,17,0x000ab0d6,_ZN2ox3gui11IGUIElement10setVisibleEb
_ZTVN5daisy3gui18CGUIFileOpenDialogE,18,0x000ab0e4,_ZN2ox3gui11IGUIElement9isEnabledEv
_ZTVN5daisy3gui18CGUIFileOpenDialogE,19,0x000ab0f4,_ZN2ox3gui11IGUIElement10setEnabledEb
_ZTVN5daisy3gui18CGUIFileOpenDialogE,20,0x000ab12e,_ZN2ox3gui11IGUIElement7isFixedEv
_ZTVN5daisy3gui18CGUIFileOpenDialogE,21,0x000ab13e,_ZN2ox3gui11IGUIElement8setFixedEb
_ZTVN5daisy3gui18CGUIFileOpenDialogE,22,0x000ab14c,_ZN2ox3gui11IGUIElement11isInvisibleEv
_ZTVN5daisy3gui18CGUIFileOpenDialogE,23,0x000ab15c,_ZN2ox3gui11IGUIElement12setInvisibleEb
_ZTVN5daisy3gui18CGUIFileOpenDialogE,24,0x000ab16a,_ZN2ox3gui11IGUIElement16doesReportOnDrawEv
_ZTVN5daisy3gui18CGUIFileOpenDialogE,25,0x000ab17c,_ZN2ox3gui11IGUIElement15setReportOnDrawEi
_ZTVN5daisy3gui18CGUIFileOpenDialogE,26,0x000ab18a,_ZN2ox3gui11IGUIElement7setTextEPKw
_ZTVN5daisy3gui18CGUIFileOpenDialogE,27,0x000ab1aa,_ZNK2ox3gui11IGUIElement7getTextEv
_ZTVN5daisy3gui18CGUIFileOpenDialogE,28,0x000ab1b6,_ZN2ox3gui11IGUIElement5getIDEv
_ZTVN5daisy3gui18CGUIFileOpenDialogE,29,0x000ab1c2,_ZN2ox3gui11IGUIElement5setIDEi
_ZTVN5daisy3gui18CGUIFileOpenDialogE,30,0x000ab1d0,_ZN2ox3gui11IGUIElement7getTypeEv
_ZTVN5daisy3gui18CGUIFileOpenDialogE,31,0x000af514,_ZN5daisy3gui18CGUIFileOpenDialog7OnEventERKN2ox5event6SEventE
_ZTVN5daisy3gui18CGUIFileOpenDialogE,32,0x000ab1dc,_ZN2ox3gui11IGUIElement22OnEventInNonFocusStateERKNS_5event6SEventE
_ZTVN5daisy3gui18CGUIFileOpenDialogE,33,0x000ab218,_ZN2ox3gui11IGUIElement12bringToFrontEPS1_
_ZTVN5daisy3gui18CGUIFileOpenDialogE,34,0x000ab270,_ZN2ox3gui11IGUIElement11getChildrenEv
_ZTVN5daisy3gui18CGUIFileOpenDialogE,35,0x000ab27c,_ZN2ox3gui11IGUIElement16getElementFromIdEib
_ZTVN5daisy3gui18CGUIFileOpenDialogE,36,0x000ab2d8,_ZN2ox3gui11IGUIElement12getHoverItemEv
_ZTVN5daisy3gui18CGUIFileOpenDialogE,37,0x000ab2e4,_ZN2ox3gui11IGUIElement12setHoverItemEPS1_
_ZTVN5daisy3gui18CGUIFileOpenDialogE,38,0x000ab334,_ZN2ox3gui11IGUIElement16getPreferredSizeEv
_ZTVN5daisy3gui18CGUIFileOpenDialogE,39,0x000af506,_ZN5daisy3gui18CGUIFileOpenDialog11getFilenameEv
_ZTVN5daisy3gui18CGUIFileOpenDialogE,40,0xfffffff4,
_ZTVN5daisy3gui18CGUIFileOpenDialogE,41,0x00265318,_ZTIN5daisy3gui18CGUIFileOpenDialogE
_ZTVN5daisy3gui18CGUIFileOpenDialogE,42,0x000af92b,_ZThn12_N5daisy3gui18CGUIFileOpenDialog7OnEventERKN2ox5event6SEventE
_ZTVN5daisy3gui18CGUIFileOpenDialogE,43,0x000af4b8,_ZThn12_N5daisy3gui18CGUIFileOpenDialogD1Ev
_ZTVN5daisy3gui18CGUIFileOpenDialogE,44,0x000af3d5,_ZThn12_N5daisy3gui18CGUIFileOpenDialogD0Ev
_ZTVN5daisy3gui18CGUIFileOpenDialogE,45,0x00000000,
_ZTVN5daisy3gui8CGUIFontE,0,0x00000000,
_ZTVN5daisy3gui8CGUIFontE,1,0x00265358,_ZTIN5daisy3gui8CGUIFontE
_ZTVN5daisy3gui8CGUIFontE,2,0x000afad8,_ZN5daisy3gui8CGUIFontD1Ev
_ZTVN5daisy3gui8CGUIFontE,3,0x000afaa8,_ZN5daisy3gui8CGUIFontD0Ev
_ZTVN5daisy3gui8CGUIFontE,4,0x000b0004,_ZN5daisy3gui8CGUIFont4drawEPKwRKN2ox4core5CRectIiEENS4_5video6SColorENS4_3gui20EFontHorizontalAlignENSC_18EFontVerticalAlignEPS8_
_ZTVN5daisy3gui8CGUIFontE,5,0x000affa2,_ZN5daisy3gui8CGUIFont12getDimensionEPKw
_ZTVN5daisy3gui8CGUIFontE,6,0x000b0128,_ZN5daisy3gui8CGUIFont19getCharacterFromPosEPKwi
_ZTVN5daisy3gui8CGUIFontE,7,0x000b0258,_ZN5daisy3gui8CGUIFont16setOriginalColorERKN2ox5video6SColorE
_ZTVN5daisy3gui8CGUIFontE,8,0x000b025e,_ZN5daisy3gui8CGUIFont14getRecentColorEv
_ZTVN5daisy3gui8CGUIFontE,9,0x00000000,
_ZTVN5daisy3gui9CGUIImageE,0,0x00000000,
_ZTVN5daisy3gui9CGUIImageE,1,0x00265430,_ZTIN5daisy3gui9CGUIImageE
_ZTVN5daisy3gui9CGUIImageE,2,0x000b067c,_ZN5daisy3gui9CGUIImageD1Ev
_ZTVN5daisy3gui9CGUIImageE,3,0x000b064c,_ZN5daisy3gui9CGUIImageD0Ev
_ZTVN5daisy3gui9CGUIImageE,4,0x000aac06,_ZN2ox3gui11IGUIElement19setRelativePositionERKNS_4core5CRectIiEE
_ZTVN5daisy3gui9CGUIImageE,5,0x000ae4ba,_ZN2ox3gui11IGUIElement29getParentAbsoluteClippingRectEb
_ZTVN5daisy3gui9CGUIImageE,6,0x000aad94,_ZN2ox3gui11IGUIElement22updateAbsolutePositionEv
_ZTVN5daisy3gui9CGUIImageE,7,0x000aaa08,_ZN2ox3gui11IGUIElement8addChildEPS1_
_ZTVN5daisy3gui9CGUIImageE,8,0x000ae510,_ZN2ox3gui11IGUIElement11removeChildEPS1_
_ZTVN5daisy3gui9CGUIImageE,9,0x000aae9e,_ZN2ox3gui11IGUIElement17removeAllChildrenEv
_ZTVN5daisy3gui9CGUIImageE,10,0x00173520,_ZN2ox3gui11IGUIElement6removeEv
_ZTVN5daisy3gui9CGUIImageE,11,0x000b08ae,_ZN5daisy3gui9CGUIImage4drawEv
_ZTVN5daisy3gui9CGUIImageE,12,0x000aafc2,_ZN2ox3gui11IGUIElement4moveENS_4core11CPosition2dIiEE
_ZTVN5daisy3gui9CGUIImageE,13,0x000aafea,_ZN2ox3gui11IGUIElement6moveToENS_4core11CPosition2dIiEE
_ZTVN5daisy3gui9CGUIImageE,14,0x000ab034,_ZN2ox3gui11IGUIElement12centerOnRectERKNS_4core5CRectIiEE
_ZTVN5daisy3gui9CGUIImageE,15,0x000ab08a,_ZN2ox3gui11IGUIElement14centerOnParentEv
_ZTVN5daisy3gui9CGUIImageE,16,0x000ab0c6,_ZN2ox3gui11IGUIElement9isVisibleEv
_ZTVN5daisy3gui9CGUIImageE,17,0x000ab0d6,_ZN2ox3gui11IGUIElement10setVisibleEb
_ZTVN5daisy3gui9CGUIImageE,18,0x000ab0e4,_ZN2ox3gui11IGUIElement9isEnabledEv
_ZTVN5daisy3gui9CGUIImageE,19,0x000ab0f4,_ZN2ox3gui11IGUIElement10setEnabledEb
_ZTVN5daisy3gui9CGUIImageE,20,0x000ab12e,_ZN2ox3gui11IGUIElement7isFixedEv
_ZTVN5daisy3gui9CGUIImageE,21,0x000ab13e,_ZN2ox3gui11IGUIElement8setFixedEb
_ZTVN5daisy3gui9CGUIImageE,22,0x000ab14c,_ZN2ox3gui11IGUIElement11isInvisibleEv
_ZTVN5daisy3gui9CGUIImageE,23,0x000ab15c,_ZN2ox3gui11IGUIElement12setInvisibleEb
_ZTVN5daisy3gui9CGUIImageE,24,0x000ab16a,_ZN2ox3gui11IGUIElement16doesReportOnDrawEv
_ZTVN5daisy3gui9CGUIImageE,25,0x000ab17c,_ZN2ox3gui11IGUIElement15setReportOnDrawEi
_ZTVN5daisy3gui9CGUIImageE,26,0x000ab18a,_ZN2ox3gui11IGUIElement7setTextEPKw
_ZTVN5daisy3gui9CGUIImageE,27,0x000ab1aa,_ZNK2ox3gui11IGUIElement7getTextEv
_ZTVN5daisy3gui9CGUIImageE,28,0x000ab1b6,_ZN2ox3gui11IGUIElement5getIDEv
_ZTVN5daisy3gui9CGUIImageE,29,0x000ab1c2,_ZN2ox3gui11IGUIElement5setIDEi
_ZTVN5daisy3gui9CGUIImageE,30,0x000ab1d0,_ZN2ox3gui11IGUIElement7getTypeEv
_ZTVN5daisy3gui9CGUIImageE,31,0x000ae556,_ZN2ox3gui11IGUIElement7OnEventERKNS_5event6SEventE
_ZTVN5daisy3gui9CGUIImageE,32,0x000ab1dc,_ZN2ox3gui11IGUIElement22OnEventInNonFocusStateERKNS_5event6SEventE
_ZTVN5daisy3gui9CGUIImageE,33,0x000ab218,_ZN2ox3gui11IGUIElement12bringToFrontEPS1_
_ZTVN5daisy3gui9CGUIImageE,34,0x000ab270,_ZN2ox3gui11IGUIElement11getChildrenEv
_ZTVN5daisy3gui9CGUIImageE,35,0x000ab27c,_ZN2ox3gui11IGUIElement16getElementFromIdEib
_ZTVN5daisy3gui9CGUIImageE,36,0x000ab2d8,_ZN2ox3gui11IGUIElement12getHoverItemEv
_ZTVN5daisy3gui9CGUIImageE,37,0x000ab2e4,_ZN2ox3gui11IGUIElement12setHoverItemEPS1_
_ZTVN5daisy3gui9CGUIImageE,38,0x000ab334,_ZN2ox3gui11IGUIElement16getPreferredSizeEv
_ZTVN5daisy3gui9CGUIImageE,39,0x000b072e,_ZN5daisy3gui9CGUIImage8setImageEPN2ox5video8ITextureE
_ZTVN5daisy3gui9CGUIImageE,40,0x000b0786,_ZN5daisy3gui9CGUIImage12setAnimationEPKcPN2ox5video14ISpritePackageE
_ZTVN5daisy3gui9CGUIImageE,41,0x000b089c,_ZN5daisy3gui9CGUIImage16setOverrideColorEN2ox5video6SColorE
_ZTVN5daisy3gui9CGUIImageE,42,0xfffffff4,
_ZTVN5daisy3gui9CGUIImageE,43,0x00265430,_ZTIN5daisy3gui9CGUIImageE
_ZTVN5daisy3gui9CGUIImageE,44,0x000ae5a0,_ZThn12_N2ox3gui11IGUIElement7OnEventERKNS_5event6SEventE
_ZTVN5daisy3gui9CGUIImageE,45,0x000b0715,_ZThn12_N5daisy3gui9CGUIImageD1Ev
_ZTVN5daisy3gui9CGUIImageE,46,0x000b0685,_ZThn12_N5daisy3gui9CGUIImageD0Ev
_ZTVN5daisy3gui9CGUIImageE,47,0x00000000,
_ZTVN5daisy3gui14CGUIInOutFaderE,0,0x00000000,
_ZTVN5daisy3gui14CGUIInOutFaderE,1,0x00265508,_ZTIN5daisy3gui14CGUIInOutFaderE
_ZTVN5daisy3gui14CGUIInOutFaderE,2,0x000b0bbc,_ZN5daisy3gui14CGUIInOutFaderD1Ev
_ZTVN5daisy3gui14CGUIInOutFaderE,3,0x000b0b8c,_ZN5daisy3gui14CGUIInOutFaderD0Ev
_ZTVN5daisy3gui14CGUIInOutFaderE,4,0x000aac06,_ZN2ox3gui11IGUIElement19setRelativePositionERKNS_4core5CRectIiEE
_ZTVN5daisy3gui14CGUIInOutFaderE,5,0x000ae4ba,_ZN2ox3gui11IGUIElement29getParentAbsoluteClippingRectEb
_ZTVN5daisy3gui14CGUIInOutFaderE,6,0x000aad94,_ZN2ox3gui11IGUIElement22updateAbsolutePositionEv
_ZTVN5daisy3gui14CGUIInOutFaderE,7,0x000aaa08,_ZN2ox3gui11IGUIElement8addChildEPS1_
_ZTVN5daisy3gui14CGUIInOutFaderE,8,0x000ae510,_ZN2ox3gui11IGUIElement11removeChildEPS1_
_ZTVN5daisy3gui14CGUIInOutFaderE,9,0x000aae9e,_ZN2ox3gui11IGUIElement17removeAllChildrenEv
_ZTVN5daisy3gui14CGUIInOutFaderE,10,0x00173520,_ZN2ox3gui11IGUIElement6removeEv
_ZTVN5daisy3gui14CGUIInOutFaderE,11,0x000b0c00,_ZN5daisy3gui14CGUIInOutFader4drawEv
_ZTVN5daisy3gui14CGUIInOutFaderE,12,0x000aafc2,_ZN2ox3gui11IGUIElement4moveENS_4core11CPosition2dIiEE
_ZTVN5daisy3gui14CGUIInOutFaderE,13,0x000aafea,_ZN2ox3gui11IGUIElement6moveToENS_4core11CPosition2dIiEE
_ZTVN5daisy3gui14CGUIInOutFaderE,14,0x000ab034,_ZN2ox3gui11IGUIElement12centerOnRectERKNS_4core5CRectIiEE
_ZTVN5daisy3gui14CGUIInOutFaderE,15,0x000ab08a,_ZN2ox3gui11IGUIElement14centerOnParentEv
_ZTVN5daisy3gui14CGUIInOutFaderE,16,0x000ab0c6,_ZN2ox3gui11IGUIElement9isVisibleEv
_ZTVN5daisy3gui14CGUIInOutFaderE,17,0x000ab0d6,_ZN2ox3gui11IGUIElement10setVisibleEb
_ZTVN5daisy3gui14CGUIInOutFaderE,18,0x000ab0e4,_ZN2ox3gui11IGUIElement9isEnabledEv
_ZTVN5daisy3gui14CGUIInOutFaderE,19,0x000ab0f4,_ZN2ox3gui11IGUIElement10setEnabledEb
_ZTVN5daisy3gui14CGUIInOutFaderE,20,0x000ab12e,_ZN2ox3gui11IGUIElement7isFixedEv
_ZTVN5daisy3gui14CGUIInOutFaderE,21,0x000ab13e,_ZN2ox3gui11IGUIElement8setFixedEb
_ZTVN5daisy3gui14CGUIInOutFaderE,22,0x000ab14c,_ZN2ox3gui11IGUIElement11isInvisibleEv
_ZTVN5daisy3gui14CGUIInOutFaderE,23,0x000ab15c,_ZN2ox3gui11IGUIElement12setInvisibleEb
_ZTVN5daisy3gui14CGUIInOutFaderE,24,0x000ab16a,_ZN2ox3gui11IGUIElement16doesReportOnDrawEv
_ZTVN5daisy3gui14CGUIInOutFaderE,25,0x000ab17c,_ZN2ox3gui11IGUIElement15setReportOnDrawEi
_ZTVN5daisy3gui14CGUIInOutFaderE,26,0x000ab18a,_ZN2ox3gui11IGUIElement7setTextEPKw
_ZTVN5daisy3gui14CGUIInOutFaderE,27,0x000ab1aa,_ZNK2ox3gui11IGUIElement7getTextEv
_ZTVN5daisy3gui14CGUIInOutFaderE,28,0x000ab1b6,_ZN2ox3gui11IGUIElement5getIDEv
_ZTVN5daisy3gui14CGUIInOutFaderE,29,0x000ab1c2,_ZN2ox3gui11IGUIElement5setIDEi
_ZTVN5daisy3gui14CGUIInOutFaderE,30,0x000ab1d0,_ZN2ox3gui11IGUIElement7getTypeEv
_ZTVN5daisy3gui14CGUIInOutFaderE,31,0x000ae556,_ZN2ox3gui11IGUIElement7OnEventERKNS_5event6SEventE
_ZTVN5daisy3gui14CGUIInOutFaderE,32,0x000ab1dc,_ZN2ox3gui11IGUIElement22OnEventInNonFocusStateERKNS_5event6SEventE
_ZTVN5daisy3gui14CGUIInOutFaderE,33,0x000ab218,_ZN2ox3gui11IGUIElement12bringToFrontEPS1_
_ZTVN5daisy3gui14CGUIInOutFaderE,34,0x000ab270,_ZN2ox3gui11IGUIElement11getChildrenEv
_ZTVN5daisy3gui14CGUIInOutFaderE,35,0x000ab27c,_ZN2ox3gui11IGUIElement16getElementFromIdEib
_ZTVN5daisy3gui14CGUIInOutFaderE,36,0x000ab2d8,_ZN2ox3gui11IGUIElement12getHoverItemEv
_ZTVN5daisy3gui14CGUIInOutFaderE,37,0x000ab2e4,_ZN2ox3gui11IGUIElement12setHoverItemEPS1_
_ZTVN5daisy3gui14CGUIInOutFaderE,38,0x000ab334,_ZN2ox3gui11IGUIElement16getPreferredSizeEv
_ZTVN5daisy3gui14CGUIInOutFaderE,39,0x000b0d9c,_ZNK5daisy3gui14CGUIInOutFader8getColorEv
_ZTVN5daisy3gui14CGUIInOutFaderE,40,0x000b0daa,_ZN5daisy3gui14CGUIInOutFader8setColorEN2ox5video6SColorE
_ZTVN5daisy3gui14CGUIInOutFaderE,41,0x000b0e26,_ZN5daisy3gui14CGUIInOutFader6fadeInEj
_ZTVN5daisy3gui14CGUIInOutFaderE,42,0x000b0e70,_ZN5daisy3gui14CGUIInOutFader7fadeOutEj
_ZTVN5daisy3gui14CGUIInOutFaderE,43,0x000b0e06,_ZNK5daisy3gui14CGUIInOutFader7isReadyEv
_ZTVN5daisy3gui14CGUIInOutFaderE,44,0xfffffff4,
_ZTVN5daisy3gui14CGUIInOutFaderE,45,0x00265508,_ZTIN5daisy3gui14CGUIInOutFaderE
_ZTVN5daisy3gui14CGUIInOutFaderE,46,0x000ae5a0,_ZThn12_N2ox3gui11IGUIElement7OnEventERKNS_5event6SEventE
_ZTVN5daisy3gui14CGUIInOutFaderE,47,0x000b0be7,_ZThn12_N5daisy3gui14CGUIInOutFaderD1Ev
_ZTVN5daisy3gui14CGUIInOutFaderE,48,0x000b0bc5,_ZThn12_N5daisy3gui14CGUIInOutFaderD0Ev
_ZTVN5daisy3gui14CGUIInOutFaderE,49,0x00000000,
_ZTVN5daisy3gui11CGUIListBoxE,0,0x00000000,
_ZTVN5daisy3gui11CGUIListBoxE,1,0x00265610,_ZTIN5daisy3gui11CGUIListBoxE
_ZTVN5daisy3gui11CGUIListBoxE,2,0x000b1494,_ZN5daisy3gui11CGUIListBoxD1Ev
_ZTVN5daisy3gui11CGUIListBoxE,3,0x000b1464,_ZN5daisy3gui11CGUIListBoxD0Ev
_ZTVN5daisy3gui11CGUIListBoxE,4,0x000b1348,_ZN5daisy3gui11CGUIListBox19setRelativePositionERKN2ox4core5CRectIiEE
_ZTVN5daisy3gui11CGUIListBoxE,5,0x000ae4ba,_ZN2ox3gui11IGUIElement29getParentAbsoluteClippingRectEb
_ZTVN5daisy3gui11CGUIListBoxE,6,0x000aad94,_ZN2ox3gui11IGUIElement22updateAbsolutePositionEv
_ZTVN5daisy3gui11CGUIListBoxE,7,0x000aaa08,_ZN2ox3gui11IGUIElement8addChildEPS1_
_ZTVN5daisy3gui11CGUIListBoxE,8,0x000ae510,_ZN2ox3gui11IGUIElement11removeChildEPS1_
_ZTVN5daisy3gui11CGUIListBoxE,9,0x000aae9e,_ZN2ox3gui11IGUIElement17removeAllChildrenEv
_ZTVN5daisy3gui11CGUIListBoxE,10,0x00173520,_ZN2ox3gui11IGUIElement6removeEv
_ZTVN5daisy3gui11CGUIListBoxE,11,0x000b1ca2,_ZN5daisy3gui11CGUIListBox4drawEv
_ZTVN5daisy3gui11CGUIListBoxE,12,0x000aafc2,_ZN2ox3gui11IGUIElement4moveENS_4core11CPosition2dIiEE
_ZTVN5daisy3gui11CGUIListBoxE,13,0x000aafea,_ZN2ox3gui11IGUIElement6moveToENS_4core11CPosition2dIiEE
_ZTVN5daisy3gui11CGUIListBoxE,14,0x000ab034,_ZN2ox3gui11IGUIElement12centerOnRectERKNS_4core5CRectIiEE
_ZTVN5daisy3gui11CGUIListBoxE,15,0x000ab08a,_ZN2ox3gui11IGUIElement14centerOnParentEv
_ZTVN5daisy3gui11CGUIListBoxE,16,0x000ab0c6,_ZN2ox3gui11IGUIElement9isVisibleEv
_ZTVN5daisy3gui11CGUIListBoxE,17,0x000ab0d6,_ZN2ox3gui11IGUIElement10setVisibleEb
_ZTVN5daisy3gui11CGUIListBoxE,18,0x000ab0e4,_ZN2ox3gui11IGUIElement9isEnabledEv
_ZTVN5daisy3gui11CGUIListBoxE,19,0x000ab0f4,_ZN2ox3gui11IGUIElement10setEnabledEb
_ZTVN5daisy3gui11CGUIListBoxE,20,0x000ab12e,_ZN2ox3gui11IGUIElement7isFixedEv
_ZTVN5daisy3gui11CGUIListBoxE,21,0x000ab13e,_ZN2ox3gui11IGUIElement8setFixedEb
_ZTVN5daisy3gui11CGUIListBoxE,22,0x000ab14c,_ZN2ox3gui11IGUIElement11isInvisibleEv
_ZTVN5daisy3gui11CGUIListBoxE,23,0x000ab15c,_ZN2ox3gui11IGUIElement12setInvisibleEb
_ZTVN5daisy3gui11CGUIListBoxE,24,0x000ab16a,_ZN2ox3gui11IGUIElement16doesReportOnDrawEv
_ZTVN5daisy3gui11CGUIListBoxE,25,0x000ab17c,_ZN2ox3gui11IGUIElement15setReportOnDrawEi
_ZTVN5daisy3gui11CGUIListBoxE,26,0x000ab18a,_ZN2ox3gui11IGUIElement7setTextEPKw
_ZTVN5daisy3gui11CGUIListBoxE,27,0x000ab1aa,_ZNK2ox3gui11IGUIElement7getTextEv
_ZTVN5daisy3gui11CGUIListBoxE,28,0x000ab1b6,_ZN2ox3gui11IGUIElement5getIDEv
_ZTVN5daisy3gui11CGUIListBoxE,29,0x000ab1c2,_ZN2ox3gui11IGUIElement5setIDEi
_ZTVN5daisy3gui11CGUIListBoxE,30,0x000ab1d0,_ZN2ox3gui11IGUIElement7getTypeEv
_ZTVN5daisy3gui11CGUIListBoxE,31,0x000b1848,_ZN5daisy3gui11CGUIListBox7OnEventERKN2ox5event6SEventE
_ZTVN5daisy3gui11CGUIListBoxE,32,0x000ab1dc,_ZN2ox3gui11IGUIElement22OnEventInNonFocusStateERKNS_5event6SEventE
_ZTVN5daisy3gui11CGUIListBoxE,33,0x000ab218,_ZN2ox3gui11IGUIElement12bringToFrontEPS1_
_ZTVN5daisy3gui11CGUIListBoxE,34,0x000ab270,_ZN2ox3gui11IGUIElement11getChildrenEv
_ZTVN5daisy3gui11CGUIListBoxE,35,0x000ab27c,_ZN2ox3gui11IGUIElement16getElementFromIdEib
_ZTVN5daisy3gui11CGUIListBoxE,36,0x000ab2d8,_ZN2ox3gui11IGUIElement12getHoverItemEv
_ZTVN5daisy3gui11CGUIListBoxE,37,0x000ab2e4,_ZN2ox3gui11IGUIElement12setHoverItemEPS1_
_ZTVN5daisy3gui11CGUIListBoxE,38,0x000ab334,_ZN2ox3gui11IGUIElement16getPreferredSizeEv
_ZTVN5daisy3gui11CGUIListBoxE,39,0x000b1576,_ZN5daisy3gui11CGUIListBox12getItemCountEv
_ZTVN5daisy3gui11CGUIListBoxE,40,0x000b15a4,_ZN5daisy3gui11CGUIListBox11getListItemEi
_ZTVN5daisy3gui11CGUIListBoxE,41,0x000b15de,_ZN5daisy3gui11CGUIListBox13getListParentEv
_ZTVN5daisy3gui11CGUIListBoxE,42,0x000b1714,_ZN5daisy3gui11CGUIListBox21recalculateItemHeightEv
_ZTVN5daisy3gui11CGUIListBoxE,43,0x000b15ec,_ZN5daisy3gui11CGUIListBox9sortItemsEb
_ZTVN5daisy3gui11CGUIListBoxE,44,0x000b220e,_ZN5daisy3gui11CGUIListBox14setItemSpacingEi
_ZTVN5daisy3gui11CGUIListBoxE,45,0x000b2040,_ZN5daisy3gui11CGUIListBox11addTextItemEPKwPN2ox3gui8IGUIFontENS4_5video6SColorEbb
_ZTVN5daisy3gui11CGUIListBoxE,46,0x000b2220,_ZN5daisy3gui11CGUIListBox17setTextItemIndentEPKw
_ZTVN5daisy3gui11CGUIListBoxE,47,0x000b167e,_ZN5daisy3gui11CGUIListBox5clearEv
_ZTVN5daisy3gui11CGUIListBoxE,48,0x000b1bd0,_ZN5daisy3gui11CGUIListBox13setSelectableEb
_ZTVN5daisy3gui11CGUIListBoxE,49,0x000b17d6,_ZN5daisy3gui11CGUIListBox11getSelectedEv
_ZTVN5daisy3gui11CGUIListBoxE,50,0x000b17e4,_ZN5daisy3gui11CGUIListBox11setSelectedEi
_ZTVN5daisy3gui11CGUIListBoxE,51,0x000b1c2a,_ZN5daisy3gui11CGUIListBox10removeItemEi
_ZTVN5daisy3gui11CGUIListBoxE,52,0x000b1c82,_ZN5daisy3gui11CGUIListBox25selectionWasDoubleClickedEv
_ZTVN5daisy3gui11CGUIListBoxE,53,0x000b1c94,_ZN5daisy3gui11CGUIListBox12getScrollBarEv
_ZTVN5daisy3gui11CGUIListBoxE,54,0x000b2004,_ZN5daisy3gui11CGUIListBox11setIconFontEPN2ox3gui8IGUIFontE
_ZTVN5daisy3gui11CGUIListBoxE,55,0xfffffff4,
_ZTVN5daisy3gui11CGUIListBoxE,56,0x00265610,_ZTIN5daisy3gui11CGUIListBoxE
_ZTVN5daisy3gui11CGUIListBoxE,57,0x000b1bac,_ZThn12_N5daisy3gui11CGUIListBox7OnEventERKN2ox5event6SEventE
_ZTVN5daisy3gui11CGUIListBoxE,58,0x000b155c,_ZThn12_N5daisy3gui11CGUIListBoxD1Ev
_ZTVN5daisy3gui11CGUIListBoxE,59,0x000b149d,_ZThn12_N5daisy3gui11CGUIListBoxD0Ev
_ZTVN5daisy3gui8CGUIMenuE,0,0x00000000,
_ZTVN5daisy3gui8CGUIMenuE,1,0x00265718,_ZTIN5daisy3gui8CGUIMenuE
_ZTVN5daisy3gui8CGUIMenuE,2,0x000b23c8,_ZN5daisy3gui8CGUIMenuD1Ev
_ZTVN5daisy3gui8CGUIMenuE,3,0x000b2398,_ZN5daisy3gui8CGUIMenuD0Ev
_ZTVN5daisy3gui8CGUIMenuE,4,0x000aac06,_ZN2ox3gui11IGUIElement19setRelativePositionERKNS_4core5CRectIiEE
_ZTVN5daisy3gui8CGUIMenuE,5,0x000ae4ba,_ZN2ox3gui11IGUIElement29getParentAbsoluteClippingRectEb
_ZTVN5daisy3gui8CGUIMenuE,6,0x000b2c92,_ZN5daisy3gui8CGUIMenu22updateAbsolutePositionEv
_ZTVN5daisy3gui8CGUIMenuE,7,0x000aaa08,_ZN2ox3gui11IGUIElement8addChildEPS1_
_ZTVN5daisy3gui8CGUIMenuE,8,0x000ae510,_ZN2ox3gui11IGUIElement11removeChildEPS1_
_ZTVN5daisy3gui8CGUIMenuE,9,0x000aae9e,_ZN2ox3gui11IGUIElement17removeAllChildrenEv
_ZTVN5daisy3gui8CGUIMenuE,10,0x00173520,_ZN2ox3gui11IGUIElement6removeEv
_ZTVN5daisy3gui8CGUIMenuE,11,0x000b240c,_ZN5daisy3gui8CGUIMenu4drawEv
_ZTVN5daisy3gui8CGUIMenuE,12,0x000aafc2,_ZN2ox3gui11IGUIElement4moveENS_4core11CPosition2dIiEE
_ZTVN5daisy3gui8CGUIMenuE,13,0x000aafea,_ZN2ox3gui11IGUIElement6moveToENS_4core11CPosition2dIiEE
_ZTVN5daisy3gui8CGUIMenuE,14,0x000ab034,_ZN2ox3gui11IGUIElement12centerOnRectERKNS_4core5CRectIiEE
_ZTVN5daisy3gui8CGUIMenuE,15,0x000ab08a,_ZN2ox3gui11IGUIElement14centerOnParentEv
_ZTVN5daisy3gui8CGUIMenuE,16,0x000ab0c6,_ZN2ox3gui11IGUIElement9isVisibleEv
_ZTVN5daisy3gui8CGUIMenuE,17,0x000a469a,_ZN5daisy3gui15CGUIContextMenu10setVisibleEb
_ZTVN5daisy3gui8CGUIMenuE,18,0x000ab0e4,_ZN2ox3gui11IGUIElement9isEnabledEv
_ZTVN5daisy3gui8CGUIMenuE,19,0x000ab0f4,_ZN2ox3gui11IGUIElement10setEnabledEb
_ZTVN5daisy3gui8CGUIMenuE,20,0x000ab12e,_ZN2ox3gui11IGUIElement7isFixedEv
_ZTVN5daisy3gui8CGUIMenuE,21,0x000ab13e,_ZN2ox3gui11IGUIElement8setFixedEb
_ZTVN5daisy3gui8CGUIMenuE,22,0x000ab14c,_ZN2ox3gui11IGUIElement11isInvisibleEv
_ZTVN5daisy3gui8CGUIMenuE,23,0x000ab15c,_ZN2ox3gui11IGUIElement12setInvisibleEb
_ZTVN5daisy3gui8CGUIMenuE,24,0x000ab16a,_ZN2ox3gui11IGUIElement16doesReportOnDrawEv
_ZTVN5daisy3gui8CGUIMenuE,25,0x000ab17c,_ZN2ox3gui11IGUIElement15setReportOnDrawEi
_ZTVN5daisy3gui8CGUIMenuE,26,0x000ab18a,_ZN2ox3gui11IGUIElement7setTextEPKw
_ZTVN5daisy3gui8CGUIMenuE,27,0x000ab1aa,_ZNK2ox3gui11IGUIElement7getTextEv
_ZTVN5daisy3gui8CGUIMenuE,28,0x000ab1b6,_ZN2ox3gui11IGUIElement5getIDEv
_ZTVN5daisy3gui8CGUIMenuE,29,0x000ab1c2,_ZN2ox3gui11IGUIElement5setIDEi
_ZTVN5daisy3gui8CGUIMenuE,30,0x000ab1d0,_ZN2ox3gui11IGUIElement7getTypeEv
_ZTVN5daisy3gui8CGUIMenuE,31,0x000b280a,_ZN5daisy3gui8CGUIMenu7OnEventERKN2ox5event6SEventE
_ZTVN5daisy3gui8CGUIMenuE,32,0x000ab1dc,_ZN2ox3gui11IGUIElement22OnEventInNonFocusStateERKNS_5event6SEventE
_ZTVN5daisy3gui8CGUIMenuE,33,0x000ab218,_ZN2ox3gui11IGUIElement12bringToFrontEPS1_
_ZTVN5daisy3gui8CGUIMenuE,34,0x000ab270,_ZN2ox3gui11IGUIElement11getChildrenEv
_ZTVN5daisy3gui8CGUIMenuE,35,0x000ab27c,_ZN2ox3gui11IGUIElement16getElementFromIdEib
_ZTVN5daisy3gui8CGUIMenuE,36,0x000ab2d8,_ZN2ox3gui11IGUIElement12getHoverItemEv
_ZTVN5daisy3gui8CGUIMenuE,37,0x000ab2e4,_ZN2ox3gui11IGUIElement12setHoverItemEPS1_
_ZTVN5daisy3gui8CGUIMenuE,38,0x000ab334,_ZN2ox3gui11IGUIElement16getPreferredSizeEv
_ZTVN5daisy3gui8CGUIMenuE,39,0x000a417a,_ZNK5daisy3gui15CGUIContextMenu12getItemCountEv
_ZTVN5daisy3gui8CGUIMenuE,40,0x000a41a2,_ZN5daisy3gui15CGUIContextMenu7addItemEPwibb
_ZTVN5daisy3gui8CGUIMenuE,41,0x000a42f6,_ZN5daisy3gui15CGUIContextMenu12addSeparatorEv
_ZTVN5daisy3gui8CGUIMenuE,42,0x000a4330,_ZN5daisy3gui15CGUIContextMenu11getItemTextEi
_ZTVN5daisy3gui8CGUIMenuE,43,0x000a436e,_ZN5daisy3gui15CGUIContextMenu11setItemTextEiPKw
_ZTVN5daisy3gui8CGUIMenuE,44,0x000a43ce,_ZN5daisy3gui15CGUIContextMenu13isItemEnabledEi
_ZTVN5daisy3gui8CGUIMenuE,45,0x000a4412,_ZN5daisy3gui15CGUIContextMenu14setItemEnabledEib
_ZTVN5daisy3gui8CGUIMenuE,46,0x000a4450,_ZN5daisy3gui15CGUIContextMenu10removeItemEi
_ZTVN5daisy3gui8CGUIMenuE,47,0x000a44e4,_ZN5daisy3gui15CGUIContextMenu14removeAllItemsEv
_ZTVN5daisy3gui8CGUIMenuE,48,0x000a52c6,_ZN5daisy3gui15CGUIContextMenu15getSelectedItemEv
_ZTVN5daisy3gui8CGUIMenuE,49,0x000a5314,_ZN5daisy3gui15CGUIContextMenu16getItemCommandIdEi
_ZTVN5daisy3gui8CGUIMenuE,50,0x000a535a,_ZN5daisy3gui15CGUIContextMenu16setItemCommandIdEii
_ZTVN5daisy3gui8CGUIMenuE,51,0x000a52d4,_ZN5daisy3gui15CGUIContextMenu10getSubMenuEi
_ZTVN5daisy3gui8CGUIMenuE,52,0x000b2a44,_ZN5daisy3gui8CGUIMenu15recalculateSizeEv
_ZTVN5daisy3gui8CGUIMenuE,53,0x000a4866,_ZN5daisy3gui15CGUIContextMenu9highlightEN2ox4core11CPosition2dIiEE
_ZTVN5daisy3gui8CGUIMenuE,54,0x000a4720,_ZN5daisy3gui15CGUIContextMenu9sendClickEN2ox4core11CPosition2dIiEE
_ZTVN5daisy3gui8CGUIMenuE,55,0x000b2c2e,_ZN5daisy3gui8CGUIMenu8getHRectERNS0_15CGUIContextMenu5SItemERN2ox4core5CRectIiEE
_ZTVN5daisy3gui8CGUIMenuE,56,0x000b2c62,_ZN5daisy3gui8CGUIMenu7getRectERNS0_15CGUIContextMenu5SItemERN2ox4core5CRectIiEE
_ZTVN5daisy3gui8CGUIMenuE,57,0xfffffff4,
_ZTVN5daisy3gui8CGUIMenuE,58,0x00265718,_ZTIN5daisy3gui8CGUIMenuE
_ZTVN5daisy3gui8CGUIMenuE,59,0x000b2a21,_ZThn12_N5daisy3gui8CGUIMenu7OnEventERKN2ox5event6SEventE
_ZTVN5daisy3gui8CGUIMenuE,60,0x000b23f3,_ZThn12_N5daisy3gui8CGUIMenuD1Ev
_ZTVN5daisy3gui8CGUIMenuE,61,0x000b23d1,_ZThn12_N5daisy3gui8CGUIMenuD0Ev
_ZTVN5daisy3gui14CGUIMeshViewerE,0,0x00000000,
_ZTVN5daisy3gui14CGUIMeshViewerE,1,0x002657f0,_ZTIN5daisy3gui14CGUIMeshViewerE
_ZTVN5daisy3gui14CGUIMeshViewerE,2,0x000b2e1c,_ZN5daisy3gui14CGUIMeshViewerD1Ev
_ZTVN5daisy3gui14CGUIMeshViewerE,3,0x000b2dec,_ZN5daisy3gui14CGUIMeshViewerD0Ev
_ZTVN5daisy3gui14CGUIMeshViewerE,4,0x000aac06,_ZN2ox3gui11IGUIElement19setRelativePositionERKNS_4core5CRectIiEE
_ZTVN5daisy3gui14CGUIMeshViewerE,5,0x000ae4ba,_ZN2ox3gui11IGUIElement29getParentAbsoluteClippingRectEb
_ZTVN5daisy3gui14CGUIMeshViewerE,6,0x000aad94,_ZN2ox3gui11IGUIElement22updateAbsolutePositionEv
_ZTVN5daisy3gui14CGUIMeshViewerE,7,0x000aaa08,_ZN2ox3gui11IGUIElement8addChildEPS1_
_ZTVN5daisy3gui14CGUIMeshViewerE,8,0x000ae510,_ZN2ox3gui11IGUIElement11removeChildEPS1_
_ZTVN5daisy3gui14CGUIMeshViewerE,9,0x000aae9e,_ZN2ox3gui11IGUIElement17removeAllChildrenEv
_ZTVN5daisy3gui14CGUIMeshViewerE,10,0x00173520,_ZN2ox3gui11IGUIElement6removeEv
_ZTVN5daisy3gui14CGUIMeshViewerE,11,0x000b2ff8,_ZN5daisy3gui14CGUIMeshViewer4drawEv
_ZTVN5daisy3gui14CGUIMeshViewerE,12,0x000aafc2,_ZN2ox3gui11IGUIElement4moveENS_4core11CPosition2dIiEE
_ZTVN5daisy3gui14CGUIMeshViewerE,13,0x000aafea,_ZN2ox3gui11IGUIElement6moveToENS_4core11CPosition2dIiEE
_ZTVN5daisy3gui14CGUIMeshViewerE,14,0x000ab034,_ZN2ox3gui11IGUIElement12centerOnRectERKNS_4core5CRectIiEE
_ZTVN5daisy3gui14CGUIMeshViewerE,15,0x000ab08a,_ZN2ox3gui11IGUIElement14centerOnParentEv
_ZTVN5daisy3gui14CGUIMeshViewerE,16,0x000ab0c6,_ZN2ox3gui11IGUIElement9isVisibleEv
_ZTVN5daisy3gui14CGUIMeshViewerE,17,0x000ab0d6,_ZN2ox3gui11IGUIElement10setVisibleEb
_ZTVN5daisy3gui14CGUIMeshViewerE,18,0x000ab0e4,_ZN2ox3gui11IGUIElement9isEnabledEv
_ZTVN5daisy3gui14CGUIMeshViewerE,19,0x000ab0f4,_ZN2ox3gui11IGUIElement10setEnabledEb
_ZTVN5daisy3gui14CGUIMeshViewerE,20,0x000ab12e,_ZN2ox3gui11IGUIElement7isFixedEv
_ZTVN5daisy3gui14CGUIMeshViewerE,21,0x000ab13e,_ZN2ox3gui11IGUIElement8setFixedEb
_ZTVN5daisy3gui14CGUIMeshViewerE,22,0x000ab14c,_ZN2ox3gui11IGUIElement11isInvisibleEv
_ZTVN5daisy3gui14CGUIMeshViewerE,23,0x000ab15c,_ZN2ox3gui11IGUIElement12setInvisibleEb
_ZTVN5daisy3gui14CGUIMeshViewerE,24,0x000ab16a,_ZN2ox3gui11IGUIElement16doesReportOnDrawEv
_ZTVN5daisy3gui14CGUIMeshViewerE,25,0x000ab17c,_ZN2ox3gui11IGUIElement15setReportOnDrawEi
_ZTVN5daisy3gui14CGUIMeshViewerE,26,0x000ab18a,_ZN2ox3gui11IGUIElement7setTextEPKw
_ZTVN5daisy3gui14CGUIMeshViewerE,27,0x000ab1aa,_ZNK2ox3gui11IGUIElement7getTextEv
_ZTVN5daisy3gui14CGUIMeshViewerE,28,0x000ab1b6,_ZN2ox3gui11IGUIElement5getIDEv
_ZTVN5daisy3gui14CGUIMeshViewerE,29,0x000ab1c2,_ZN2ox3gui11IGUIElement5setIDEi
_ZTVN5daisy3gui14CGUIMeshViewerE,30,0x000ab1d0,_ZN2ox3gui11IGUIElement7getTypeEv
_ZTVN5daisy3gui14CGUIMeshViewerE,31,0x000b2fa2,_ZN5daisy3gui14CGUIMeshViewer7OnEventERKN2ox5event6SEventE
_ZTVN5daisy3gui14CGUIMeshViewerE,32,0x000ab1dc,_ZN2ox3gui11IGUIElement22OnEventInNonFocusStateERKNS_5event6SEventE
_ZTVN5daisy3gui14CGUIMeshViewerE,33,0x000ab218,_ZN2ox3gui11IGUIElement12bringToFrontEPS1_
_ZTVN5daisy3gui14CGUIMeshViewerE,34,0x000ab270,_ZN2ox3gui11IGUIElement11getChildrenEv
_ZTVN5daisy3gui14CGUIMeshViewerE,35,0x000ab27c,_ZN2ox3gui11IGUIElement16getElementFromIdEib
_ZTVN5daisy3gui14CGUIMeshViewerE,36,0x000ab2d8,_ZN2ox3gui11IGUIElement12getHoverItemEv
_ZTVN5daisy3gui14CGUIMeshViewerE,37,0x000ab2e4,_ZN2ox3gui11IGUIElement12setHoverItemEPS1_
_ZTVN5daisy3gui14CGUIMeshViewerE,38,0x000ab334,_ZN2ox3gui11IGUIElement16getPreferredSizeEv
_ZTVN5daisy3gui14CGUIMeshViewerE,39,0x000b2eba,_ZN5daisy3gui14CGUIMeshViewer7setMeshEPN2ox5scene13IAnimatedMeshE
_ZTVN5daisy3gui14CGUIMeshViewerE,40,0x000b2f40,_ZN5daisy3gui14CGUIMeshViewer11setMaterialERKN2ox5video9SMaterialE
_ZTVN5daisy3gui14CGUIMeshViewerE,41,0x000b2f94,_ZN5daisy3gui14CGUIMeshViewer11getMaterialEv
_ZTVN5daisy3gui14CGUIMeshViewerE,42,0xfffffff4,
_ZTVN5daisy3gui14CGUIMeshViewerE,43,0x002657f0,_ZTIN5daisy3gui14CGUIMeshViewerE
_ZTVN5daisy3gui14CGUIMeshViewerE,44,0x000b2fcd,_ZThn12_N5daisy3gui14CGUIMeshViewer7OnEventERKN2ox5event6SEventE
_ZTVN5daisy3gui14CGUIMeshViewerE,45,0x000b2ea1,_ZThn12_N5daisy3gui14CGUIMeshViewerD1Ev
_ZTVN5daisy3gui14CGUIMeshViewerE,46,0x000b2e25,_ZThn12_N5daisy3gui14CGUIMeshViewerD0Ev
_ZTVN5daisy3gui14CGUIMeshViewerE,47,0x00000000,
_ZTVN5daisy3gui14CGUIMessageBoxE,0,0x00000000,
_ZTVN5daisy3gui14CGUIMessageBoxE,1,0x002658d8,_ZTIN5daisy3gui14CGUIMessageBoxE
_ZTVN5daisy3gui14CGUIMessageBoxE,2,0x000b39fc,_ZN5daisy3gui14CGUIMessageBoxD1Ev
_ZTVN5daisy3gui14CGUIMessageBoxE,3,0x000b39cc,_ZN5daisy3gui14CGUIMessageBoxD0Ev
_ZTVN5daisy3gui14CGUIMessageBoxE,4,0x000bcfb4,_ZN5daisy3gui10CGUIWindow19setRelativePositionERKN2ox4core5CRectIiEE
_ZTVN5daisy3gui14CGUIMessageBoxE,5,0x000aac8a,_ZN2ox3gui10IGUILayout29getParentAbsoluteClippingRectEb
_ZTVN5daisy3gui14CGUIMessageBoxE,6,0x000aad94,_ZN2ox3gui11IGUIElement22updateAbsolutePositionEv
_ZTVN5daisy3gui14CGUIMessageBoxE,7,0x000aaa08,_ZN2ox3gui11IGUIElement8addChildEPS1_
_ZTVN5daisy3gui14CGUIMessageBoxE,8,0x000ae510,_ZN2ox3gui11IGUIElement11removeChildEPS1_
_ZTVN5daisy3gui14CGUIMessageBoxE,9,0x000aae9e,_ZN2ox3gui11IGUIElement17removeAllChildrenEv
_ZTVN5daisy3gui14CGUIMessageBoxE,10,0x00173520,_ZN2ox3gui11IGUIElement6removeEv
_ZTVN5daisy3gui14CGUIMessageBoxE,11,0x000bd390,_ZN5daisy3gui10CGUIWindow4drawEv
_ZTVN5daisy3gui14CGUIMessageBoxE,12,0x000aafc2,_ZN2ox3gui11IGUIElement4moveENS_4core11CPosition2dIiEE
_ZTVN5daisy3gui14CGUIMessageBoxE,13,0x000aafea,_ZN2ox3gui11IGUIElement6moveToENS_4core11CPosition2dIiEE
_ZTVN5daisy3gui14CGUIMessageBoxE,14,0x000ab034,_ZN2ox3gui11IGUIElement12centerOnRectERKNS_4core5CRectIiEE
_ZTVN5daisy3gui14CGUIMessageBoxE,15,0x000ab08a,_ZN2ox3gui11IGUIElement14centerOnParentEv
_ZTVN5daisy3gui14CGUIMessageBoxE,16,0x000ab0c6,_ZN2ox3gui11IGUIElement9isVisibleEv
_ZTVN5daisy3gui14CGUIMessageBoxE,17,0x000ab0d6,_ZN2ox3gui11IGUIElement10setVisibleEb
_ZTVN5daisy3gui14CGUIMessageBoxE,18,0x000ab0e4,_ZN2ox3gui11IGUIElement9isEnabledEv
_ZTVN5daisy3gui14CGUIMessageBoxE,19,0x000ab0f4,_ZN2ox3gui11IGUIElement10setEnabledEb
_ZTVN5daisy3gui14CGUIMessageBoxE,20,0x000ab12e,_ZN2ox3gui11IGUIElement7isFixedEv
_ZTVN5daisy3gui14CGUIMessageBoxE,21,0x000ab13e,_ZN2ox3gui11IGUIElement8setFixedEb
_ZTVN5daisy3gui14CGUIMessageBoxE,22,0x000ab14c,_ZN2ox3gui11IGUIElement11isInvisibleEv
_ZTVN5daisy3gui14CGUIMessageBoxE,23,0x000ab15c,_ZN2ox3gui11IGUIElement12setInvisibleEb
_ZTVN5daisy3gui14CGUIMessageBoxE,24,0x000ab16a,_ZN2ox3gui11IGUIElement16doesReportOnDrawEv
_ZTVN5daisy3gui14CGUIMessageBoxE,25,0x000ab17c,_ZN2ox3gui11IGUIElement15setReportOnDrawEi
_ZTVN5daisy3gui14CGUIMessageBoxE,26,0x000ab18a,_ZN2ox3gui11IGUIElement7setTextEPKw
_ZTVN5daisy3gui14CGUIMessageBoxE,27,0x000ab1aa,_ZNK2ox3gui11IGUIElement7getTextEv
_ZTVN5daisy3gui14CGUIMessageBoxE,28,0x000ab1b6,_ZN2ox3gui11IGUIElement5getIDEv
_ZTVN5daisy3gui14CGUIMessageBoxE,29,0x000ab1c2,_ZN2ox3gui11IGUIElement5setIDEi
_ZTVN5daisy3gui14CGUIMessageBoxE,30,0x000ab1d0,_ZN2ox3gui11IGUIElement7getTypeEv
_ZTVN5daisy3gui14CGUIMessageBoxE,31,0x000b3b36,_ZN5daisy3gui14CGUIMessageBox7OnEventERKN2ox5event6SEventE
_ZTVN5daisy3gui14CGUIMessageBoxE,32,0x000b3bfc,_ZN5daisy3gui14CGUIMessageBox22OnEventInNonFocusStateERKN2ox5event6SEventE
_ZTVN5daisy3gui14CGUIMessageBoxE,33,0x000ab218,_ZN2ox3gui11IGUIElement12bringToFrontEPS1_
_ZTVN5daisy3gui14CGUIMessageBoxE,34,0x000ab270,_ZN2ox3gui11IGUIElement11getChildrenEv
_ZTVN5daisy3gui14CGUIMessageBoxE,35,0x000ab27c,_ZN2ox3gui11IGUIElement16getElementFromIdEib
_ZTVN5daisy3gui14CGUIMessageBoxE,36,0x000ab2d8,_ZN2ox3gui11IGUIElement12getHoverItemEv
_ZTVN5daisy3gui14CGUIMessageBoxE,37,0x000ab2e4,_ZN2ox3gui11IGUIElement12setHoverItemEPS1_
_ZTVN5daisy3gui14CGUIMessageBoxE,38,0x000ab334,_ZN2ox3gui11IGUIElement16getPreferredSizeEv
_ZTVN5daisy3gui14CGUIMessageBoxE,39,0x000ab352,_ZN2ox3gui10IGUILayout8sortFlowEiibb
_ZTVN5daisy3gui14CGUIMessageBoxE,40,0x000ab5cc,_ZN2ox3gui10IGUILayout14sortVerticallyEib
_ZTVN5daisy3gui14CGUIMessageBoxE,41,0x000ab6c2,_ZN2ox3gui10IGUILayout16sortHorizontallyEi
_ZTVN5daisy3gui14CGUIMessageBoxE,42,0x000ab7a2,_ZN2ox3gui10IGUILayout9sortRiverEbiib
_ZTVN5daisy3gui14CGUIMessageBoxE,43,0x000be338,_ZN5daisy3gui10CGUIWindow14getContentAreaEv
_ZTVN5daisy3gui14CGUIMessageBoxE,44,0x000ac450,_ZN2ox3gui10IGUILayout28updateChildrenForContentAreaEv
_ZTVN5daisy3gui14CGUIMessageBoxE,45,0x000bdf6e,_ZN5daisy3gui10CGUIWindow14getCloseButtonEv
_ZTVN5daisy3gui14CGUIMessageBoxE,46,0x000bdf7c,_ZN5daisy3gui10CGUIWindow17getMinimizeButtonEv
_ZTVN5daisy3gui14CGUIMessageBoxE,47,0x000bdf8a,_ZN5daisy3gui10CGUIWindow17getMaximizeButtonEv
_ZTVN5daisy3gui14CGUIMessageBoxE,48,0x000bdf98,_ZN5daisy3gui10CGUIWindow13setAnimationsEPN2ox5video14ISpritePackageEPKc
_ZTVN5daisy3gui14CGUIMessageBoxE,49,0xfffffff4,
_ZTVN5daisy3gui14CGUIMessageBoxE,50,0x002658d8,_ZTIN5daisy3gui14CGUIMessageBoxE
_ZTVN5daisy3gui14CGUIMessageBoxE,51,0x000b3bd8,_ZThn12_N5daisy3gui14CGUIMessageBox7OnEventERKN2ox5event6SEventE
_ZTVN5daisy3gui14CGUIMessageBoxE,52,0x000b3b1c,_ZThn12_N5daisy3gui14CGUIMessageBoxD1Ev
_ZTVN5daisy3gui14CGUIMessageBoxE,53,0x000b3a05,_ZThn12_N5daisy3gui14CGUIMessageBoxD0Ev
_ZTVN5daisy3gui15CGUIModalScreenE,0,0x00000000,
_ZTVN5daisy3gui15CGUIModalScreenE,1,0x002659c0,_ZTIN5daisy3gui15CGUIModalScreenE
_ZTVN5daisy3gui15CGUIModalScreenE,2,0x000b3e2c,_ZN5daisy3gui15CGUIModalScreenD1Ev
_ZTVN5daisy3gui15CGUIModalScreenE,3,0x000b3dfc,_ZN5daisy3gui15CGUIModalScreenD0Ev
_ZTVN5daisy3gui15CGUIModalScreenE,4,0x000aac06,_ZN2ox3gui11IGUIElement19setRelativePositionERKNS_4core5CRectIiEE
_ZTVN5daisy3gui15CGUIModalScreenE,5,0x000aac8a,_ZN2ox3gui10IGUILayout29getParentAbsoluteClippingRectEb
_ZTVN5daisy3gui15CGUIModalScreenE,6,0x000b3fdc,_ZN5daisy3gui15CGUIModalScreen22updateAbsolutePositionEv
_ZTVN5daisy3gui15CGUIModalScreenE,7,0x000aaa08,_ZN2ox3gui11IGUIElement8addChildEPS1_
_ZTVN5daisy3gui15CGUIModalScreenE,8,0x000b3fa8,_ZN5daisy3gui15CGUIModalScreen11removeChildEPN2ox3gui11IGUIElementE
_ZTVN5daisy3gui15CGUIModalScreenE,9,0x000aae9e,_ZN2ox3gui11IGUIElement17removeAllChildrenEv
_ZTVN5daisy3gui15CGUIModalScreenE,10,0x00173520,_ZN2ox3gui11IGUIElement6removeEv
_ZTVN5daisy3gui15CGUIModalScreenE,11,0x000b3f1a,_ZN5daisy3gui15CGUIModalScreen4drawEv
_ZTVN5daisy3gui15CGUIModalScreenE,12,0x000aafc2,_ZN2ox3gui11IGUIElement4moveENS_4core11CPosition2dIiEE
_ZTVN5daisy3gui15CGUIModalScreenE,13,0x000aafea,_ZN2ox3gui11IGUIElement6moveToENS_4core11CPosition2dIiEE
_ZTVN5daisy3gui15CGUIModalScreenE,14,0x000ab034,_ZN2ox3gui11IGUIElement12centerOnRectERKNS_4core5CRectIiEE
_ZTVN5daisy3gui15CGUIModalScreenE,15,0x000ab08a,_ZN2ox3gui11IGUIElement14centerOnParentEv
_ZTVN5daisy3gui15CGUIModalScreenE,16,0x000ab0c6,_ZN2ox3gui11IGUIElement9isVisibleEv
_ZTVN5daisy3gui15CGUIModalScreenE,17,0x000ab0d6,_ZN2ox3gui11IGUIElement10setVisibleEb
_ZTVN5daisy3gui15CGUIModalScreenE,18,0x000ab0e4,_ZN2ox3gui11IGUIElement9isEnabledEv
_ZTVN5daisy3gui15CGUIModalScreenE,19,0x000ab0f4,_ZN2ox3gui11IGUIElement10setEnabledEb
_ZTVN5daisy3gui15CGUIModalScreenE,20,0x000ab12e,_ZN2ox3gui11IGUIElement7isFixedEv
_ZTVN5daisy3gui15CGUIModalScreenE,21,0x000ab13e,_ZN2ox3gui11IGUIElement8setFixedEb
_ZTVN5daisy3gui15CGUIModalScreenE,22,0x000ab14c,_ZN2ox3gui11IGUIElement11isInvisibleEv
_ZTVN5daisy3gui15CGUIModalScreenE,23,0x000ab15c,_ZN2ox3gui11IGUIElement12setInvisibleEb
_ZTVN5daisy3gui15CGUIModalScreenE,24,0x000ab16a,_ZN2ox3gui11IGUIElement16doesReportOnDrawEv
_ZTVN5daisy3gui15CGUIModalScreenE,25,0x000ab17c,_ZN2ox3gui11IGUIElement15setReportOnDrawEi
_ZTVN5daisy3gui15CGUIModalScreenE,26,0x000ab18a,_ZN2ox3gui11IGUIElement7setTextEPKw
_ZTVN5daisy3gui15CGUIModalScreenE,27,0x000ab1aa,_ZNK2ox3gui11IGUIElement7getTextEv
_ZTVN5daisy3gui15CGUIModalScreenE,28,0x000ab1b6,_ZN2ox3gui11IGUIElement5getIDEv
_ZTVN5daisy3gui15CGUIModalScreenE,29,0x000ab1c2,_ZN2ox3gui11IGUIElement5setIDEi
_ZTVN5daisy3gui15CGUIModalScreenE,30,0x000ab1d0,_ZN2ox3gui11IGUIElement7getTypeEv
_ZTVN5daisy3gui15CGUIModalScreenE,31,0x000b3e70,_ZN5daisy3gui15CGUIModalScreen7OnEventERKN2ox5event6SEventE
_ZTVN5daisy3gui15CGUIModalScreenE,32,0x000ab1dc,_ZN2ox3gui11IGUIElement22OnEventInNonFocusStateERKNS_5event6SEventE
_ZTVN5daisy3gui15CGUIModalScreenE,33,0x000ab218,_ZN2ox3gui11IGUIElement12bringToFrontEPS1_
_ZTVN5daisy3gui15CGUIModalScreenE,34,0x000ab270,_ZN2ox3gui11IGUIElement11getChildrenEv
_ZTVN5daisy3gui15CGUIModalScreenE,35,0x000ab27c,_ZN2ox3gui11IGUIElement16getElementFromIdEib
_ZTVN5daisy3gui15CGUIModalScreenE,36,0x000ab2d8,_ZN2ox3gui11IGUIElement12getHoverItemEv
_ZTVN5daisy3gui15CGUIModalScreenE,37,0x000ab2e4,_ZN2ox3gui11IGUIElement12setHoverItemEPS1_
_ZTVN5daisy3gui15CGUIModalScreenE,38,0x000ab334,_ZN2ox3gui11IGUIElement16getPreferredSizeEv
_ZTVN5daisy3gui15CGUIModalScreenE,39,0x000ab352,_ZN2ox3gui10IGUILayout8sortFlowEiibb
_ZTVN5daisy3gui15CGUIModalScreenE,40,0x000ab5cc,_ZN2ox3gui10IGUILayout14sortVerticallyEib
_ZTVN5daisy3gui15CGUIModalScreenE,41,0x000ab6c2,_ZN2ox3gui10IGUILayout16sortHorizontallyEi
_ZTVN5daisy3gui15CGUIModalScreenE,42,0x000ab7a2,_ZN2ox3gui10IGUILayout9sortRiverEbiib
_ZTVN5daisy3gui15CGUIModalScreenE,43,0x000ac424,_ZN2ox3gui10IGUILayout14getContentAreaEv
_ZTVN5daisy3gui15CGUIModalScreenE,44,0x000ac450,_ZN2ox3gui10IGUILayout28updateChildrenForContentAreaEv
_ZTVN5daisy3gui15CGUIModalScreenE,45,0x000b4012,_ZN5daisy3gui15CGUIModalScreen19getLastBlockedEventEv
_ZTVN5daisy3gui15CGUIModalScreenE,46,0xfffffff4,
_ZTVN5daisy3gui15CGUIModalScreenE,47,0x002659c0,_ZTIN5daisy3gui15CGUIModalScreenE
_ZTVN5daisy3gui15CGUIModalScreenE,48,0x000b3ef7,_ZThn12_N5daisy3gui15CGUIModalScreen7OnEventERKN2ox5event6SEventE
_ZTVN5daisy3gui15CGUIModalScreenE,49,0x000b3e57,_ZThn12_N5daisy3gui15CGUIModalScreenD1Ev
_ZTVN5daisy3gui15CGUIModalScreenE,50,0x000b3e35,_ZThn12_N5daisy3gui15CGUIModalScreenD0Ev
_ZTVN5daisy3gui15CGUIModalScreenE,51,0x00000000,
_ZTVN5daisy3gui13CGUIPopupMenuE,0,0x00000000,
_ZTVN5daisy3gui13CGUIPopupMenuE,1,0x00265a88,_ZTIN5daisy3gui13CGUIPopupMenuE
_ZTVN5daisy3gui13CGUIPopupMenuE,2,0x000b431c,_ZN5daisy3gui13CGUIPopupMenuD1Ev
_ZTVN5daisy3gui13CGUIPopupMenuE,3,0x000b42ec,_ZN5daisy3gui13CGUIPopupMenuD0Ev
_ZTVN5daisy3gui13CGUIPopupMenuE,4,0x000aac06,_ZN2ox3gui11IGUIElement19setRelativePositionERKNS_4core5CRectIiEE
_ZTVN5daisy3gui13CGUIPopupMenuE,5,0x000ae4ba,_ZN2ox3gui11IGUIElement29getParentAbsoluteClippingRectEb
_ZTVN5daisy3gui13CGUIPopupMenuE,6,0x000aad94,_ZN2ox3gui11IGUIElement22updateAbsolutePositionEv
_ZTVN5daisy3gui13CGUIPopupMenuE,7,0x000aaa08,_ZN2ox3gui11IGUIElement8addChildEPS1_
_ZTVN5daisy3gui13CGUIPopupMenuE,8,0x000ae510,_ZN2ox3gui11IGUIElement11removeChildEPS1_
_ZTVN5daisy3gui13CGUIPopupMenuE,9,0x000aae9e,_ZN2ox3gui11IGUIElement17removeAllChildrenEv
_ZTVN5daisy3gui13CGUIPopupMenuE,10,0x00173520,_ZN2ox3gui11IGUIElement6removeEv
_ZTVN5daisy3gui13CGUIPopupMenuE,11,0x000b4696,_ZN5daisy3gui13CGUIPopupMenu4drawEv
_ZTVN5daisy3gui13CGUIPopupMenuE,12,0x000aafc2,_ZN2ox3gui11IGUIElement4moveENS_4core11CPosition2dIiEE
_ZTVN5daisy3gui13CGUIPopupMenuE,13,0x000aafea,_ZN2ox3gui11IGUIElement6moveToENS_4core11CPosition2dIiEE
_ZTVN5daisy3gui13CGUIPopupMenuE,14,0x000ab034,_ZN2ox3gui11IGUIElement12centerOnRectERKNS_4core5CRectIiEE
_ZTVN5daisy3gui13CGUIPopupMenuE,15,0x000ab08a,_ZN2ox3gui11IGUIElement14centerOnParentEv
_ZTVN5daisy3gui13CGUIPopupMenuE,16,0x000ab0c6,_ZN2ox3gui11IGUIElement9isVisibleEv
_ZTVN5daisy3gui13CGUIPopupMenuE,17,0x000ab0d6,_ZN2ox3gui11IGUIElement10setVisibleEb
_ZTVN5daisy3gui13CGUIPopupMenuE,18,0x000ab0e4,_ZN2ox3gui11IGUIElement9isEnabledEv
_ZTVN5daisy3gui13CGUIPopupMenuE,19,0x000ab0f4,_ZN2ox3gui11IGUIElement10setEnabledEb
_ZTVN5daisy3gui13CGUIPopupMenuE,20,0x000ab12e,_ZN2ox3gui11IGUIElement7isFixedEv
_ZTVN5daisy3gui13CGUIPopupMenuE,21,0x000ab13e,_ZN2ox3gui11IGUIElement8setFixedEb
_ZTVN5daisy3gui13CGUIPopupMenuE,22,0x000ab14c,_ZN2ox3gui11IGUIElement11isInvisibleEv
_ZTVN5daisy3gui13CGUIPopupMenuE,23,0x000ab15c,_ZN2ox3gui11IGUIElement12setInvisibleEb
_ZTVN5daisy3gui13CGUIPopupMenuE,24,0x000ab16a,_ZN2ox3gui11IGUIElement16doesReportOnDrawEv
_ZTVN5daisy3gui13CGUIPopupMenuE,25,0x000ab17c,_ZN2ox3gui11IGUIElement15setReportOnDrawEi
_ZTVN5daisy3gui13CGUIPopupMenuE,26,0x000ab18a,_ZN2ox3gui11IGUIElement7setTextEPKw
_ZTVN5daisy3gui13CGUIPopupMenuE,27,0x000ab1aa,_ZNK2ox3gui11IGUIElement7getTextEv
_ZTVN5daisy3gui13CGUIPopupMenuE,28,0x000ab1b6,_ZN2ox3gui11IGUIElement5getIDEv
_ZTVN5daisy3gui13CGUIPopupMenuE,29,0x000ab1c2,_ZN2ox3gui11IGUIElement5setIDEi
_ZTVN5daisy3gui13CGUIPopupMenuE,30,0x000ab1d0,_ZN2ox3gui11IGUIElement7getTypeEv
_ZTVN5daisy3gui13CGUIPopupMenuE,31,0x000b4466,_ZN5daisy3gui13CGUIPopupMenu7OnEventERKN2ox5event6SEventE
_ZTVN5daisy3gui13CGUIPopupMenuE,32,0x000ab1dc,_ZN2ox3gui11IGUIElement22OnEventInNonFocusStateERKNS_5event6SEventE
_ZTVN5daisy3gui13CGUIPopupMenuE,33,0x000ab218,_ZN2ox3gui11IGUIElement12bringToFrontEPS1_
_ZTVN5daisy3gui13CGUIPopupMenuE,34,0x000ab270,_ZN2ox3gui11IGUIElement11getChildrenEv
_ZTVN5daisy3gui13CGUIPopupMenuE,35,0x000ab27c,_ZN2ox3gui11IGUIElement16getElementFromIdEib
_ZTVN5daisy3gui13CGUIPopupMenuE,36,0x000ab2d8,_ZN2ox3gui11IGUIElement12getHoverItemEv
_ZTVN5daisy3gui13CGUIPopupMenuE,37,0x000ab2e4,_ZN2ox3gui11IGUIElement12setHoverItemEPS1_
_ZTVN5daisy3gui13CGUIPopupMenuE,38,0x000ab334,_ZN2ox3gui11IGUIElement16getPreferredSizeEv
_ZTVN5daisy3gui13CGUIPopupMenuE,39,0x000b4360,_ZN5daisy3gui13CGUIPopupMenu13addMenuOptionEPKwi
_ZTVN5daisy3gui13CGUIPopupMenuE,40,0x000b4454,_ZN5daisy3gui13CGUIPopupMenu18setSelectionParentEPN2ox3gui11IGUIElementE
_ZTVN5daisy3gui13CGUIPopupMenuE,41,0xfffffff4,
_ZTVN5daisy3gui13CGUIPopupMenuE,42,0x00265a88,_ZTIN5daisy3gui13CGUIPopupMenuE
_ZTVN5daisy3gui13CGUIPopupMenuE,43,0x000b4673,_ZThn12_N5daisy3gui13CGUIPopupMenu7OnEventERKN2ox5event6SEventE
_ZTVN5daisy3gui13CGUIPopupMenuE,44,0x000b4347,_ZThn12_N5daisy3gui13CGUIPopupMenuD1Ev
_ZTVN5daisy3gui13CGUIPopupMenuE,45,0x000b4325,_ZThn12_N5daisy3gui13CGUIPopupMenuD0Ev
_ZTVN5daisy3gui13CGUIRadioListE,0,0x00000000,
_ZTVN5daisy3gui13CGUIRadioListE,1,0x00265b68,_ZTIN5daisy3gui13CGUIRadioListE
_ZTVN5daisy3gui13CGUIRadioListE,2,0x000b4ad2,_ZN5daisy3gui13CGUIRadioListD1Ev
_ZTVN5daisy3gui13CGUIRadioListE,3,0x000b4aa2,_ZN5daisy3gui13CGUIRadioListD0Ev
_ZTVN5daisy3gui13CGUIRadioListE,4,0x000aac06,_ZN2ox3gui11IGUIElement19setRelativePositionERKNS_4core5CRectIiEE
_ZTVN5daisy3gui13CGUIRadioListE,5,0x000ae4ba,_ZN2ox3gui11IGUIElement29getParentAbsoluteClippingRectEb
_ZTVN5daisy3gui13CGUIRadioListE,6,0x000aad94,_ZN2ox3gui11IGUIElement22updateAbsolutePositionEv
_ZTVN5daisy3gui13CGUIRadioListE,7,0x000aaa08,_ZN2ox3gui11IGUIElement8addChildEPS1_
_ZTVN5daisy3gui13CGUIRadioListE,8,0x000ae510,_ZN2ox3gui11IGUIElement11removeChildEPS1_
_ZTVN5daisy3gui13CGUIRadioListE,9,0x000aae9e,_ZN2ox3gui11IGUIElement17removeAllChildrenEv
_ZTVN5daisy3gui13CGUIRadioListE,10,0x00173520,_ZN2ox3gui11IGUIElement6removeEv
_ZTVN5daisy3gui13CGUIRadioListE,11,0x000aaf10,_ZN2ox3gui11IGUIElement4drawEv
_ZTVN5daisy3gui13CGUIRadioListE,12,0x000aafc2,_ZN2ox3gui11IGUIElement4moveENS_4core11CPosition2dIiEE
_ZTVN5daisy3gui13CGUIRadioListE,13,0x000aafea,_ZN2ox3gui11IGUIElement6moveToENS_4core11CPosition2dIiEE
_ZTVN5daisy3gui13CGUIRadioListE,14,0x000ab034,_ZN2ox3gui11IGUIElement12centerOnRectERKNS_4core5CRectIiEE
_ZTVN5daisy3gui13CGUIRadioListE,15,0x000ab08a,_ZN2ox3gui11IGUIElement14centerOnParentEv
_ZTVN5daisy3gui13CGUIRadioListE,16,0x000ab0c6,_ZN2ox3gui11IGUIElement9isVisibleEv
_ZTVN5daisy3gui13CGUIRadioListE,17,0x000ab0d6,_ZN2ox3gui11IGUIElement10setVisibleEb
_ZTVN5daisy3gui13CGUIRadioListE,18,0x000ab0e4,_ZN2ox3gui11IGUIElement9isEnabledEv
_ZTVN5daisy3gui13CGUIRadioListE,19,0x000ab0f4,_ZN2ox3gui11IGUIElement10setEnabledEb
_ZTVN5daisy3gui13CGUIRadioListE,20,0x000ab12e,_ZN2ox3gui11IGUIElement7isFixedEv
_ZTVN5daisy3gui13CGUIRadioListE,21,0x000ab13e,_ZN2ox3gui11IGUIElement8setFixedEb
_ZTVN5daisy3gui13CGUIRadioListE,22,0x000ab14c,_ZN2ox3gui11IGUIElement11isInvisibleEv
_ZTVN5daisy3gui13CGUIRadioListE,23,0x000ab15c,_ZN2ox3gui11IGUIElement12setInvisibleEb
_ZTVN5daisy3gui13CGUIRadioListE,24,0x000ab16a,_ZN2ox3gui11IGUIElement16doesReportOnDrawEv
_ZTVN5daisy3gui13CGUIRadioListE,25,0x000ab17c,_ZN2ox3gui11IGUIElement15setReportOnDrawEi
_ZTVN5daisy3gui13CGUIRadioListE,26,0x000ab18a,_ZN2ox3gui11IGUIElement7setTextEPKw
_ZTVN5daisy3gui13CGUIRadioListE,27,0x000ab1aa,_ZNK2ox3gui11IGUIElement7getTextEv
_ZTVN5daisy3gui13CGUIRadioListE,28,0x000ab1b6,_ZN2ox3gui11IGUIElement5getIDEv
_ZTVN5daisy3gui13CGUIRadioListE,29,0x000ab1c2,_ZN2ox3gui11IGUIElement5setIDEi
_ZTVN5daisy3gui13CGUIRadioListE,30,0x000ab1d0,_ZN2ox3gui11IGUIElement7getTypeEv
_ZTVN5daisy3gui13CGUIRadioListE,31,0x000b4ba6,_ZN5daisy3gui13CGUIRadioList7OnEventERKN2ox5event6SEventE
_ZTVN5daisy3gui13CGUIRadioListE,32,0x000ab1dc,_ZN2ox3gui11IGUIElement22OnEventInNonFocusStateERKNS_5event6SEventE
_ZTVN5daisy3gui13CGUIRadioListE,33,0x000ab218,_ZN2ox3gui11IGUIElement12bringToFrontEPS1_
_ZTVN5daisy3gui13CGUIRadioListE,34,0x000ab270,_ZN2ox3gui11IGUIElement11getChildrenEv
_ZTVN5daisy3gui13CGUIRadioListE,35,0x000ab27c,_ZN2ox3gui11IGUIElement16getElementFromIdEib
_ZTVN5daisy3gui13CGUIRadioListE,36,0x000ab2d8,_ZN2ox3gui11IGUIElement12getHoverItemEv
_ZTVN5daisy3gui13CGUIRadioListE,37,0x000ab2e4,_ZN2ox3gui11IGUIElement12setHoverItemEPS1_
_ZTVN5daisy3gui13CGUIRadioListE,38,0x000ab334,_ZN2ox3gui11IGUIElement16getPreferredSizeEv
_ZTVN5daisy3gui13CGUIRadioListE,39,0x000b4cea,_ZN5daisy3gui13CGUIRadioList14addRadioButtonEPKw
_ZTVN5daisy3gui13CGUIRadioListE,40,0x000b4f8a,_ZN5daisy3gui13CGUIRadioList13getRadioCountEv
_ZTVN5daisy3gui13CGUIRadioListE,41,0x000b4fa2,_ZN5daisy3gui13CGUIRadioList14getRadioButtonEi
_ZTVN5daisy3gui13CGUIRadioListE,42,0x000b4fd0,_ZN5daisy3gui13CGUIRadioList16checkRadioButtonEi
_ZTVN5daisy3gui13CGUIRadioListE,43,0x000b5050,_ZN5daisy3gui13CGUIRadioList12getSelectionEv
_ZTVN5daisy3gui13CGUIRadioListE,44,0x000b505e,_ZN5daisy3gui13CGUIRadioList12setTextColorEN2ox5video6SColorE
_ZTVN5daisy3gui13CGUIRadioListE,45,0xfffffff4,
_ZTVN5daisy3gui13CGUIRadioListE,46,0x00265b68,_ZTIN5daisy3gui13CGUIRadioListE
_ZTVN5daisy3gui13CGUIRadioListE,47,0x000b4cc6,_ZThn12_N5daisy3gui13CGUIRadioList7OnEventERKN2ox5event6SEventE
_ZTVN5daisy3gui13CGUIRadioListE,48,0x000b4b8c,_ZThn12_N5daisy3gui13CGUIRadioListD1Ev
_ZTVN5daisy3gui13CGUIRadioListE,49,0x000b4adb,_ZThn12_N5daisy3gui13CGUIRadioListD0Ev
_ZTVN5daisy3gui13CGUIScrollBarE,0,0x00000000,
_ZTVN5daisy3gui13CGUIScrollBarE,1,0x00265c60,_ZTIN5daisy3gui13CGUIScrollBarE
_ZTVN5daisy3gui13CGUIScrollBarE,2,0x000b58ce,_ZN5daisy3gui13CGUIScrollBarD1Ev
_ZTVN5daisy3gui13CGUIScrollBarE,3,0x000b589e,_ZN5daisy3gui13CGUIScrollBarD0Ev
_ZTVN5daisy3gui13CGUIScrollBarE,4,0x000b59ac,_ZN5daisy3gui13CGUIScrollBar19setRelativePositionERKN2ox4core5CRectIiEE
_ZTVN5daisy3gui13CGUIScrollBarE,5,0x000ae4ba,_ZN2ox3gui11IGUIElement29getParentAbsoluteClippingRectEb
_ZTVN5daisy3gui13CGUIScrollBarE,6,0x000aad94,_ZN2ox3gui11IGUIElement22updateAbsolutePositionEv
_ZTVN5daisy3gui13CGUIScrollBarE,7,0x000aaa08,_ZN2ox3gui11IGUIElement8addChildEPS1_
_ZTVN5daisy3gui13CGUIScrollBarE,8,0x000ae510,_ZN2ox3gui11IGUIElement11removeChildEPS1_
_ZTVN5daisy3gui13CGUIScrollBarE,9,0x000aae9e,_ZN2ox3gui11IGUIElement17removeAllChildrenEv
_ZTVN5daisy3gui13CGUIScrollBarE,10,0x00173520,_ZN2ox3gui11IGUIElement6removeEv
_ZTVN5daisy3gui13CGUIScrollBarE,11,0x000b5fc0,_ZN5daisy3gui13CGUIScrollBar4drawEv
_ZTVN5daisy3gui13CGUIScrollBarE,12,0x000aafc2,_ZN2ox3gui11IGUIElement4moveENS_4core11CPosition2dIiEE
_ZTVN5daisy3gui13CGUIScrollBarE,13,0x000aafea,_ZN2ox3gui11IGUIElement6moveToENS_4core11CPosition2dIiEE
_ZTVN5daisy3gui13CGUIScrollBarE,14,0x000ab034,_ZN2ox3gui11IGUIElement12centerOnRectERKNS_4core5CRectIiEE
_ZTVN5daisy3gui13CGUIScrollBarE,15,0x000ab08a,_ZN2ox3gui11IGUIElement14centerOnParentEv
_ZTVN5daisy3gui13CGUIScrollBarE,16,0x000ab0c6,_ZN2ox3gui11IGUIElement9isVisibleEv
_ZTVN5daisy3gui13CGUIScrollBarE,17,0x000ab0d6,_ZN2ox3gui11IGUIElement10setVisibleEb
_ZTVN5daisy3gui13CGUIScrollBarE,18,0x000ab0e4,_ZN2ox3gui11IGUIElement9isEnabledEv
_ZTVN5daisy3gui13CGUIScrollBarE,19,0x000ab0f4,_ZN2ox3gui11IGUIElement10setEnabledEb
_ZTVN5daisy3gui13CGUIScrollBarE,20,0x000ab12e,_ZN2ox3gui11IGUIElement7isFixedEv
_ZTVN5daisy3gui13CGUIScrollBarE,21,0x000ab13e,_ZN2ox3gui11IGUIElement8setFixedEb
_ZTVN5daisy3gui13CGUIScrollBarE,22,0x000ab14c,_ZN2ox3gui11IGUIElement11isInvisibleEv
_ZTVN5daisy3gui13CGUIScrollBarE,23,0x000ab15c,_ZN2ox3gui11IGUIElement12setInvisibleEb
_ZTVN5daisy3gui13CGUIScrollBarE,24,0x000ab16a,_ZN2ox3gui11IGUIElement16doesReportOnDrawEv
_ZTVN5daisy3gui13CGUIScrollBarE,25,0x000ab17c,_ZN2ox3gui11IGUIElement15setReportOnDrawEi
_ZTVN5daisy3gui13CGUIScrollBarE,26,0x000ab18a,_ZN2ox3gui11IGUIElement7setTextEPKw
_ZTVN5daisy3gui13CGUIScrollBarE,27,0x000ab1aa,_ZNK2ox3gui11IGUIElement7getTextEv
_ZTVN5daisy3gui13CGUIScrollBarE,28,0x000ab1b6,_ZN2ox3gui11IGUIElement5getIDEv
_ZTVN5daisy3gui13CGUIScrollBarE,29,0x000ab1c2,_ZN2ox3gui11IGUIElement5setIDEi
_ZTVN5daisy3gui13CGUIScrollBarE,30,0x000ab1d0,_ZN2ox3gui11IGUIElement7getTypeEv
_ZTVN5daisy3gui13CGUIScrollBarE,31,0x000b5ac6,_ZN5daisy3gui13CGUIScrollBar7OnEventERKN2ox5event6SEventE
_ZTVN5daisy3gui13CGUIScrollBarE,32,0x000ab1dc,_ZN2ox3gui11IGUIElement22OnEventInNonFocusStateERKNS_5event6SEventE
_ZTVN5daisy3gui13CGUIScrollBarE,33,0x000ab218,_ZN2ox3gui11IGUIElement12bringToFrontEPS1_
_ZTVN5daisy3gui13CGUIScrollBarE,34,0x000ab270,_ZN2ox3gui11IGUIElement11getChildrenEv
_ZTVN5daisy3gui13CGUIScrollBarE,35,0x000ab27c,_ZN2ox3gui11IGUIElement16getElementFromIdEib
_ZTVN5daisy3gui13CGUIScrollBarE,36,0x000ab2d8,_ZN2ox3gui11IGUIElement12getHoverItemEv
_ZTVN5daisy3gui13CGUIScrollBarE,37,0x000ab2e4,_ZN2ox3gui11IGUIElement12setHoverItemEPS1_
_ZTVN5daisy3gui13CGUIScrollBarE,38,0x000ab334,_ZN2ox3gui11IGUIElement16getPreferredSizeEv
_ZTVN5daisy3gui13CGUIScrollBarE,39,0x000b64b0,_ZN5daisy3gui13CGUIScrollBar6setMaxEi
_ZTVN5daisy3gui13CGUIScrollBarE,40,0x000b656a,_ZN5daisy3gui13CGUIScrollBar6getMaxEv
_ZTVN5daisy3gui13CGUIScrollBarE,41,0x000b6540,_ZN5daisy3gui13CGUIScrollBar12setStepSizesEii
_ZTVN5daisy3gui13CGUIScrollBarE,42,0x000b658a,_ZN5daisy3gui13CGUIScrollBar6getPosEv
_ZTVN5daisy3gui13CGUIScrollBarE,43,0x000b640e,_ZN5daisy3gui13CGUIScrollBar6setPosEi
_ZTVN5daisy3gui13CGUIScrollBarE,44,0x000b6578,_ZN5daisy3gui13CGUIScrollBar10isDraggingEv
_ZTVN5daisy3gui13CGUIScrollBarE,45,0x000b6598,_ZN5daisy3gui13CGUIScrollBar13setAnimationsEPN2ox5video14ISpritePackageEPKc
_ZTVN5daisy3gui13CGUIScrollBarE,46,0xfffffff4,
_ZTVN5daisy3gui13CGUIScrollBarE,47,0x00265c60,_ZTIN5daisy3gui13CGUIScrollBarE
_ZTVN5daisy3gui13CGUIScrollBarE,48,0x000b5f9d,_ZThn12_N5daisy3gui13CGUIScrollBar7OnEventERKN2ox5event6SEventE
_ZTVN5daisy3gui13CGUIScrollBarE,49,0x000b5993,_ZThn12_N5daisy3gui13CGUIScrollBarD1Ev
_ZTVN5daisy3gui13CGUIScrollBarE,50,0x000b58d7,_ZThn12_N5daisy3gui13CGUIScrollBarD0Ev
_ZTVN5daisy3gui8CGUISkinE,0,0x00000000,
_ZTVN5daisy3gui8CGUISkinE,1,0x00265ca8,_ZTIN5daisy3gui8CGUISkinE
_ZTVN5daisy3gui8CGUISkinE,2,0x000b6d96,_ZN5daisy3gui8CGUISkinD1Ev
_ZTVN5daisy3gui8CGUISkinE,3,0x000b6d66,_ZN5daisy3gui8CGUISkinD0Ev
_ZTVN5daisy3gui8CGUISkinE,4,0x000b6e30,_ZN5daisy3gui8CGUISkin8getColorEN2ox3gui18EGUI_DEFAULT_COLORE
_ZTVN5daisy3gui8CGUISkinE,5,0x000b6e40,_ZN5daisy3gui8CGUISkin8setColorEN2ox3gui18EGUI_DEFAULT_COLORENS2_5video6SColorE
_ZTVN5daisy3gui8CGUISkinE,6,0x000b6e5a,_ZN5daisy3gui8CGUISkin7getSizeEN2ox3gui17EGUI_DEFAULT_SIZEE
_ZTVN5daisy3gui8CGUISkinE,7,0x000b6ecc,_ZN5daisy3gui8CGUISkin14getDefaultTextEN2ox3gui17EGUI_DEFAULT_TEXTE
_ZTVN5daisy3gui8CGUISkinE,8,0x000b6ee0,_ZN5daisy3gui8CGUISkin14setDefaultTextEN2ox3gui17EGUI_DEFAULT_TEXTEPKw
_ZTVN5daisy3gui8CGUISkinE,9,0x000b6e6a,_ZN5daisy3gui8CGUISkin7setSizeEN2ox3gui17EGUI_DEFAULT_SIZEEi
_ZTVN5daisy3gui8CGUISkinE,10,0x000b6e82,_ZN5daisy3gui8CGUISkin7getFontEv
_ZTVN5daisy3gui8CGUISkinE,11,0x000b6e90,_ZN5daisy3gui8CGUISkin7setFontEPN2ox3gui8IGUIFontE
_ZTVN5daisy3gui8CGUISkinE,12,0x000b6f42,_ZN5daisy3gui8CGUISkin16getSpritePackageEv
_ZTVN5daisy3gui8CGUISkinE,13,0x000b6f50,_ZN5daisy3gui8CGUISkin16setSpritePackageEPN2ox5video14ISpritePackageE
_ZTVN5daisy3gui14CGUIStaticTextE,0,0x00000000,
_ZTVN5daisy3gui14CGUIStaticTextE,1,0x00265da0,_ZTIN5daisy3gui14CGUIStaticTextE
_ZTVN5daisy3gui14CGUIStaticTextE,2,0x000b7392,_ZN5daisy3gui14CGUIStaticTextD1Ev
_ZTVN5daisy3gui14CGUIStaticTextE,3,0x000b7362,_ZN5daisy3gui14CGUIStaticTextD0Ev
_ZTVN5daisy3gui14CGUIStaticTextE,4,0x000aac06,_ZN2ox3gui11IGUIElement19setRelativePositionERKNS_4core5CRectIiEE
_ZTVN5daisy3gui14CGUIStaticTextE,5,0x000ae4ba,_ZN2ox3gui11IGUIElement29getParentAbsoluteClippingRectEb
_ZTVN5daisy3gui14CGUIStaticTextE,6,0x000aad94,_ZN2ox3gui11IGUIElement22updateAbsolutePositionEv
_ZTVN5daisy3gui14CGUIStaticTextE,7,0x000aaa08,_ZN2ox3gui11IGUIElement8addChildEPS1_
_ZTVN5daisy3gui14CGUIStaticTextE,8,0x000ae510,_ZN2ox3gui11IGUIElement11removeChildEPS1_
_ZTVN5daisy3gui14CGUIStaticTextE,9,0x000aae9e,_ZN2ox3gui11IGUIElement17removeAllChildrenEv
_ZTVN5daisy3gui14CGUIStaticTextE,10,0x00173520,_ZN2ox3gui11IGUIElement6removeEv
_ZTVN5daisy3gui14CGUIStaticTextE,11,0x000b7488,_ZN5daisy3gui14CGUIStaticText4drawEv
_ZTVN5daisy3gui14CGUIStaticTextE,12,0x000aafc2,_ZN2ox3gui11IGUIElement4moveENS_4core11CPosition2dIiEE
_ZTVN5daisy3gui14CGUIStaticTextE,13,0x000aafea,_ZN2ox3gui11IGUIElement6moveToENS_4core11CPosition2dIiEE
_ZTVN5daisy3gui14CGUIStaticTextE,14,0x000ab034,_ZN2ox3gui11IGUIElement12centerOnRectERKNS_4core5CRectIiEE
_ZTVN5daisy3gui14CGUIStaticTextE,15,0x000ab08a,_ZN2ox3gui11IGUIElement14centerOnParentEv
_ZTVN5daisy3gui14CGUIStaticTextE,16,0x000ab0c6,_ZN2ox3gui11IGUIElement9isVisibleEv
_ZTVN5daisy3gui14CGUIStaticTextE,17,0x000ab0d6,_ZN2ox3gui11IGUIElement10setVisibleEb
_ZTVN5daisy3gui14CGUIStaticTextE,18,0x000ab0e4,_ZN2ox3gui11IGUIElement9isEnabledEv
_ZTVN5daisy3gui14CGUIStaticTextE,19,0x000ab0f4,_ZN2ox3gui11IGUIElement10setEnabledEb
_ZTVN5daisy3gui14CGUIStaticTextE,20,0x000ab12e,_ZN2ox3gui11IGUIElement7isFixedEv
_ZTVN5daisy3gui14CGUIStaticTextE,21,0x000ab13e,_ZN2ox3gui11IGUIElement8setFixedEb
_ZTVN5daisy3gui14CGUIStaticTextE,22,0x000ab14c,_ZN2ox3gui11IGUIElement11isInvisibleEv
_ZTVN5daisy3gui14CGUIStaticTextE,23,0x000ab15c,_ZN2ox3gui11IGUIElement12setInvisibleEb
_ZTVN5daisy3gui14CGUIStaticTextE,24,0x000ab16a,_ZN2ox3gui11IGUIElement16doesReportOnDrawEv
_ZTVN5daisy3gui14CGUIStaticTextE,25,0x000ab17c,_ZN2ox3gui11IGUIElement15setReportOnDrawEi
_ZTVN5daisy3gui14CGUIStaticTextE,26,0x000b8440,_ZN5daisy3gui14CGUIStaticText7setTextEPKw
_ZTVN5daisy3gui14CGUIStaticTextE,27,0x000ab1aa,_ZNK2ox3gui11IGUIElement7getTextEv
_ZTVN5daisy3gui14CGUIStaticTextE,28,0x000ab1b6,_ZN2ox3gui11IGUIElement5getIDEv
_ZTVN5daisy3gui14CGUIStaticTextE,29,0x000ab1c2,_ZN2ox3gui11IGUIElement5setIDEi
_ZTVN5daisy3gui14CGUIStaticTextE,30,0x000ab1d0,_ZN2ox3gui11IGUIElement7getTypeEv
_ZTVN5daisy3gui14CGUIStaticTextE,31,0x000ae556,_ZN2ox3gui11IGUIElement7OnEventERKNS_5event6SEventE
_ZTVN5daisy3gui14CGUIStaticTextE,32,0x000ab1dc,_ZN2ox3gui11IGUIElement22OnEventInNonFocusStateERKNS_5event6SEventE
_ZTVN5daisy3gui14CGUIStaticTextE,33,0x000ab218,_ZN2ox3gui11IGUIElement12bringToFrontEPS1_
_ZTVN5daisy3gui14CGUIStaticTextE,34,0x000ab270,_ZN2ox3gui11IGUIElement11getChildrenEv
_ZTVN5daisy3gui14CGUIStaticTextE,35,0x000ab27c,_ZN2ox3gui11IGUIElement16getElementFromIdEib
_ZTVN5daisy3gui14CGUIStaticTextE,36,0x000ab2d8,_ZN2ox3gui11IGUIElement12getHoverItemEv
_ZTVN5daisy3gui14CGUIStaticTextE,37,0x000ab2e4,_ZN2ox3gui11IGUIElement12setHoverItemEPS1_
_ZTVN5daisy3gui14CGUIStaticTextE,38,0x000b83c8,_ZN5daisy3gui14CGUIStaticText16getPreferredSizeEv
_ZTVN5daisy3gui14CGUIStaticTextE,39,0x000b833a,_ZN5daisy3gui14CGUIStaticText15setOverrideFontEPN2ox3gui8IGUIFontE
_ZTVN5daisy3gui14CGUIStaticTextE,40,0x000b8388,_ZN5daisy3gui14CGUIStaticText16setOverrideColorEN2ox5video6SColorE
_ZTVN5daisy3gui14CGUIStaticTextE,41,0x000b837a,_ZN5daisy3gui14CGUIStaticText16getOverrideColorEv
_ZTVN5daisy3gui14CGUIStaticTextE,42,0x000b83a0,_ZN5daisy3gui14CGUIStaticText19enableOverrideColorEb
_ZTVN5daisy3gui14CGUIStaticTextE,43,0x000b83b2,_ZN5daisy3gui14CGUIStaticText11setWordWrapEb
_ZTVN5daisy3gui14CGUIStaticTextE,44,0x000b8320,_ZN5daisy3gui14CGUIStaticText16setTextAlignmentEN2ox3gui20EFontHorizontalAlignENS3_18EFontVerticalAlignE
_ZTVN5daisy3gui14CGUIStaticTextE,45,0x000b8464,_ZN5daisy3gui14CGUIStaticText13getTextHeightEv
_ZTVN5daisy3gui14CGUIStaticTextE,46,0x000b84f0,_ZN5daisy3gui14CGUIStaticText16setParagraphIconEPKcPN2ox5video14ISpritePackageEb
_ZTVN5daisy3gui14CGUIStaticTextE,47,0x000b8892,_ZN5daisy3gui14CGUIStaticText25activateProgressiveRevealEj
_ZTVN5daisy3gui14CGUIStaticTextE,48,0x000b88c6,_ZN5daisy3gui14CGUIStaticText23getTotalProgressiveTimeEv
_ZTVN5daisy3gui14CGUIStaticTextE,49,0x000b88b6,_ZN5daisy3gui14CGUIStaticText42activateOffsetScrollingToEnsureVisibleTextEv
_ZTVN5daisy3gui14CGUIStaticTextE,50,0x000b8732,_ZN5daisy3gui14CGUIStaticText8packSizeEv
_ZTVN5daisy3gui14CGUIStaticTextE,51,0xfffffff4,
_ZTVN5daisy3gui14CGUIStaticTextE,52,0x00265da0,_ZTIN5daisy3gui14CGUIStaticTextE
_ZTVN5daisy3gui14CGUIStaticTextE,53,0x000ae5a0,_ZThn12_N2ox3gui11IGUIElement7OnEventERKNS_5event6SEventE
_ZTVN5daisy3gui14CGUIStaticTextE,54,0x000b746f,_ZThn12_N5daisy3gui14CGUIStaticTextD1Ev
_ZTVN5daisy3gui14CGUIStaticTextE,55,0x000b739b,_ZThn12_N5daisy3gui14CGUIStaticTextD0Ev
_ZTVN5daisy3gui7CGUITabE,0,0x00000000,
_ZTVN5daisy3gui7CGUITabE,1,0x00266080,_ZTIN5daisy3gui7CGUITabE
_ZTVN5daisy3gui7CGUITabE,2,0x000b8c00,_ZN5daisy3gui7CGUITabD1Ev
_ZTVN5daisy3gui7CGUITabE,3,0x000b8bd0,_ZN5daisy3gui7CGUITabD0Ev
_ZTVN5daisy3gui7CGUITabE,4,0x000aac06,_ZN2ox3gui11IGUIElement19setRelativePositionERKNS_4core5CRectIiEE
_ZTVN5daisy3gui7CGUITabE,5,0x000aac8a,_ZN2ox3gui10IGUILayout29getParentAbsoluteClippingRectEb
_ZTVN5daisy3gui7CGUITabE,6,0x000aad94,_ZN2ox3gui11IGUIElement22updateAbsolutePositionEv
_ZTVN5daisy3gui7CGUITabE,7,0x000aaa08,_ZN2ox3gui11IGUIElement8addChildEPS1_
_ZTVN5daisy3gui7CGUITabE,8,0x000ae510,_ZN2ox3gui11IGUIElement11removeChildEPS1_
_ZTVN5daisy3gui7CGUITabE,9,0x000aae9e,_ZN2ox3gui11IGUIElement17removeAllChildrenEv
_ZTVN5daisy3gui7CGUITabE,10,0x00173520,_ZN2ox3gui11IGUIElement6removeEv
_ZTVN5daisy3gui7CGUITabE,11,0x000b8c64,_ZN5daisy3gui7CGUITab4drawEv
_ZTVN5daisy3gui7CGUITabE,12,0x000aafc2,_ZN2ox3gui11IGUIElement4moveENS_4core11CPosition2dIiEE
_ZTVN5daisy3gui7CGUITabE,13,0x000aafea,_ZN2ox3gui11IGUIElement6moveToENS_4core11CPosition2dIiEE
_ZTVN5daisy3gui7CGUITabE,14,0x000ab034,_ZN2ox3gui11IGUIElement12centerOnRectERKNS_4core5CRectIiEE
_ZTVN5daisy3gui7CGUITabE,15,0x000ab08a,_ZN2ox3gui11IGUIElement14centerOnParentEv
_ZTVN5daisy3gui7CGUITabE,16,0x000ab0c6,_ZN2ox3gui11IGUIElement9isVisibleEv
_ZTVN5daisy3gui7CGUITabE,17,0x000ab0d6,_ZN2ox3gui11IGUIElement10setVisibleEb
_ZTVN5daisy3gui7CGUITabE,18,0x000ab0e4,_ZN2ox3gui11IGUIElement9isEnabledEv
_ZTVN5daisy3gui7CGUITabE,19,0x000ab0f4,_ZN2ox3gui11IGUIElement10setEnabledEb
_ZTVN5daisy3gui7CGUITabE,20,0x000ab12e,_ZN2ox3gui11IGUIElement7isFixedEv
_ZTVN5daisy3gui7CGUITabE,21,0x000ab13e,_ZN2ox3gui11IGUIElement8setFixedEb
_ZTVN5daisy3gui7CGUITabE,22,0x000ab14c,_ZN2ox3gui11IGUIElement11isInvisibleEv
_ZTVN5daisy3gui7CGUITabE,23,0x000ab15c,_ZN2ox3gui11IGUIElement12setInvisibleEb
_ZTVN5daisy3gui7CGUITabE,24,0x000ab16a,_ZN2ox3gui11IGUIElement16doesReportOnDrawEv
_ZTVN5daisy3gui7CGUITabE,25,0x000ab17c,_ZN2ox3gui11IGUIElement15setReportOnDrawEi
_ZTVN5daisy3gui7CGUITabE,26,0x000ab18a,_ZN2ox3gui11IGUIElement7setTextEPKw
_ZTVN5daisy3gui7CGUITabE,27,0x000ab1aa,_ZNK2ox3gui11IGUIElement7getTextEv
_ZTVN5daisy3gui7CGUITabE,28,0x000ab1b6,_ZN2ox3gui11IGUIElement5getIDEv
_ZTVN5daisy3gui7CGUITabE,29,0x000ab1c2,_ZN2ox3gui11IGUIElement5setIDEi
_ZTVN5daisy3gui7CGUITabE,30,0x000ab1d0,_ZN2ox3gui11IGUIElement7getTypeEv
_ZTVN5daisy3gui7CGUITabE,31,0x000ae556,_ZN2ox3gui11IGUIElement7OnEventERKNS_5event6SEventE
_ZTVN5daisy3gui7CGUITabE,32,0x000ab1dc,_ZN2ox3gui11IGUIElement22OnEventInNonFocusStateERKNS_5event6SEventE
_ZTVN5daisy3gui7CGUITabE,33,0x000ab218,_ZN2ox3gui11IGUIElement12bringToFrontEPS1_
_ZTVN5daisy3gui7CGUITabE,34,0x000ab270,_ZN2ox3gui11IGUIElement11getChildrenEv
_ZTVN5daisy3gui7CGUITabE,35,0x000ab27c,_ZN2ox3gui11IGUIElement16getElementFromIdEib
_ZTVN5daisy3gui7CGUITabE,36,0x000ab2d8,_ZN2ox3gui11IGUIElement12getHoverItemEv
_ZTVN5daisy3gui7CGUITabE,37,0x000ab2e4,_ZN2ox3gui11IGUIElement12setHoverItemEPS1_
_ZTVN5daisy3gui7CGUITabE,38,0x000ab334,_ZN2ox3gui11IGUIElement16getPreferredSizeEv
_ZTVN5daisy3gui7CGUITabE,39,0x000ab352,_ZN2ox3gui10IGUILayout8sortFlowEiibb
_ZTVN5daisy3gui7CGUITabE,40,0x000ab5cc,_ZN2ox3gui10IGUILayout14sortVerticallyEib
_ZTVN5daisy3gui7CGUITabE,41,0x000ab6c2,_ZN2ox3gui10IGUILayout16sortHorizontallyEi
_ZTVN5daisy3gui7CGUITabE,42,0x000ab7a2,_ZN2ox3gui10IGUILayout9sortRiverEbiib
_ZTVN5daisy3gui7CGUITabE,43,0x000ac424,_ZN2ox3gui10IGUILayout14getContentAreaEv
_ZTVN5daisy3gui7CGUITabE,44,0x000ac450,_ZN2ox3gui10IGUILayout28updateChildrenForContentAreaEv
_ZTVN5daisy3gui7CGUITabE,45,0x000b8c44,_ZN5daisy3gui7CGUITab9getNumberEv
_ZTVN5daisy3gui7CGUITabE,46,0x000b8cc2,_ZN5daisy3gui7CGUITab17setDrawBackgroundEb
_ZTVN5daisy3gui7CGUITabE,47,0x000b8cd4,_ZN5daisy3gui7CGUITab18setBackgroundColorEN2ox5video6SColorE
_ZTVN5daisy3gui7CGUITabE,48,0x000b8c52,_ZN5daisy3gui7CGUITab9setNumberEi
_ZTVN5daisy3gui7CGUITabE,49,0xfffffff4,
_ZTVN5daisy3gui7CGUITabE,50,0x00266080,_ZTIN5daisy3gui7CGUITabE
_ZTVN5daisy3gui7CGUITabE,51,0x000ae5a0,_ZThn12_N2ox3gui11IGUIElement7OnEventERKNS_5event6SEventE
_ZTVN5daisy3gui7CGUITabE,52,0x000b8c2b,_ZThn12_N5daisy3gui7CGUITabD1Ev
_ZTVN5daisy3gui7CGUITabE,53,0x000b8c09,_ZThn12_N5daisy3gui7CGUITabD0Ev
_ZTVN5daisy3gui7CGUITabE,54,0x00000000,
_ZTVN5daisy3gui7CGUITabE,55,0x00000000,
_ZTVN5daisy3gui14CGUITabControlE,0,0x00000000,
_ZTVN5daisy3gui14CGUITabControlE,1,0x00266090,_ZTIN5daisy3gui14CGUITabControlE
_ZTVN5daisy3gui14CGUITabControlE,2,0x000b8ee8,_ZN5daisy3gui14CGUITabControlD1Ev
_ZTVN5daisy3gui14CGUITabControlE,3,0x000b8eb8,_ZN5daisy3gui14CGUITabControlD0Ev
_ZTVN5daisy3gui14CGUITabControlE,4,0x000aac06,_ZN2ox3gui11IGUIElement19setRelativePositionERKNS_4core5CRectIiEE
_ZTVN5daisy3gui14CGUITabControlE,5,0x000ae4ba,_ZN2ox3gui11IGUIElement29getParentAbsoluteClippingRectEb
_ZTVN5daisy3gui14CGUITabControlE,6,0x000aad94,_ZN2ox3gui11IGUIElement22updateAbsolutePositionEv
_ZTVN5daisy3gui14CGUITabControlE,7,0x000aaa08,_ZN2ox3gui11IGUIElement8addChildEPS1_
_ZTVN5daisy3gui14CGUITabControlE,8,0x000ba756,_ZN5daisy3gui14CGUITabControl11removeChildEPN2ox3gui11IGUIElementE
_ZTVN5daisy3gui14CGUITabControlE,9,0x000aae9e,_ZN2ox3gui11IGUIElement17removeAllChildrenEv
_ZTVN5daisy3gui14CGUITabControlE,10,0x00173520,_ZN2ox3gui11IGUIElement6removeEv
_ZTVN5daisy3gui14CGUITabControlE,11,0x000b9394,_ZN5daisy3gui14CGUITabControl4drawEv
_ZTVN5daisy3gui14CGUITabControlE,12,0x000aafc2,_ZN2ox3gui11IGUIElement4moveENS_4core11CPosition2dIiEE
_ZTVN5daisy3gui14CGUITabControlE,13,0x000aafea,_ZN2ox3gui11IGUIElement6moveToENS_4core11CPosition2dIiEE
_ZTVN5daisy3gui14CGUITabControlE,14,0x000ab034,_ZN2ox3gui11IGUIElement12centerOnRectERKNS_4core5CRectIiEE
_ZTVN5daisy3gui14CGUITabControlE,15,0x000ab08a,_ZN2ox3gui11IGUIElement14centerOnParentEv
_ZTVN5daisy3gui14CGUITabControlE,16,0x000ab0c6,_ZN2ox3gui11IGUIElement9isVisibleEv
_ZTVN5daisy3gui14CGUITabControlE,17,0x000ab0d6,_ZN2ox3gui11IGUIElement10setVisibleEb
_ZTVN5daisy3gui14CGUITabControlE,18,0x000ab0e4,_ZN2ox3gui11IGUIElement9isEnabledEv
_ZTVN5daisy3gui14CGUITabControlE,19,0x000ab0f4,_ZN2ox3gui11IGUIElement10setEnabledEb
_ZTVN5daisy3gui14CGUITabControlE,20,0x000ab12e,_ZN2ox3gui11IGUIElement7isFixedEv
_ZTVN5daisy3gui14CGUITabControlE,21,0x000ab13e,_ZN2ox3gui11IGUIElement8setFixedEb
_ZTVN5daisy3gui14CGUITabControlE,22,0x000ab14c,_ZN2ox3gui11IGUIElement11isInvisibleEv
_ZTVN5daisy3gui14CGUITabControlE,23,0x000ab15c,_ZN2ox3gui11IGUIElement12setInvisibleEb
_ZTVN5daisy3gui14CGUITabControlE,24,0x000ab16a,_ZN2ox3gui11IGUIElement16doesReportOnDrawEv
_ZTVN5daisy3gui14CGUITabControlE,25,0x000ab17c,_ZN2ox3gui11IGUIElement15setReportOnDrawEi
_ZTVN5daisy3gui14CGUITabControlE,26,0x000ab18a,_ZN2ox3gui11IGUIElement7setTextEPKw
_ZTVN5daisy3gui14CGUITabControlE,27,0x000ab1aa,_ZNK2ox3gui11IGUIElement7getTextEv
_ZTVN5daisy3gui14CGUITabControlE,28,0x000ab1b6,_ZN2ox3gui11IGUIElement5getIDEv
_ZTVN5daisy3gui14CGUITabControlE,29,0x000ab1c2,_ZN2ox3gui11IGUIElement5setIDEi
_ZTVN5daisy3gui14CGUITabControlE,30,0x000ab1d0,_ZN2ox3gui11IGUIElement7getTypeEv
_ZTVN5daisy3gui14CGUITabControlE,31,0x000b9194,_ZN5daisy3gui14CGUITabControl7OnEventERKN2ox5event6SEventE
_ZTVN5daisy3gui14CGUITabControlE,32,0x000ab1dc,_ZN2ox3gui11IGUIElement22OnEventInNonFocusStateERKNS_5event6SEventE
_ZTVN5daisy3gui14CGUITabControlE,33,0x000ab218,_ZN2ox3gui11IGUIElement12bringToFrontEPS1_
_ZTVN5daisy3gui14CGUITabControlE,34,0x000ab270,_ZN2ox3gui11IGUIElement11getChildrenEv
_ZTVN5daisy3gui14CGUITabControlE,35,0x000ab27c,_ZN2ox3gui11IGUIElement16getElementFromIdEib
_ZTVN5daisy3gui14CGUITabControlE,36,0x000ab2d8,_ZN2ox3gui11IGUIElement12getHoverItemEv
_ZTVN5daisy3gui14CGUITabControlE,37,0x000ab2e4,_ZN2ox3gui11IGUIElement12setHoverItemEPS1_
_ZTVN5daisy3gui14CGUITabControlE,38,0x000ab334,_ZN2ox3gui11IGUIElement16getPreferredSizeEv
_ZTVN5daisy3gui14CGUITabControlE,39,0x000b8fe4,_ZN5daisy3gui14CGUITabControl6addTabEPwi
_ZTVN5daisy3gui14CGUITabControlE,40,0x000b914e,_ZN5daisy3gui14CGUITabControl11getTabcountEv
_ZTVN5daisy3gui14CGUITabControlE,41,0x000b9166,_ZN5daisy3gui14CGUITabControl6getTabEi
_ZTVN5daisy3gui14CGUITabControlE,42,0x000ba698,_ZN5daisy3gui14CGUITabControl12setActiveTabEi
_ZTVN5daisy3gui14CGUITabControlE,43,0x000ba68a,_ZN5daisy3gui14CGUITabControl12getActiveTabEv
_ZTVN5daisy3gui14CGUITabControlE,44,0x000ba846,_ZN5daisy3gui14CGUITabControl13setAnimationsEPN2ox5video14ISpritePackageEPKc
_ZTVN5daisy3gui14CGUITabControlE,45,0x000bab6c,_ZN5daisy3gui14CGUITabControl12setTextColorEN2ox5video6SColorE
_ZTVN5daisy3gui14CGUITabControlE,46,0xfffffff4,
_ZTVN5daisy3gui14CGUITabControlE,47,0x00266090,_ZTIN5daisy3gui14CGUITabControlE
_ZTVN5daisy3gui14CGUITabControlE,48,0x000b9370,_ZThn12_N5daisy3gui14CGUITabControl7OnEventERKN2ox5event6SEventE
_ZTVN5daisy3gui14CGUITabControlE,49,0x000b8fcb,_ZThn12_N5daisy3gui14CGUITabControlD1Ev
_ZTVN5daisy3gui14CGUITabControlE,50,0x000b8ef1,_ZThn12_N5daisy3gui14CGUITabControlD0Ev
_ZTVN5daisy3gui16CGUITabButtonRowE,0,0x00000000,
_ZTVN5daisy3gui16CGUITabButtonRowE,1,0x002660a0,_ZTIN5daisy3gui16CGUITabButtonRowE
_ZTVN5daisy3gui16CGUITabButtonRowE,2,0x000badc2,_ZN5daisy3gui16CGUITabButtonRowD1Ev
_ZTVN5daisy3gui16CGUITabButtonRowE,3,0x000bad92,_ZN5daisy3gui16CGUITabButtonRowD0Ev
_ZTVN5daisy3gui16CGUITabButtonRowE,4,0x000bbf3c,_ZN5daisy3gui16CGUITabButtonRow19setRelativePositionERKN2ox4core5CRectIiEE
_ZTVN5daisy3gui16CGUITabButtonRowE,5,0x000ae4ba,_ZN2ox3gui11IGUIElement29getParentAbsoluteClippingRectEb
_ZTVN5daisy3gui16CGUITabButtonRowE,6,0x000aad94,_ZN2ox3gui11IGUIElement22updateAbsolutePositionEv
_ZTVN5daisy3gui16CGUITabButtonRowE,7,0x000aaa08,_ZN2ox3gui11IGUIElement8addChildEPS1_
_ZTVN5daisy3gui16CGUITabButtonRowE,8,0x000ae510,_ZN2ox3gui11IGUIElement11removeChildEPS1_
_ZTVN5daisy3gui16CGUITabButtonRowE,9,0x000aae9e,_ZN2ox3gui11IGUIElement17removeAllChildrenEv
_ZTVN5daisy3gui16CGUITabButtonRowE,10,0x00173520,_ZN2ox3gui11IGUIElement6removeEv
_ZTVN5daisy3gui16CGUITabButtonRowE,11,0x000bb3c8,_ZN5daisy3gui16CGUITabButtonRow4drawEv
_ZTVN5daisy3gui16CGUITabButtonRowE,12,0x000aafc2,_ZN2ox3gui11IGUIElement4moveENS_4core11CPosition2dIiEE
_ZTVN5daisy3gui16CGUITabButtonRowE,13,0x000aafea,_ZN2ox3gui11IGUIElement6moveToENS_4core11CPosition2dIiEE
_ZTVN5daisy3gui16CGUITabButtonRowE,14,0x000ab034,_ZN2ox3gui11IGUIElement12centerOnRectERKNS_4core5CRectIiEE
_ZTVN5daisy3gui16CGUITabButtonRowE,15,0x000ab08a,_ZN2ox3gui11IGUIElement14centerOnParentEv
_ZTVN5daisy3gui16CGUITabButtonRowE,16,0x000ab0c6,_ZN2ox3gui11IGUIElement9isVisibleEv
_ZTVN5daisy3gui16CGUITabButtonRowE,17,0x000ab0d6,_ZN2ox3gui11IGUIElement10setVisibleEb
_ZTVN5daisy3gui16CGUITabButtonRowE,18,0x000ab0e4,_ZN2ox3gui11IGUIElement9isEnabledEv
_ZTVN5daisy3gui16CGUITabButtonRowE,19,0x000ab0f4,_ZN2ox3gui11IGUIElement10setEnabledEb
_ZTVN5daisy3gui16CGUITabButtonRowE,20,0x000ab12e,_ZN2ox3gui11IGUIElement7isFixedEv
_ZTVN5daisy3gui16CGUITabButtonRowE,21,0x000ab13e,_ZN2ox3gui11IGUIElement8setFixedEb
_ZTVN5daisy3gui16CGUITabButtonRowE,22,0x000ab14c,_ZN2ox3gui11IGUIElement11isInvisibleEv
_ZTVN5daisy3gui16CGUITabButtonRowE,23,0x000ab15c,_ZN2ox3gui11IGUIElement12setInvisibleEb
_ZTVN5daisy3gui16CGUITabButtonRowE,24,0x000ab16a,_ZN2ox3gui11IGUIElement16doesReportOnDrawEv
_ZTVN5daisy3gui16CGUITabButtonRowE,25,0x000ab17c,_ZN2ox3gui11IGUIElement15setReportOnDrawEi
_ZTVN5daisy3gui16CGUITabButtonRowE,26,0x000ab18a,_ZN2ox3gui11IGUIElement7setTextEPKw
_ZTVN5daisy3gui16CGUITabButtonRowE,27,0x000ab1aa,_ZNK2ox3gui11IGUIElement7getTextEv
_ZTVN5daisy3gui16CGUITabButtonRowE,28,0x000ab1b6,_ZN2ox3gui11IGUIElement5getIDEv
_ZTVN5daisy3gui16CGUITabButtonRowE,29,0x000ab1c2,_ZN2ox3gui11IGUIElement5setIDEi
_ZTVN5daisy3gui16CGUITabButtonRowE,30,0x000ab1d0,_ZN2ox3gui11IGUIElement7getTypeEv
_ZTVN5daisy3gui16CGUITabButtonRowE,31,0x000bb0ba,_ZN5daisy3gui16CGUITabButtonRow7OnEventERKN2ox5event6SEventE
_ZTVN5daisy3gui16CGUITabButtonRowE,32,0x000ab1dc,_ZN2ox3gui11IGUIElement22OnEventInNonFocusStateERKNS_5event6SEventE
_ZTVN5daisy3gui16CGUITabButtonRowE,33,0x000ab218,_ZN2ox3gui11IGUIElement12bringToFrontEPS1_
_ZTVN5daisy3gui16CGUITabButtonRowE,34,0x000ab270,_ZN2ox3gui11IGUIElement11getChildrenEv
_ZTVN5daisy3gui16CGUITabButtonRowE,35,0x000ab27c,_ZN2ox3gui11IGUIElement16getElementFromIdEib
_ZTVN5daisy3gui16CGUITabButtonRowE,36,0x000ab2d8,_ZN2ox3gui11IGUIElement12getHoverItemEv
_ZTVN5daisy3gui16CGUITabButtonRowE,37,0x000ab2e4,_ZN2ox3gui11IGUIElement12setHoverItemEPS1_
_ZTVN5daisy3gui16CGUITabButtonRowE,38,0x000ab334,_ZN2ox3gui11IGUIElement16getPreferredSizeEv
_ZTVN5daisy3gui16CGUITabButtonRowE,39,0x000bae80,_ZN5daisy3gui16CGUITabButtonRow6addTabEPKwb
_ZTVN5daisy3gui16CGUITabButtonRowE,40,0x000bb044,_ZN5daisy3gui16CGUITabButtonRow11getTabCountEv
_ZTVN5daisy3gui16CGUITabButtonRowE,41,0x000bb05c,_ZN5daisy3gui16CGUITabButtonRow13getTabCaptionEi
_ZTVN5daisy3gui16CGUITabButtonRowE,42,0x000bb096,_ZN5daisy3gui16CGUITabButtonRow18setActiveTabButtonEi
_ZTVN5daisy3gui16CGUITabButtonRowE,43,0x000bb004,_ZN5daisy3gui16CGUITabButtonRow21setTabButtonHighlightEib
_ZTVN5daisy3gui16CGUITabButtonRowE,44,0x000bb0ac,_ZN5daisy3gui16CGUITabButtonRow18getActiveTabButtonEv
_ZTVN5daisy3gui16CGUITabButtonRowE,45,0x000bbca4,_ZN5daisy3gui16CGUITabButtonRow13setAnimationsEPN2ox5video14ISpritePackageEPKc
_ZTVN5daisy3gui16CGUITabButtonRowE,46,0x000bbf18,_ZN5daisy3gui16CGUITabButtonRow12setTextColorEN2ox5video6SColorE
_ZTVN5daisy3gui16CGUITabButtonRowE,47,0x000bbf2a,_ZN5daisy3gui16CGUITabButtonRow11setTextFontEPN2ox3gui8IGUIFontE
_ZTVN5daisy3gui16CGUITabButtonRowE,48,0x000bb032,_ZN5daisy3gui16CGUITabButtonRow17setHighlightColorEN2ox5video6SColorE
_ZTVN5daisy3gui16CGUITabButtonRowE,49,0xfffffff4,
_ZTVN5daisy3gui16CGUITabButtonRowE,50,0x002660a0,_ZTIN5daisy3gui16CGUITabButtonRowE
_ZTVN5daisy3gui16CGUITabButtonRowE,51,0x000bb3a4,_ZThn12_N5daisy3gui16CGUITabButtonRow7OnEventERKN2ox5event6SEventE
_ZTVN5daisy3gui16CGUITabButtonRowE,52,0x000bae66,_ZThn12_N5daisy3gui16CGUITabButtonRowD1Ev
_ZTVN5daisy3gui16CGUITabButtonRowE,53,0x000badcb,_ZThn12_N5daisy3gui16CGUITabButtonRowD0Ev
_ZTVN5daisy3gui11CGUIToolBarE,0,0x00000000,
_ZTVN5daisy3gui11CGUIToolBarE,1,0x00266168,_ZTIN5daisy3gui11CGUIToolBarE
_ZTVN5daisy3gui11CGUIToolBarE,2,0x000bc54a,_ZN5daisy3gui11CGUIToolBarD1Ev
_ZTVN5daisy3gui11CGUIToolBarE,3,0x000bc51a,_ZN5daisy3gui11CGUIToolBarD0Ev
_ZTVN5daisy3gui11CGUIToolBarE,4,0x000aac06,_ZN2ox3gui11IGUIElement19setRelativePositionERKNS_4core5CRectIiEE
_ZTVN5daisy3gui11CGUIToolBarE,5,0x000ae4ba,_ZN2ox3gui11IGUIElement29getParentAbsoluteClippingRectEb
_ZTVN5daisy3gui11CGUIToolBarE,6,0x000bc686,_ZN5daisy3gui11CGUIToolBar22updateAbsolutePositionEv
_ZTVN5daisy3gui11CGUIToolBarE,7,0x000aaa08,_ZN2ox3gui11IGUIElement8addChildEPS1_
_ZTVN5daisy3gui11CGUIToolBarE,8,0x000ae510,_ZN2ox3gui11IGUIElement11removeChildEPS1_
_ZTVN5daisy3gui11CGUIToolBarE,9,0x000aae9e,_ZN2ox3gui11IGUIElement17removeAllChildrenEv
_ZTVN5daisy3gui11CGUIToolBarE,10,0x00173520,_ZN2ox3gui11IGUIElement6removeEv
_ZTVN5daisy3gui11CGUIToolBarE,11,0x000bc58e,_ZN5daisy3gui11CGUIToolBar4drawEv
_ZTVN5daisy3gui11CGUIToolBarE,12,0x000aafc2,_ZN2ox3gui11IGUIElement4moveENS_4core11CPosition2dIiEE
_ZTVN5daisy3gui11CGUIToolBarE,13,0x000aafea,_ZN2ox3gui11IGUIElement6moveToENS_4core11CPosition2dIiEE
_ZTVN5daisy3gui11CGUIToolBarE,14,0x000ab034,_ZN2ox3gui11IGUIElement12centerOnRectERKNS_4core5CRectIiEE
_ZTVN5daisy3gui11CGUIToolBarE,15,0x000ab08a,_ZN2ox3gui11IGUIElement14centerOnParentEv
_ZTVN5daisy3gui11CGUIToolBarE,16,0x000ab0c6,_ZN2ox3gui11IGUIElement9isVisibleEv
_ZTVN5daisy3gui11CGUIToolBarE,17,0x000ab0d6,_ZN2ox3gui11IGUIElement10setVisibleEb
_ZTVN5daisy3gui11CGUIToolBarE,18,0x000ab0e4,_ZN2ox3gui11IGUIElement9isEnabledEv
_ZTVN5daisy3gui11CGUIToolBarE,19,0x000ab0f4,_ZN2ox3gui11IGUIElement10setEnabledEb
_ZTVN5daisy3gui11CGUIToolBarE,20,0x000ab12e,_ZN2ox3gui11IGUIElement7isFixedEv
_ZTVN5daisy3gui11CGUIToolBarE,21,0x000ab13e,_ZN2ox3gui11IGUIElement8setFixedEb
_ZTVN5daisy3gui11CGUIToolBarE,22,0x000ab14c,_ZN2ox3gui11IGUIElement11isInvisibleEv
_ZTVN5daisy3gui11CGUIToolBarE,23,0x000ab15c,_ZN2ox3gui11IGUIElement12setInvisibleEb
_ZTVN5daisy3gui11CGUIToolBarE,24,0x000ab16a,_ZN2ox3gui11IGUIElement16doesReportOnDrawEv
_ZTVN5daisy3gui11CGUIToolBarE,25,0x000ab17c,_ZN2ox3gui11IGUIElement15setReportOnDrawEi
_ZTVN5daisy3gui11CGUIToolBarE,26,0x000ab18a,_ZN2ox3gui11IGUIElement7setTextEPKw
_ZTVN5daisy3gui11CGUIToolBarE,27,0x000ab1aa,_ZNK2ox3gui11IGUIElement7getTextEv
_ZTVN5daisy3gui11CGUIToolBarE,28,0x000ab1b6,_ZN2ox3gui11IGUIElement5getIDEv
_ZTVN5daisy3gui11CGUIToolBarE,29,0x000ab1c2,_ZN2ox3gui11IGUIElement5setIDEi
_ZTVN5daisy3gui11CGUIToolBarE,30,0x000ab1d0,_ZN2ox3gui11IGUIElement7getTypeEv
_ZTVN5daisy3gui11CGUIToolBarE,31,0x000ae556,_ZN2ox3gui11IGUIElement7OnEventERKNS_5event6SEventE
_ZTVN5daisy3gui11CGUIToolBarE,32,0x000ab1dc,_ZN2ox3gui11IGUIElement22OnEventInNonFocusStateERKNS_5event6SEventE
_ZTVN5daisy3gui11CGUIToolBarE,33,0x000ab218,_ZN2ox3gui11IGUIElement12bringToFrontEPS1_
_ZTVN5daisy3gui11CGUIToolBarE,34,0x000ab270,_ZN2ox3gui11IGUIElement11getChildrenEv
_ZTVN5daisy3gui11CGUIToolBarE,35,0x000ab27c,_ZN2ox3gui11IGUIElement16getElementFromIdEib
_ZTVN5daisy3gui11CGUIToolBarE,36,0x000ab2d8,_ZN2ox3gui11IGUIElement12getHoverItemEv
_ZTVN5daisy3gui11CGUIToolBarE,37,0x000ab2e4,_ZN2ox3gui11IGUIElement12setHoverItemEPS1_
_ZTVN5daisy3gui11CGUIToolBarE,38,0x000ab334,_ZN2ox3gui11IGUIElement16getPreferredSizeEv
_ZTVN5daisy3gui11CGUIToolBarE,39,0x000bc6a2,_ZN5daisy3gui11CGUIToolBar9addButtonEiPKwPN2ox5video8ITextureES7_b
_ZTVN5daisy3gui11CGUIToolBarE,40,0xfffffff4,
_ZTVN5daisy3gui11CGUIToolBarE,41,0x00266168,_ZTIN5daisy3gui11CGUIToolBarE
_ZTVN5daisy3gui11CGUIToolBarE,42,0x000ae5a0,_ZThn12_N2ox3gui11IGUIElement7OnEventERKNS_5event6SEventE
_ZTVN5daisy3gui11CGUIToolBarE,43,0x000bc575,_ZThn12_N5daisy3gui11CGUIToolBarD1Ev
_ZTVN5daisy3gui11CGUIToolBarE,44,0x000bc553,_ZThn12_N5daisy3gui11CGUIToolBarD0Ev
_ZTVN5daisy3gui11CGUIToolBarE,45,0x00000000,
_ZTVN5daisy3gui10CGUIWindowE,0,0x00000000,
_ZTVN5daisy3gui10CGUIWindowE,1,0x00266388,_ZTIN5daisy3gui10CGUIWindowE
_ZTVN5daisy3gui10CGUIWindowE,2,0x000bce94,_ZN5daisy3gui10CGUIWindowD1Ev
_ZTVN5daisy3gui10CGUIWindowE,3,0x000bce64,_ZN5daisy3gui10CGUIWindowD0Ev
_ZTVN5daisy3gui10CGUIWindowE,4,0x000bcfb4,_ZN5daisy3gui10CGUIWindow19setRelativePositionERKN2ox4core5CRectIiEE
_ZTVN5daisy3gui10CGUIWindowE,5,0x000aac8a,_ZN2ox3gui10IGUILayout29getParentAbsoluteClippingRectEb
_ZTVN5daisy3gui10CGUIWindowE,6,0x000aad94,_ZN2ox3gui11IGUIElement22updateAbsolutePositionEv
_ZTVN5daisy3gui10CGUIWindowE,7,0x000aaa08,_ZN2ox3gui11IGUIElement8addChildEPS1_
_ZTVN5daisy3gui10CGUIWindowE,8,0x000ae510,_ZN2ox3gui11IGUIElement11removeChildEPS1_
_ZTVN5daisy3gui10CGUIWindowE,9,0x000aae9e,_ZN2ox3gui11IGUIElement17removeAllChildrenEv
_ZTVN5daisy3gui10CGUIWindowE,10,0x00173520,_ZN2ox3gui11IGUIElement6removeEv
_ZTVN5daisy3gui10CGUIWindowE,11,0x000bd390,_ZN5daisy3gui10CGUIWindow4drawEv
_ZTVN5daisy3gui10CGUIWindowE,12,0x000aafc2,_ZN2ox3gui11IGUIElement4moveENS_4core11CPosition2dIiEE
_ZTVN5daisy3gui10CGUIWindowE,13,0x000aafea,_ZN2ox3gui11IGUIElement6moveToENS_4core11CPosition2dIiEE
_ZTVN5daisy3gui10CGUIWindowE,14,0x000ab034,_ZN2ox3gui11IGUIElement12centerOnRectERKNS_4core5CRectIiEE
_ZTVN5daisy3gui10CGUIWindowE,15,0x000ab08a,_ZN2ox3gui11IGUIElement14centerOnParentEv
_ZTVN5daisy3gui10CGUIWindowE,16,0x000ab0c6,_ZN2ox3gui11IGUIElement9isVisibleEv
_ZTVN5daisy3gui10CGUIWindowE,17,0x000ab0d6,_ZN2ox3gui11IGUIElement10setVisibleEb
_ZTVN5daisy3gui10CGUIWindowE,18,0x000ab0e4,_ZN2ox3gui11IGUIElement9isEnabledEv
_ZTVN5daisy3gui10CGUIWindowE,19,0x000ab0f4,_ZN2ox3gui11IGUIElement10setEnabledEb
_ZTVN5daisy3gui10CGUIWindowE,20,0x000ab12e,_ZN2ox3gui11IGUIElement7isFixedEv
_ZTVN5daisy3gui10CGUIWindowE,21,0x000ab13e,_ZN2ox3gui11IGUIElement8setFixedEb
_ZTVN5daisy3gui10CGUIWindowE,22,0x000ab14c,_ZN2ox3gui11IGUIElement11isInvisibleEv
_ZTVN5daisy3gui10CGUIWindowE,23,0x000ab15c,_ZN2ox3gui11IGUIElement12setInvisibleEb
_ZTVN5daisy3gui10CGUIWindowE,24,0x000ab16a,_ZN2ox3gui11IGUIElement16doesReportOnDrawEv
_ZTVN5daisy3gui10CGUIWindowE,25,0x000ab17c,_ZN2ox3gui11IGUIElement15setReportOnDrawEi
_ZTVN5daisy3gui10CGUIWindowE,26,0x000ab18a,_ZN2ox3gui11IGUIElement7setTextEPKw
_ZTVN5daisy3gui10CGUIWindowE,27,0x000ab1aa,_ZNK2ox3gui11IGUIElement7getTextEv
_ZTVN5daisy3gui10CGUIWindowE,28,0x000ab1b6,_ZN2ox3gui11IGUIElement5getIDEv
_ZTVN5daisy3gui10CGUIWindowE,29,0x000ab1c2,_ZN2ox3gui11IGUIElement5setIDEi
_ZTVN5daisy3gui10CGUIWindowE,30,0x000ab1d0,_ZN2ox3gui11IGUIElement7getTypeEv
_ZTVN5daisy3gui10CGUIWindowE,31,0x000bd18a,_ZN5daisy3gui10CGUIWindow7OnEventERKN2ox5event6SEventE
_ZTVN5daisy3gui10CGUIWindowE,32,0x000ab1dc,_ZN2ox3gui11IGUIElement22OnEventInNonFocusStateERKNS_5event6SEventE
_ZTVN5daisy3gui10CGUIWindowE,33,0x000ab218,_ZN2ox3gui11IGUIElement12bringToFrontEPS1_
_ZTVN5daisy3gui10CGUIWindowE,34,0x000ab270,_ZN2ox3gui11IGUIElement11getChildrenEv
_ZTVN5daisy3gui10CGUIWindowE,35,0x000ab27c,_ZN2ox3gui11IGUIElement16getElementFromIdEib
_ZTVN5daisy3gui10CGUIWindowE,36,0x000ab2d8,_ZN2ox3gui11IGUIElement12getHoverItemEv
_ZTVN5daisy3gui10CGUIWindowE,37,0x000ab2e4,_ZN2ox3gui11IGUIElement12setHoverItemEPS1_
_ZTVN5daisy3gui10CGUIWindowE,38,0x000ab334,_ZN2ox3gui11IGUIElement16getPreferredSizeEv
_ZTVN5daisy3gui10CGUIWindowE,39,0x000ab352,_ZN2ox3gui10IGUILayout8sortFlowEiibb
_ZTVN5daisy3gui10CGUIWindowE,40,0x000ab5cc,_ZN2ox3gui10IGUILayout14sortVerticallyEib
_ZTVN5daisy3gui10CGUIWindowE,41,0x000ab6c2,_ZN2ox3gui10IGUILayout16sortHorizontallyEi
_ZTVN5daisy3gui10CGUIWindowE,42,0x000ab7a2,_ZN2ox3gui10IGUILayout9sortRiverEbiib
_ZTVN5daisy3gui10CGUIWindowE,43,0x000be338,_ZN5daisy3gui10CGUIWindow14getContentAreaEv
_ZTVN5daisy3gui10CGUIWindowE,44,0x000ac450,_ZN2ox3gui10IGUILayout28updateChildrenForContentAreaEv
_ZTVN5daisy3gui10CGUIWindowE,45,0x000bdf6e,_ZN5daisy3gui10CGUIWindow14getCloseButtonEv
_ZTVN5daisy3gui10CGUIWindowE,46,0x000bdf7c,_ZN5daisy3gui10CGUIWindow17getMinimizeButtonEv
_ZTVN5daisy3gui10CGUIWindowE,47,0x000bdf8a,_ZN5daisy3gui10CGUIWindow17getMaximizeButtonEv
_ZTVN5daisy3gui10CGUIWindowE,48,0x000bdf98,_ZN5daisy3gui10CGUIWindow13setAnimationsEPN2ox5video14ISpritePackageEPKc
_ZTVN5daisy3gui10CGUIWindowE,49,0xfffffff4,
_ZTVN5daisy3gui10CGUIWindowE,50,0x00266388,_ZTIN5daisy3gui10CGUIWindowE
_ZTVN5daisy3gui10CGUIWindowE,51,0x000bd36d,_ZThn12_N5daisy3gui10CGUIWindow7OnEventERKN2ox5event6SEventE
_ZTVN5daisy3gui10CGUIWindowE,52,0x000bcf9b,_ZThn12_N5daisy3gui10CGUIWindowD1Ev
_ZTVN5daisy3gui10CGUIWindowE,53,0x000bce9d,_ZThn12_N5daisy3gui10CGUIWindowD0Ev
_ZTVN5daisy3gui10CGUIWindowE,54,0x00000000,
_ZTVN5daisy3gui10CGUIWindowE,55,0x00000000,
_ZTVN5daisy3gui19CGUIDetachableFrameE,0,0x00000000,
_ZTVN5daisy3gui19CGUIDetachableFrameE,1,0x00266398,_ZTIN5daisy3gui19CGUIDetachableFrameE
_ZTVN5daisy3gui19CGUIDetachableFrameE,2,0x000be8d6,_ZN5daisy3gui19CGUIDetachableFrameD1Ev
_ZTVN5daisy3gui19CGUIDetachableFrameE,3,0x000be8a6,_ZN5daisy3gui19CGUIDetachableFrameD0Ev
_ZTVN5daisy3gui19CGUIDetachableFrameE,4,0x000bea92,_ZN5daisy3gui19CGUIDetachableFrame19setRelativePositionERKN2ox4core5CRectIiEE
_ZTVN5daisy3gui19CGUIDetachableFrameE,5,0x000aac8a,_ZN2ox3gui10IGUILayout29getParentAbsoluteClippingRectEb
_ZTVN5daisy3gui19CGUIDetachableFrameE,6,0x000aad94,_ZN2ox3gui11IGUIElement22updateAbsolutePositionEv
_ZTVN5daisy3gui19CGUIDetachableFrameE,7,0x000aaa08,_ZN2ox3gui11IGUIElement8addChildEPS1_
_ZTVN5daisy3gui19CGUIDetachableFrameE,8,0x000ae510,_ZN2ox3gui11IGUIElement11removeChildEPS1_
_ZTVN5daisy3gui19CGUIDetachableFrameE,9,0x000aae9e,_ZN2ox3gui11IGUIElement17removeAllChildrenEv
_ZTVN5daisy3gui19CGUIDetachableFrameE,10,0x00173520,_ZN2ox3gui11IGUIElement6removeEv
_ZTVN5daisy3gui19CGUIDetachableFrameE,11,0x000bf554,_ZN5daisy3gui19CGUIDetachableFrame4drawEv
_ZTVN5daisy3gui19CGUIDetachableFrameE,12,0x000aafc2,_ZN2ox3gui11IGUIElement4moveENS_4core11CPosition2dIiEE
_ZTVN5daisy3gui19CGUIDetachableFrameE,13,0x000aafea,_ZN2ox3gui11IGUIElement6moveToENS_4core11CPosition2dIiEE
_ZTVN5daisy3gui19CGUIDetachableFrameE,14,0x000ab034,_ZN2ox3gui11IGUIElement12centerOnRectERKNS_4core5CRectIiEE
_ZTVN5daisy3gui19CGUIDetachableFrameE,15,0x000ab08a,_ZN2ox3gui11IGUIElement14centerOnParentEv
_ZTVN5daisy3gui19CGUIDetachableFrameE,16,0x000ab0c6,_ZN2ox3gui11IGUIElement9isVisibleEv
_ZTVN5daisy3gui19CGUIDetachableFrameE,17,0x000ab0d6,_ZN2ox3gui11IGUIElement10setVisibleEb
_ZTVN5daisy3gui19CGUIDetachableFrameE,18,0x000ab0e4,_ZN2ox3gui11IGUIElement9isEnabledEv
_ZTVN5daisy3gui19CGUIDetachableFrameE,19,0x000ab0f4,_ZN2ox3gui11IGUIElement10setEnabledEb
_ZTVN5daisy3gui19CGUIDetachableFrameE,20,0x000ab12e,_ZN2ox3gui11IGUIElement7isFixedEv
_ZTVN5daisy3gui19CGUIDetachableFrameE,21,0x000ab13e,_ZN2ox3gui11IGUIElement8setFixedEb
_ZTVN5daisy3gui19CGUIDetachableFrameE,22,0x000ab14c,_ZN2ox3gui11IGUIElement11isInvisibleEv
_ZTVN5daisy3gui19CGUIDetachableFrameE,23,0x000ab15c,_ZN2ox3gui11IGUIElement12setInvisibleEb
_ZTVN5daisy3gui19CGUIDetachableFrameE,24,0x000ab16a,_ZN2ox3gui11IGUIElement16doesReportOnDrawEv
_ZTVN5daisy3gui19CGUIDetachableFrameE,25,0x000ab17c,_ZN2ox3gui11IGUIElement15setReportOnDrawEi
_ZTVN5daisy3gui19CGUIDetachableFrameE,26,0x000ab18a,_ZN2ox3gui11IGUIElement7setTextEPKw
_ZTVN5daisy3gui19CGUIDetachableFrameE,27,0x000ab1aa,_ZNK2ox3gui11IGUIElement7getTextEv
_ZTVN5daisy3gui19CGUIDetachableFrameE,28,0x000ab1b6,_ZN2ox3gui11IGUIElement5getIDEv
_ZTVN5daisy3gui19CGUIDetachableFrameE,29,0x000ab1c2,_ZN2ox3gui11IGUIElement5setIDEi
_ZTVN5daisy3gui19CGUIDetachableFrameE,30,0x000ab1d0,_ZN2ox3gui11IGUIElement7getTypeEv
_ZTVN5daisy3gui19CGUIDetachableFrameE,31,0x000bed00,_ZN5daisy3gui19CGUIDetachableFrame7OnEventERKN2ox5event6SEventE
_ZTVN5daisy3gui19CGUIDetachableFrameE,32,0x000ab1dc,_ZN2ox3gui11IGUIElement22OnEventInNonFocusStateERKNS_5event6SEventE
_ZTVN5daisy3gui19CGUIDetachableFrameE,33,0x000ab218,_ZN2ox3gui11IGUIElement12bringToFrontEPS1_
_ZTVN5daisy3gui19CGUIDetachableFrameE,34,0x000ab270,_ZN2ox3gui11IGUIElement11getChildrenEv
_ZTVN5daisy3gui19CGUIDetachableFrameE,35,0x000ab27c,_ZN2ox3gui11IGUIElement16getElementFromIdEib
_ZTVN5daisy3gui19CGUIDetachableFrameE,36,0x000ab2d8,_ZN2ox3gui11IGUIElement12getHoverItemEv
_ZTVN5daisy3gui19CGUIDetachableFrameE,37,0x000ab2e4,_ZN2ox3gui11IGUIElement12setHoverItemEPS1_
_ZTVN5daisy3gui19CGUIDetachableFrameE,38,0x000ab334,_ZN2ox3gui11IGUIElement16getPreferredSizeEv
_ZTVN5daisy3gui19CGUIDetachableFrameE,39,0x000ab352,_ZN2ox3gui10IGUILayout8sortFlowEiibb
_ZTVN5daisy3gui19CGUIDetachableFrameE,40,0x000ab5cc,_ZN2ox3gui10IGUILayout14sortVerticallyEib
_ZTVN5daisy3gui19CGUIDetachableFrameE,41,0x000ab6c2,_ZN2ox3gui10IGUILayout16sortHorizontallyEi
_ZTVN5daisy3gui19CGUIDetachableFrameE,42,0x000ab7a2,_ZN2ox3gui10IGUILayout9sortRiverEbiib
_ZTVN5daisy3gui19CGUIDetachableFrameE,43,0x000c0526,_ZN5daisy3gui19CGUIDetachableFrame14getContentAreaEv
_ZTVN5daisy3gui19CGUIDetachableFrameE,44,0x000ac450,_ZN2ox3gui10IGUILayout28updateChildrenForContentAreaEv
_ZTVN5daisy3gui19CGUIDetachableFrameE,45,0x000bffca,_ZN5daisy3gui19CGUIDetachableFrame13setAnimationsEPN2ox5video14ISpritePackageEPKc
_ZTVN5daisy3gui19CGUIDetachableFrameE,46,0x000be9ce,_ZN5daisy3gui19CGUIDetachableFrame21setPopupMenuTitleFontEPN2ox3gui8IGUIFontE
_ZTVN5daisy3gui19CGUIDetachableFrameE,47,0x000be9e0,_ZN5daisy3gui19CGUIDetachableFrame21setPopupMenuItemsFontEPN2ox3gui8IGUIFontE
_ZTVN5daisy3gui19CGUIDetachableFrameE,48,0x000bec48,_ZN5daisy3gui19CGUIDetachableFrame13addMenuOptionEPKwi
_ZTVN5daisy3gui19CGUIDetachableFrameE,49,0x000beccc,_ZN5daisy3gui19CGUIDetachableFrame14setMenuVisibleEb
_ZTVN5daisy3gui19CGUIDetachableFrameE,50,0x000bec22,_ZN5daisy3gui19CGUIDetachableFrame12setResizableEbRKN2ox4core12CDimension2dIiEE
_ZTVN5daisy3gui19CGUIDetachableFrameE,51,0x000bea78,_ZN5daisy3gui19CGUIDetachableFrame9setLockedEb
_ZTVN5daisy3gui19CGUIDetachableFrameE,52,0x000be9f2,_ZN5daisy3gui19CGUIDetachableFrame11setFadeableEb
_ZTVN5daisy3gui19CGUIDetachableFrameE,53,0x000bea18,_ZN5daisy3gui19CGUIDetachableFrame11setLockableEb
_ZTVN5daisy3gui19CGUIDetachableFrameE,54,0x000bea44,_ZN5daisy3gui19CGUIDetachableFrame11setHideableEb
_ZTVN5daisy3gui19CGUIDetachableFrameE,55,0x000c0556,_ZN5daisy3gui19CGUIDetachableFrame12stopDraggingEv
_ZTVN5daisy3gui19CGUIDetachableFrameE,56,0xfffffff4,
_ZTVN5daisy3gui19CGUIDetachableFrameE,57,0x00266398,_ZTIN5daisy3gui19CGUIDetachableFrameE
_ZTVN5daisy3gui19CGUIDetachableFrameE,58,0x000bf530,_ZThn12_N5daisy3gui19CGUIDetachableFrame7OnEventERKN2ox5event6SEventE
_ZTVN5daisy3gui19CGUIDetachableFrameE,59,0x000be9b4,_ZThn12_N5daisy3gui19CGUIDetachableFrameD1Ev
_ZTVN5daisy3gui19CGUIDetachableFrameE,60,0x000be8df,_ZThn12_N5daisy3gui19CGUIDetachableFrameD0Ev
_ZTVN5daisy3gui12CUnicodeFontE,0,0x00000000,
_ZTVN5daisy3gui12CUnicodeFontE,1,0x002663d8,_ZTIN5daisy3gui12CUnicodeFontE
_ZTVN5daisy3gui12CUnicodeFontE,2,0x000c0bc0,_ZN5daisy3gui12CUnicodeFontD1Ev
_ZTVN5daisy3gui12CUnicodeFontE,3,0x000c0b90,_ZN5daisy3gui12CUnicodeFontD0Ev
_ZTVN5daisy3gui12CUnicodeFontE,4,0x000c0e4a,_ZN5daisy3gui12CUnicodeFont4drawEPKwRKN2ox4core5CRectIiEENS4_5video6SColorENS4_3gui20EFontHorizontalAlignENSC_18EFontVerticalAlignEPS8_
_ZTVN5daisy3gui12CUnicodeFontE,5,0x000c1114,_ZN5daisy3gui12CUnicodeFont12getDimensionEPKw
_ZTVN5daisy3gui12CUnicodeFontE,6,0x000c1228,_ZN5daisy3gui12CUnicodeFont19getCharacterFromPosEPKwi
_ZTVN5daisy3gui12CUnicodeFontE,7,0x000c13a8,_ZN5daisy3gui12CUnicodeFont16setOriginalColorERKN2ox5video6SColorE
_ZTVN5daisy3gui12CUnicodeFontE,8,0x000c13b8,_ZN5daisy3gui12CUnicodeFont14getRecentColorEv
_ZTVN5daisy3gui12CUnicodeFontE,9,0x00000000,
_ZTVN5daisy5input18CJoystickMacDriverE,0,0x00000000,
_ZTVN5daisy5input18CJoystickMacDriverE,1,0x00266410,_ZTIN5daisy5input18CJoystickMacDriverE
_ZTVN5daisy5input18CJoystickMacDriverE,2,0x000c1c80,_ZN5daisy5input18CJoystickMacDriverD1Ev
_ZTVN5daisy5input18CJoystickMacDriverE,3,0x000c1c50,_ZN5daisy5input18CJoystickMacDriverD0Ev
_ZTVN5daisy5input18CJoystickMacDriverE,4,0x000c1d72,_ZN5daisy5input18CJoystickMacDriver23getNumAttachedJoysticksEv
_ZTVN5daisy5input18CJoystickMacDriverE,5,0x000c1dc2,_ZN5daisy5input18CJoystickMacDriver15isButtonPressedEii
_ZTVN5daisy5input18CJoystickMacDriverE,6,0x000c1e34,_ZN5daisy5input18CJoystickMacDriver15getJoystickAxesEii
_ZTVN5daisy5input18CJoystickMacDriverE,7,0x000d0c7a,_ZN5daisy5input19CJoystickNullDriver26setXboxControllerVibrationEiii
_ZTVN5daisy5input19CJoystickNullDriverE,0,0x00000000,
_ZTVN5daisy5input19CJoystickNullDriverE,1,0x00266440,_ZTIN5daisy5input19CJoystickNullDriverE
_ZTVN5daisy5input19CJoystickNullDriverE,2,0x000c332a,_ZN5daisy5input19CJoystickNullDriverD1Ev
_ZTVN5daisy5input19CJoystickNullDriverE,3,0x000c3320,_ZN5daisy5input19CJoystickNullDriverD0Ev
_ZTVN5daisy5input19CJoystickNullDriverE,4,0x000c3336,_ZN5daisy5input19CJoystickNullDriver23getNumAttachedJoysticksEv
_ZTVN5daisy5input19CJoystickNullDriverE,5,0x000c333e,_ZN5daisy5input19CJoystickNullDriver15isButtonPressedEii
_ZTVN5daisy5input19CJoystickNullDriverE,6,0x000c3346,_ZN5daisy5input19CJoystickNullDriver15getJoystickAxesEii
_ZTVN5daisy5input19CJoystickNullDriverE,7,0x000d0c7a,_ZN5daisy5input19CJoystickNullDriver26setXboxControllerVibrationEiii
_ZTVN5daisy2io9CFileListE,0,0x00000000,
_ZTVN5daisy2io9CFileListE,1,0x00266470,_ZTIN5daisy2io9CFileListE
_ZTVN5daisy2io9CFileListE,2,0x000c362e,_ZN5daisy2io9CFileListD1Ev
_ZTVN5daisy2io9CFileListE,3,0x000c35fe,_ZN5daisy2io9CFileListD0Ev
_ZTVN5daisy2io9CFileListE,4,0x000c368c,_ZN5daisy2io9CFileList12getFileCountEv
_ZTVN5daisy2io9CFileListE,5,0x000c369e,_ZN5daisy2io9CFileList11getFileNameEi
_ZTVN5daisy2io9CFileListE,6,0x000c36c8,_ZN5daisy2io9CFileList15getFullFileNameEi
_ZTVN5daisy2io9CFileListE,7,0x000c3824,_ZN5daisy2io9CFileList11isDirectoryEi
_ZTVN5daisy2io11CFileSystemE,0,0x00000000,
_ZTVN5daisy2io11CFileSystemE,1,0x002664e8,_ZTIN5daisy2io11CFileSystemE
_ZTVN5daisy2io11CFileSystemE,2,0x000c416e,_ZN5daisy2io11CFileSystemD1Ev
_ZTVN5daisy2io11CFileSystemE,3,0x000c413e,_ZN5daisy2io11CFileSystemD0Ev
_ZTVN5daisy2io11CFileSystemE,4,0x000c4288,_ZN5daisy2io11CFileSystem17createAndOpenFileEPKc
_ZTVN5daisy2io11CFileSystemE,5,0x000c45fe,_ZN5daisy2io11CFileSystem18readFileIntoMemoryEPKc
_ZTVN5daisy2io11CFileSystemE,6,0x000c469a,_ZN5daisy2io11CFileSystem18createAndWriteFileEPKcb
_ZTVN5daisy2io11CFileSystemE,7,0x000c470e,_ZN5daisy2io11CFileSystem14zipDeflateDataEPhjS2_jRj
_ZTVN5daisy2io11CFileSystemE,8,0x000c47b4,_ZN5daisy2io11CFileSystem14zipInflateDataEPhjS2_jRj
_ZTVN5daisy2io11CFileSystemE,9,0x000c4bac,_ZN5daisy2io11CFileSystem19getWorkingDirectoryEv
_ZTVN5daisy2io11CFileSystemE,10,0x000c4bb8,_ZN5daisy2io11CFileSystem17addDirectoryAliasEPKcS3_
_ZTVN5daisy2io11CFileSystemE,11,0x000c484e,_ZN5daisy2io11CFileSystem11addZipAliasEPKc
_ZTVN5daisy2io11CFileSystemE,12,0x000c4c36,_ZN5daisy2io11CFileSystem21getDirectoryFromAliasEPKc
_ZTVN5daisy2io11CFileSystemE,13,0x000c4ca8,_ZN5daisy2io11CFileSystem14resolveAliasesEPKc
_ZTVN5daisy2io11CFileSystemE,14,0x000c4eae,_ZN5daisy2io11CFileSystem15createDirectoryEPKc
_ZTVN5daisy2io11CFileSystemE,15,0x000c4f04,_ZN5daisy2io11CFileSystem14createFileListEPKcS3_N2ox2io9EFileListE
_ZTVN5daisy2io11CFileSystemE,16,0x000c5088,_ZN5daisy2io11CFileSystem9existFileEPKcb
_ZTVN5daisy2io11CFileSystemE,17,0x000c51f4,_ZN5daisy2io11CFileSystem15createXMLReaderEPKc
_ZTVN5daisy2io11CFileSystemE,18,0x000c5242,_ZN5daisy2io11CFileSystem15createXMLReaderEPN2ox2io9IReadFileE
_ZTVN5daisy2io11CFileSystemE,19,0x000c52be,_ZN5daisy2io11CFileSystem15createXMLWriterEPKc
_ZTVN5daisy2io11CFileSystemE,20,0x000c530c,_ZN5daisy2io11CFileSystem15createXMLWriterEPN2ox2io10IWriteFileE
_ZTVN5daisy2io11CFileSystemE,21,0x000c534c,_ZN5daisy2io11CFileSystem10deleteFileEPKc
_ZTVN5daisy2io11CFileSystemE,22,0x000c539a,_ZN5daisy2io11CFileSystem10renameFileEPKcS3_
_ZTVN5daisy2io11CFileSystemE,23,0x000c4d26,_ZN5daisy2io11CFileSystem24changeWorkingDirectoryToEPKc
_ZTVN5daisy2io11CFileSystemE,24,0x000c48c0,_ZN5daisy2io11CFileSystem12getZipInPathEPKc
_ZTVN5daisy2io11CFileSystemE,25,0x000c4a1a,_ZN5daisy2io11CFileSystem12getZipReaderEPKc
_ZTVN5daisy2io14CLimitReadFileE,0,0x00000000,
_ZTVN5daisy2io14CLimitReadFileE,1,0x00266530,_ZTIN5daisy2io14CLimitReadFileE
_ZTVN5daisy2io14CLimitReadFileE,2,0x000c610e,_ZN5daisy2io14CLimitReadFileD1Ev
_ZTVN5daisy2io14CLimitReadFileE,3,0x000c60de,_ZN5daisy2io14CLimitReadFileD0Ev
_ZTVN5daisy2io14CLimitReadFileE,4,0x000c617c,_ZN5daisy2io14CLimitReadFile4readEPvi
_ZTVN5daisy2io14CLimitReadFileE,5,0x000c62aa,_ZN5daisy2io14CLimitReadFile8readLineEPci
_ZTVN5daisy2io14CLimitReadFileE,6,0x000c61ca,_ZN5daisy2io14CLimitReadFile4seekEib
_ZTVN5daisy2io14CLimitReadFileE,7,0x000c6228,_ZN5daisy2io14CLimitReadFile7getSizeEv
_ZTVN5daisy2io14CLimitReadFileE,8,0x000c6234,_ZN5daisy2io14CLimitReadFile6getPosEv
_ZTVN5daisy2io14CLimitReadFileE,9,0x000c6250,_ZN5daisy2io14CLimitReadFile11getFileNameEv
_ZTVN5daisy2io14CLimitReadFileE,10,0x000c62b2,_ZN5daisy2io14CLimitReadFile15getModifiedDateEv
_ZTVN5daisy2io14CLimitReadFileE,11,0x00000000,
_ZTVN5daisy2io15CMemoryReadFileE,0,0x00000000,
_ZTVN5daisy2io15CMemoryReadFileE,1,0x00266578,_ZTIN5daisy2io15CMemoryReadFileE
_ZTVN5daisy2io15CMemoryReadFileE,2,0x000c6402,_ZN5daisy2io15CMemoryReadFileD1Ev
_ZTVN5daisy2io15CMemoryReadFileE,3,0x000c63d2,_ZN5daisy2io15CMemoryReadFileD0Ev
_ZTVN5daisy2io15CMemoryReadFileE,4,0x00171252,_ZN2ox2io12CMemReadFile4readEPvi
_ZTVN5daisy2io15CMemoryReadFileE,5,0x00171304,_ZN2ox2io12CMemReadFile8readLineEPci
_ZTVN5daisy2io15CMemoryReadFileE,6,0x001712a2,_ZN2ox2io12CMemReadFile4seekEib
_ZTVN5daisy2io15CMemoryReadFileE,7,0x001712d0,_ZN2ox2io12CMemReadFile7getSizeEv
_ZTVN5daisy2io15CMemoryReadFileE,8,0x001712dc,_ZN2ox2io12CMemReadFile6getPosEv
_ZTVN5daisy2io15CMemoryReadFileE,9,0x000c643c,_ZN5daisy2io15CMemoryReadFile11getFileNameEv
_ZTVN5daisy2io15CMemoryReadFileE,10,0x0017131e,_ZN2ox2io12CMemReadFile15getModifiedDateEv
_ZTVN5daisy2io15CMemoryReadFileE,11,0x001712e8,_ZN2ox2io12CMemReadFile17getCurrentPointerEv
_ZTVN5daisy2io15CMemoryReadFileE,12,0x001712f6,_ZN2ox2io12CMemReadFile16getRemainingSizeEv
_ZTVN5daisy2io15CMemoryReadFileE,13,0x00000000,
_ZTVN5daisy2io9CReadFileE,0,0x00000000,
_ZTVN5daisy2io9CReadFileE,1,0x002665c0,_ZTIN5daisy2io9CReadFileE
_ZTVN5daisy2io9CReadFileE,2,0x000c6628,_ZN5daisy2io9CReadFileD1Ev
_ZTVN5daisy2io9CReadFileE,3,0x000c65f8,_ZN5daisy2io9CReadFileD0Ev
_ZTVN5daisy2io9CReadFileE,4,0x000c666c,_ZN5daisy2io9CReadFile4readEPvi
_ZTVN5daisy2io9CReadFileE,5,0x000c66a4,_ZN5daisy2io9CReadFile8readLineEPci
_ZTVN5daisy2io9CReadFileE,6,0x000c66d4,_ZN5daisy2io9CReadFile4seekEib
_ZTVN5daisy2io9CReadFileE,7,0x000c670c,_ZN5daisy2io9CReadFile7getSizeEv
_ZTVN5daisy2io9CReadFileE,8,0x000c6718,_ZN5daisy2io9CReadFile6getPosEv
_ZTVN5daisy2io9CReadFileE,9,0x000c6762,_ZN5daisy2io9CReadFile11getFileNameEv
_ZTVN5daisy2io9CReadFileE,10,0x000c6732,_ZN5daisy2io9CReadFile15getModifiedDateEv
_ZTVN5daisy2io9CReadFileE,11,0x00000000,
_ZTVN5daisy2io11CTextReaderE,0,0x00000000,
_ZTVN5daisy2io11CTextReaderE,1,0x002665e0,_ZTIN5daisy2io11CTextReaderE
_ZTVN5daisy2io11CTextReaderE,2,0x000c6938,_ZN5daisy2io11CTextReaderD1Ev
_ZTVN5daisy2io11CTextReaderE,3,0x000c6908,_ZN5daisy2io11CTextReaderD0Ev
_ZTVN5daisy2io10CWriteFileE,0,0x00000000,
_ZTVN5daisy2io10CWriteFileE,1,0x00266618,_ZTIN5daisy2io10CWriteFileE
_ZTVN5daisy2io10CWriteFileE,2,0x000c6cae,_ZN5daisy2io10CWriteFileD1Ev
_ZTVN5daisy2io10CWriteFileE,3,0x000c6c7e,_ZN5daisy2io10CWriteFileD0Ev
_ZTVN5daisy2io10CWriteFileE,4,0x000c6cf2,_ZN5daisy2io10CWriteFile5writeEPKvi
_ZTVN5daisy2io10CWriteFileE,5,0x000c6d2a,_ZN5daisy2io10CWriteFile4seekEib
_ZTVN5daisy2io10CWriteFileE,6,0x000c6d62,_ZN5daisy2io10CWriteFile6getPosEv
_ZTVN5daisy2io10CWriteFileE,7,0x000c6d7c,_ZN5daisy2io10CWriteFile11getFileNameEv
_ZTVN5daisy2io10CWriteFileE,8,0x000c6df0,_ZN5daisy2io10CWriteFile12getStdioFileEv
_ZTVN5daisy2io10CWriteFileE,9,0x00000000,
_ZTVN5daisy2io10CXMLReaderE,0,0x00000000,
_ZTVN5daisy2io10CXMLReaderE,1,0x00266698,_ZTIN5daisy2io10CXMLReaderE
_ZTVN5daisy2io10CXMLReaderE,2,0x000c6f58,_ZN5daisy2io10CXMLReaderD1Ev
_ZTVN5daisy2io10CXMLReaderE,3,0x000c6f28,_ZN5daisy2io10CXMLReaderD0Ev
_ZTVN5daisy2io10CXMLReaderE,4,0x000c6fe6,_ZN5daisy2io10CXMLReader4readEv
_ZTVN5daisy2io10CXMLReaderE,5,0x000c7864,_ZN5daisy2io10CXMLReader11getNodeTypeEv
_ZTVN5daisy2io10CXMLReaderE,6,0x000c7870,_ZN5daisy2io10CXMLReader17getAttributeCountEv
_ZTVN5daisy2io10CXMLReaderE,7,0x000c7892,_ZN5daisy2io10CXMLReader16getAttributeNameEi
_ZTVN5daisy2io10CXMLReaderE,8,0x000c78ca,_ZN5daisy2io10CXMLReader17getAttributeValueEi
_ZTVN5daisy2io10CXMLReaderE,9,0x000c7904,_ZN5daisy2io10CXMLReader17getAttributeValueEPKw
_ZTVN5daisy2io10CXMLReaderE,10,0x000c79c6,_ZN5daisy2io10CXMLReader21getAttributeValueSafeEPKw
_ZTVN5daisy2io10CXMLReaderE,11,0x000c79fa,_ZN5daisy2io10CXMLReader22getAttributeValueAsIntEPKw
_ZTVN5daisy2io10CXMLReaderE,12,0x000c7a20,_ZN5daisy2io10CXMLReader24getAttributeValueAsFloatEPKw
_ZTVN5daisy2io10CXMLReaderE,13,0x000c7ba8,_ZN5daisy2io10CXMLReader11getNodeNameEv
_ZTVN5daisy2io10CXMLReaderE,14,0x000c7bb4,_ZN5daisy2io10CXMLReader11getNodeDataEv
_ZTVN5daisy2io10CXMLReaderE,15,0x000c7bc0,_ZN5daisy2io10CXMLReader14isEmptyElementEv
_ZTVN5daisy2io10CXMLWriterE,0,0x00000000,
_ZTVN5daisy2io10CXMLWriterE,1,0x00266700,_ZTIN5daisy2io10CXMLWriterE
_ZTVN5daisy2io10CXMLWriterE,2,0x000c82d4,_ZN5daisy2io10CXMLWriterD1Ev
_ZTVN5daisy2io10CXMLWriterE,3,0x000c82a4,_ZN5daisy2io10CXMLWriterD0Ev
_ZTVN5daisy2io10CXMLWriterE,4,0x000c831e,_ZN5daisy2io10CXMLWriter14writeXMLHeaderEv
_ZTVN5daisy2io10CXMLWriterE,5,0x000c838e,_ZN5daisy2io10CXMLWriter12writeElementEPKwbS3_S3_S3_S3_S3_S3_S3_S3_S3_S3_
_ZTVN5daisy2io10CXMLWriterE,6,0x000c858e,_ZN5daisy2io10CXMLWriter12writeCommentEPKw
_ZTVN5daisy2io10CXMLWriterE,7,0x000c861a,_ZN5daisy2io10CXMLWriter15writeClosingTagEPKw
_ZTVN5daisy2io10CXMLWriterE,8,0x000c86a6,_ZN5daisy2io10CXMLWriter9writeTextEPKw
_ZTVN5daisy2io10CXMLWriterE,9,0x000c87d4,_ZN5daisy2io10CXMLWriter14writeLineBreakEv
_ZTVN5daisy2io12CZipFileListE,0,0x00000000,
_ZTVN5daisy2io12CZipFileListE,1,0x00266730,_ZTIN5daisy2io12CZipFileListE
_ZTVN5daisy2io12CZipFileListE,2,0x000c8e2a,_ZN5daisy2io12CZipFileListD1Ev
_ZTVN5daisy2io12CZipFileListE,3,0x000c8de8,_ZN5daisy2io12CZipFileListD0Ev
_ZTVN5daisy2io12CZipFileListE,4,0x000c8e8a,_ZN5daisy2io12CZipFileList12getFileCountEv
_ZTVN5daisy2io12CZipFileListE,5,0x000c8e9c,_ZN5daisy2io12CZipFileList11getFileNameEi
_ZTVN5daisy2io12CZipFileListE,6,0x000c8ec6,_ZN5daisy2io12CZipFileList15getFullFileNameEi
_ZTVN5daisy2io12CZipFileListE,7,0x000c8ef2,_ZN5daisy2io12CZipFileList11isDirectoryEi
_ZTVN5daisy2io10CZipReaderE,0,0x00000000,
_ZTVN5daisy2io10CZipReaderE,1,0x00266758,_ZTIN5daisy2io10CZipReaderE
_ZTVN5daisy2io10CZipReaderE,2,0x000c9ae8,_ZN5daisy2io10CZipReaderD1Ev
_ZTVN5daisy2io10CZipReaderE,3,0x000c9ab8,_ZN5daisy2io10CZipReaderD0Ev
_ZTVN5daisy2io10CZipReaderE,4,0x000c9bf4,_ZN5daisy2io10CZipReader8openFileEPKc
_ZTVN5daisy2io10CZipReaderE,5,0x00000000,
_ZTVN5daisy3net21CWinsockNetworkDeviceE,0,0x00000000,
_ZTVN5daisy3net21CWinsockNetworkDeviceE,1,0x002667a8,_ZTIN5daisy3net21CWinsockNetworkDeviceE
_ZTVN5daisy3net21CWinsockNetworkDeviceE,2,0x000cc542,_ZN5daisy3net21CWinsockNetworkDeviceD1Ev
_ZTVN5daisy3net21CWinsockNetworkDeviceE,3,0x000cc512,_ZN5daisy3net21CWinsockNetworkDeviceD0Ev
_ZTVN5daisy3net21CWinsockNetworkDeviceE,4,0x000cc846,_ZN5daisy3net21CWinsockNetworkDevice10createHostEPN2ox5event14IEventReceiverERKNS2_3net11SServerInfoE
_ZTVN5daisy3net21CWinsockNetworkDeviceE,5,0x000cc9e6,_ZN5daisy3net21CWinsockNetworkDevice8joinHostEPN2ox5event14IEventReceiverERKNS2_3net11SServerInfoE
_ZTVN5daisy3net21CWinsockNetworkDeviceE,6,0x000cc658,_ZN5daisy3net21CWinsockNetworkDevice10disconnectEv
_ZTVN5daisy3net21CWinsockNetworkDeviceE,7,0x000cc7c2,_ZN5daisy3net21CWinsockNetworkDevice10getLocalIpEv
_ZTVN5daisy3net21CWinsockNetworkDeviceE,8,0x000ccb32,_ZN5daisy3net21CWinsockNetworkDevice11sendMessageEiPvii
_ZTVN5daisy3net21CWinsockNetworkDeviceE,9,0x000ccd9e,_ZN5daisy3net21CWinsockNetworkDevice16broadcastMessageEPviii
_ZTVN5daisy3net21CWinsockNetworkDeviceE,10,0x000ccdfe,_ZN5daisy3net21CWinsockNetworkDevice13decryptPacketEPKvi
_ZTVN5daisy3net21CWinsockNetworkDeviceE,11,0x000ccee0,_ZN5daisy3net21CWinsockNetworkDevice10kickClientEi
_ZTVN5daisy3net21CWinsockNetworkDeviceE,12,0x000cd866,_ZN5daisy3net21CWinsockNetworkDevice10pollDeviceEv
_ZTVN5daisy3net21CWinsockNetworkDeviceE,13,0x00000000,
_ZTVN5daisy16CIrrDeviceMacOSXE,0,0x00000000,
_ZTVN5daisy16CIrrDeviceMacOSXE,1,0x002668e0,_ZTIN5daisy16CIrrDeviceMacOSXE
_ZTVN5daisy16CIrrDeviceMacOSXE,2,0x000ce3d6,_ZN5daisy16CIrrDeviceMacOSXD1Ev
_ZTVN5daisy16CIrrDeviceMacOSXE,3,0x000ce3a6,_ZN5daisy16CIrrDeviceMacOSXD0Ev
_ZTVN5daisy16CIrrDeviceMacOSXE,4,0x000ce614,_ZN5daisy16CIrrDeviceMacOSX18createDeviceWindowERKN2ox4core12CDimension2dIiEEjbbbj
_ZTVN5daisy16CIrrDeviceMacOSXE,5,0x000ce470,_ZN5daisy16CIrrDeviceMacOSX30createUserSelectedDeviceWindowEPKN2ox6TArrayINS1_4core7CStringIwEEEEj
_ZTVN5daisy16CIrrDeviceMacOSXE,6,0x000ceba8,_ZN5daisy16CIrrDeviceMacOSX24getSelectedLanguageIndexEv
_ZTVN5daisy16CIrrDeviceMacOSXE,7,0x000cf262,_ZN5daisy16CIrrDeviceMacOSX14setVideoDriverEN2ox5video13E_DRIVER_TYPEE
_ZTVN5daisy16CIrrDeviceMacOSXE,8,0x000cef16,_ZN5daisy16CIrrDeviceMacOSX3runEv
_ZTVN5daisy16CIrrDeviceMacOSXE,9,0x000ceed0,_ZN5daisy16CIrrDeviceMacOSX11swapBuffersEv
_ZTVN5daisy16CIrrDeviceMacOSXE,10,0x000cfd3a,_ZN5daisy14CIrrDeviceStub14getVideoDriverEv
_ZTVN5daisy16CIrrDeviceMacOSXE,11,0x000cebb6,_ZN5daisy16CIrrDeviceMacOSX17setFullscreenModeEb
_ZTVN5daisy16CIrrDeviceMacOSXE,12,0x000cec96,_ZN5daisy16CIrrDeviceMacOSX18resizeDeviceWindowERKN2ox4core12CDimension2dIiEE
_ZTVN5daisy16CIrrDeviceMacOSXE,13,0x000cfd46,_ZN5daisy14CIrrDeviceStub13getFileSystemEv
_ZTVN5daisy16CIrrDeviceMacOSXE,14,0x000cfd52,_ZN5daisy14CIrrDeviceStub17getGUIEnvironmentEv
_ZTVN5daisy16CIrrDeviceMacOSXE,15,0x000cfd5e,_ZN5daisy14CIrrDeviceStub15getSceneManagerEv
_ZTVN5daisy16CIrrDeviceMacOSXE,16,0x000cfd88,_ZN5daisy14CIrrDeviceStub16getCursorControlEv
_ZTVN5daisy16CIrrDeviceMacOSXE,17,0x000cfed2,_ZN5daisy14CIrrDeviceStub9getLoggerEv
_ZTVN5daisy16CIrrDeviceMacOSXE,18,0x000cee14,_ZN5daisy16CIrrDeviceMacOSX16getVideoModeListEv
_ZTVN5daisy16CIrrDeviceMacOSXE,19,0x000cfede,_ZN5daisy14CIrrDeviceStub13getOSOperatorEv
_ZTVN5daisy16CIrrDeviceMacOSXE,20,0x000cfd6a,_ZN5daisy14CIrrDeviceStub8getTimerEv
_ZTVN5daisy16CIrrDeviceMacOSXE,21,0x000cef86,_ZN5daisy16CIrrDeviceMacOSX16setWindowCaptionEPKw
_ZTVN5daisy16CIrrDeviceMacOSXE,22,0x000cf26c,_ZN5daisy14CIrrDeviceStub10moveWindowEii
_ZTVN5daisy16CIrrDeviceMacOSXE,23,0x000cf014,_ZN5daisy16CIrrDeviceMacOSX14isWindowActiveEv
_ZTVN5daisy16CIrrDeviceMacOSXE,24,0x000ceb0a,_ZN5daisy16CIrrDeviceMacOSX11closeDeviceEv
_ZTVN5daisy16CIrrDeviceMacOSXE,25,0x000cfd76,_ZN5daisy14CIrrDeviceStub10getVersionEv
_ZTVN5daisy16CIrrDeviceMacOSXE,26,0x000cfe98,_ZN5daisy14CIrrDeviceStub16setEventReceiverEPN2ox5event14IEventReceiverE
_ZTVN5daisy16CIrrDeviceMacOSXE,27,0x000cfef0,_ZN5daisy14CIrrDeviceStub21setAcceptsDragAndDropEN2ox5event11E_DRAG_TYPEEb
_ZTVN5daisy16CIrrDeviceMacOSXE,28,0x000cff02,_ZN5daisy14CIrrDeviceStub21getAcceptsDragAndDropEN2ox5event11E_DRAG_TYPEE
_ZTVN5daisy16CIrrDeviceMacOSXE,29,0x000cff16,_ZN5daisy14CIrrDeviceStub29setAcceptsDragAndDropFileTypeEPKcb
_ZTVN5daisy16CIrrDeviceMacOSXE,30,0x000cff8a,_ZN5daisy14CIrrDeviceStub29getAcceptsDragAndDropFileTypeEPKc
_ZTVN5daisy16CIrrDeviceMacOSXE,31,0x000cfeea,_ZN5daisy14CIrrDeviceStub13setResizeAbleEb
_ZTVN5daisy16CIrrDeviceMacOSXE,32,0x000cfcae,_ZN5daisy14CIrrDeviceStub17createGUIAndSceneEv
_ZTVN5daisy16CIrrDeviceMacOSXE,33,0x000d0008,_ZN5daisy14CIrrDeviceStub19createNetworkDeviceEPKci
_ZTVN5daisy16CIrrDeviceMacOSXE,34,0x000d0116,_ZN5daisy14CIrrDeviceStub16getNetworkDeviceEPKc
_ZTVN5daisy16CIrrDeviceMacOSXE,35,0x000d01a6,_ZN5daisy14CIrrDeviceStub19removeNetworkDeviceEPKc
_ZTVN5daisy16CIrrDeviceMacOSXE,36,0x000d023e,_ZN5daisy14CIrrDeviceStub18pollNetworkDevicesEv
_ZTVN5daisy16CIrrDeviceMacOSXE,37,0x000d0268,_ZN5daisy14CIrrDeviceStub14getAudioDriverEv
_ZTVN5daisy16CIrrDeviceMacOSXE,38,0x000d0282,_ZN5daisy14CIrrDeviceStub17getJoystickDriverEv
_ZTVN5daisy16CIrrDeviceMacOSXE,39,0x000d02ec,_ZN5daisy14CIrrDeviceStub14initThreadPoolEj
_ZTVN5daisy16CIrrDeviceMacOSXE,40,0x000d02f2,_ZN5daisy14CIrrDeviceStub13getThreadPoolEv
_ZTVN5daisy16CIrrDeviceMacOSXE,41,0x000cee40,_ZN5daisy16CIrrDeviceMacOSX17createAudioDriverEv
_ZTVN5daisy16CIrrDeviceMacOSXE,42,0x000cee86,_ZN5daisy16CIrrDeviceMacOSX20createJoystickDriverEv
_ZTVN5daisy16CIrrDeviceMacOSXE,43,0x000cef7c,_ZN5daisy16CIrrDeviceMacOSX7presentEPN2ox5video6IImageE
_ZTVN5daisy16CIrrDeviceMacOSXE,44,0x000cf048,_ZN5daisy16CIrrDeviceMacOSX10setVisibleEb
_ZTVN5daisy16CIrrDeviceMacOSXE,45,0x000cf0ca,_ZN5daisy16CIrrDeviceMacOSX9isVisibleEv
_ZTVN5daisy16CIrrDeviceMacOSXE,46,0x000cf272,_ZN5daisy16CIrrDeviceMacOSX11setPositionERKN2ox4core11CPosition2dIfEE
_ZTVN5daisy16CIrrDeviceMacOSXE,47,0x000cf2a4,_ZN5daisy16CIrrDeviceMacOSX11setPositionEff
_ZTVN5daisy16CIrrDeviceMacOSXE,48,0x000cf2e8,_ZN5daisy16CIrrDeviceMacOSX11setPositionERKN2ox4core11CPosition2dIiEE
_ZTVN5daisy16CIrrDeviceMacOSXE,49,0x000cf0ec,_ZN5daisy16CIrrDeviceMacOSX11setPositionEii
_ZTVN5daisy16CIrrDeviceMacOSXE,50,0x000cf314,_ZN5daisy16CIrrDeviceMacOSX11getPositionEv
_ZTVN5daisy16CIrrDeviceMacOSXE,51,0x000cf332,_ZN5daisy16CIrrDeviceMacOSX19getRelativePositionEv
_ZTVN5daisy16CIrrDeviceMacOSXE,52,0x000cf358,_ZN5daisy16CIrrDeviceMacOSX14getButtonStateEi
_ZTVN5daisy16CIrrDeviceMacOSXE,53,0xffffff60,
_ZTVN5daisy16CIrrDeviceMacOSXE,54,0x002668e0,_ZTIN5daisy16CIrrDeviceMacOSXE
_ZTVN5daisy16CIrrDeviceMacOSXE,55,0x000cef81,_ZThn160_N5daisy16CIrrDeviceMacOSX7presentEPN2ox5video6IImageE
_ZTVN5daisy16CIrrDeviceMacOSXE,56,0xffffff5c,
_ZTVN5daisy16CIrrDeviceMacOSXE,57,0x002668e0,_ZTIN5daisy16CIrrDeviceMacOSXE
_ZTVN5daisy16CIrrDeviceMacOSXE,58,0x000ce455,_ZThn164_N5daisy16CIrrDeviceMacOSXD1Ev
_ZTVN5daisy16CIrrDeviceMacOSXE,59,0x000ce3df,_ZThn164_N5daisy16CIrrDeviceMacOSXD0Ev
_ZTVN5daisy16CIrrDeviceMacOSXE,60,0x000cf0a4,_ZThn164_N5daisy16CIrrDeviceMacOSX10setVisibleEb
_ZTVN5daisy16CIrrDeviceMacOSXE,61,0x000cf0dc,_ZThn164_N5daisy16CIrrDeviceMacOSX9isVisibleEv
_ZTVN5daisy16CIrrDeviceMacOSXE,62,0x000cf36e,_ZThn164_N5daisy16CIrrDeviceMacOSX11setPositionERKN2ox4core11CPosition2dIfEE
_ZTVN5daisy16CIrrDeviceMacOSXE,63,0x000cf3a8,_ZThn164_N5daisy16CIrrDeviceMacOSX11setPositionEff
_ZTVN5daisy16CIrrDeviceMacOSXE,64,0x000cf3ee,_ZThn164_N5daisy16CIrrDeviceMacOSX11setPositionERKN2ox4core11CPosition2dIiEE
_ZTVN5daisy16CIrrDeviceMacOSXE,65,0x000cf18c,_ZThn164_N5daisy16CIrrDeviceMacOSX11setPositionEii
_ZTVN5daisy16CIrrDeviceMacOSXE,66,0x000cf422,_ZThn164_N5daisy16CIrrDeviceMacOSX11getPositionEv
_ZTVN5daisy16CIrrDeviceMacOSXE,67,0x000cf43a,_ZThn164_N5daisy16CIrrDeviceMacOSX19getRelativePositionEv
_ZTVN5daisy16CIrrDeviceMacOSXE,68,0x000cf45a,_ZThn164_N5daisy16CIrrDeviceMacOSX14getButtonStateEi
_ZTVN5daisy16CIrrDeviceMacOSXE,69,0x00000000,
_ZTVN5daisy16CIrrDeviceMacOSXE,70,0x00000000,
_ZTVN5daisy16CIrrDeviceMacOSXE,71,0x00000000,
_ZTVN5daisy14CIrrDeviceStubE,0,0x00000000,
_ZTVN5daisy14CIrrDeviceStubE,1,0x002669c0,_ZTIN5daisy14CIrrDeviceStubE
_ZTVN5daisy14CIrrDeviceStubE,2,0x000cfaae,_ZN5daisy14CIrrDeviceStubD1Ev
_ZTVN5daisy14CIrrDeviceStubE,3,0x000cfa7e,_ZN5daisy14CIrrDeviceStubD0Ev
_ZTVN5daisy14CIrrDeviceStubE,4,0x00000000,__cxa_pure_virtual
_ZTVN5daisy14CIrrDeviceStubE,5,0x00000000,__cxa_pure_virtual
_ZTVN5daisy14CIrrDeviceStubE,6,0x00000000,__cxa_pure_virtual
_ZTVN5daisy14CIrrDeviceStubE,7,0x00000000,__cxa_pure_virtual
_ZTVN5daisy14CIrrDeviceStubE,8,0x00000000,__cxa_pure_virtual
_ZTVN5daisy14CIrrDeviceStubE,9,0x00000000,__cxa_pure_virtual
_ZTVN5daisy14CIrrDeviceStubE,10,0x000cfd3a,_ZN5daisy14CIrrDeviceStub14getVideoDriverEv
_ZTVN5daisy14CIrrDeviceStubE,11,0x000d0506,_ZN5daisy14CIrrDeviceStub17setFullscreenModeEb
_ZTVN5daisy14CIrrDeviceStubE,12,0x00000000,__cxa_pure_virtual
_ZTVN5daisy14CIrrDeviceStubE,13,0x000cfd46,_ZN5daisy14CIrrDeviceStub13getFileSystemEv
_ZTVN5daisy14CIrrDeviceStubE,14,0x000cfd52,_ZN5daisy14CIrrDeviceStub17getGUIEnvironmentEv
_ZTVN5daisy14CIrrDeviceStubE,15,0x000cfd5e,_ZN5daisy14CIrrDeviceStub15getSceneManagerEv
_ZTVN5daisy14CIrrDeviceStubE,16,0x000cfd88,_ZN5daisy14CIrrDeviceStub16getCursorControlEv
_ZTVN5daisy14CIrrDeviceStubE,17,0x000cfed2,_ZN5daisy14CIrrDeviceStub9getLoggerEv
_ZTVN5daisy14CIrrDeviceStubE,18,0x000cfd94,_ZN5daisy14CIrrDeviceStub16getVideoModeListEv
_ZTVN5daisy14CIrrDeviceStubE,19,0x000cfede,_ZN5daisy14CIrrDeviceStub13getOSOperatorEv
_ZTVN5daisy14CIrrDeviceStubE,20,0x000cfd6a,_ZN5daisy14CIrrDeviceStub8getTimerEv
_ZTVN5daisy14CIrrDeviceStubE,21,0x00000000,__cxa_pure_virtual
_ZTVN5daisy14CIrrDeviceStubE,22,0x000cf26c,_ZN5daisy14CIrrDeviceStub10moveWindowEii
_ZTVN5daisy14CIrrDeviceStubE,23,0x00000000,__cxa_pure_virtual
_ZTVN5daisy14CIrrDeviceStubE,24,0x00000000,__cxa_pure_virtual
_ZTVN5daisy14CIrrDeviceStubE,25,0x000cfd76,_ZN5daisy14CIrrDeviceStub10getVersionEv
_ZTVN5daisy14CIrrDeviceStubE,26,0x000cfe98,_ZN5daisy14CIrrDeviceStub16setEventReceiverEPN2ox5event14IEventReceiverE
_ZTVN5daisy14CIrrDeviceStubE,27,0x000cfef0,_ZN5daisy14CIrrDeviceStub21setAcceptsDragAndDropEN2ox5event11E_DRAG_TYPEEb
_ZTVN5daisy14CIrrDeviceStubE,28,0x000cff02,_ZN5daisy14CIrrDeviceStub21getAcceptsDragAndDropEN2ox5event11E_DRAG_TYPEE
_ZTVN5daisy14CIrrDeviceStubE,29,0x000cff16,_ZN5daisy14CIrrDeviceStub29setAcceptsDragAndDropFileTypeEPKcb
_ZTVN5daisy14CIrrDeviceStubE,30,0x000cff8a,_ZN5daisy14CIrrDeviceStub29getAcceptsDragAndDropFileTypeEPKc
_ZTVN5daisy14CIrrDeviceStubE,31,0x000cfeea,_ZN5daisy14CIrrDeviceStub13setResizeAbleEb
_ZTVN5daisy14CIrrDeviceStubE,32,0x000cfcae,_ZN5daisy14CIrrDeviceStub17createGUIAndSceneEv
_ZTVN5daisy14CIrrDeviceStubE,33,0x000d0008,_ZN5daisy14CIrrDeviceStub19createNetworkDeviceEPKci
_ZTVN5daisy14CIrrDeviceStubE,34,0x000d0116,_ZN5daisy14CIrrDeviceStub16getNetworkDeviceEPKc
_ZTVN5daisy14CIrrDeviceStubE,35,0x000d01a6,_ZN5daisy14CIrrDeviceStub19removeNetworkDeviceEPKc
_ZTVN5daisy14CIrrDeviceStubE,36,0x000d023e,_ZN5daisy14CIrrDeviceStub18pollNetworkDevicesEv
_ZTVN5daisy14CIrrDeviceStubE,37,0x000d0268,_ZN5daisy14CIrrDeviceStub14getAudioDriverEv
_ZTVN5daisy14CIrrDeviceStubE,38,0x000d0282,_ZN5daisy14CIrrDeviceStub17getJoystickDriverEv
_ZTVN5daisy14CIrrDeviceStubE,39,0x000d02ec,_ZN5daisy14CIrrDeviceStub14initThreadPoolEj
_ZTVN5daisy14CIrrDeviceStubE,40,0x000d02f2,_ZN5daisy14CIrrDeviceStub13getThreadPoolEv
_ZTVN5daisy14CIrrDeviceStubE,41,0x00000000,__cxa_pure_virtual
_ZTVN5daisy14CIrrDeviceStubE,42,0x00000000,__cxa_pure_virtual
_ZTVN5daisy14CIrrDeviceStubE,43,0x00000000,
_ZTVN5daisy7CLoggerE,0,0x00000000,
_ZTVN5daisy7CLoggerE,1,0x00266a00,_ZTIN5daisy7CLoggerE
_ZTVN5daisy7CLoggerE,2,0x000d1294,_ZN5daisy7CLoggerD1Ev
_ZTVN5daisy7CLoggerE,3,0x000d12c4,_ZN5daisy7CLoggerD0Ev
_ZTVN5daisy7CLoggerE,4,0x000d0ea4,_ZN5daisy7CLogger11getLogLevelEv
_ZTVN5daisy7CLoggerE,5,0x000d0eb0,_ZN5daisy7CLogger11setLogLevelEN2ox5event10ELOG_LEVELE
_ZTVN5daisy7CLoggerE,6,0x000d0ebe,_ZN5daisy7CLogger3logEPKcS2_N2ox5event10ELOG_LEVELE
_ZTVN5daisy7CLoggerE,7,0x000d0fec,_ZN5daisy7CLogger3logEPKwS2_N2ox5event10ELOG_LEVELE
_ZTVN5daisy7CLoggerE,8,0x000d1110,_ZN5daisy7CLogger3logEPKcN2ox5event10ELOG_LEVELEz
_ZTVN5daisy7CLoggerE,9,0x000d1148,_ZN5daisy7CLogger3logEPKwN2ox5event10ELOG_LEVELEz
_ZTVN5daisy7CLoggerE,10,0x000d1180,_ZN5daisy7CLogger11logWithInfoEPKwS2_iN2ox5event10ELOG_LEVELEz
_ZTVN5daisy7CLoggerE,11,0x00000000,
_ZTVN5daisy12COSXOperatorE,0,0x00000000,
_ZTVN5daisy12COSXOperatorE,1,0x00266a50,_ZTIN5daisy12COSXOperatorE
_ZTVN5daisy12COSXOperatorE,2,0x000d13ec,_ZN5daisy12COSXOperatorD1Ev
_ZTVN5daisy12COSXOperatorE,3,0x000d13bc,_ZN5daisy12COSXOperatorD0Ev
_ZTVN5daisy12COSXOperatorE,4,0x000d1444,_ZN5daisy12COSXOperator25getOperationSystemVersionEv
_ZTVN5daisy12COSXOperatorE,5,0x000d1790,_ZN5daisy12COSXOperator15copyToClipboardEPKc
_ZTVN5daisy12COSXOperatorE,6,0x000d184c,_ZN5daisy12COSXOperator20getTextFromClipboardEv
_ZTVN5daisy12COSXOperatorE,7,0x000d144a,_ZN5daisy12COSXOperator15getComputerNameEv
_ZTVN5daisy12COSXOperatorE,8,0x000d1450,_ZN5daisy12COSXOperator19getRegistryIntValueEiPKwS2_
_ZTVN5daisy12COSXOperatorE,9,0x000d1456,_ZN5daisy12COSXOperator19setRegistryIntValueEiPKwS2_i
_ZTVN5daisy12COSXOperatorE,10,0x000d145c,_ZN5daisy12COSXOperator10messageBoxEPKwS2_i
_ZTVN5daisy12COSXOperatorE,11,0x000d190a,_ZN5daisy12COSXOperator7openURLEPKw
_ZTVN5daisy12COSXOperatorE,12,0x000d167c,_ZN5daisy12COSXOperator12getProcessIDEv
_ZTVN5daisy12COSXOperatorE,13,0x000d16b8,_ZN5daisy12COSXOperator24getProcessExecutableNameEv
_ZTVN5daisy12COSXOperatorE,14,0x000d16be,_ZN5daisy12COSXOperator14runApplicationEPKwS2_
_ZTVN5daisy12COSXOperatorE,15,0x000d16c4,_ZN5daisy12COSXOperator25getApplicationSupportPathEPKc
_ZTVN5daisy5scene18C3DSMeshFileLoaderE,0,0x00000000,
_ZTVN5daisy5scene18C3DSMeshFileLoaderE,1,0x00266d08,_ZTIN5daisy5scene18C3DSMeshFileLoaderE
_ZTVN5daisy5scene18C3DSMeshFileLoaderE,2,0x000edbb6,_ZN5daisy5scene18C3DSMeshFileLoaderD1Ev
_ZTVN5daisy5scene18C3DSMeshFileLoaderE,3,0x000edb86,_ZN5daisy5scene18C3DSMeshFileLoaderD0Ev
_ZTVN5daisy5scene18C3DSMeshFileLoaderE,4,0x000edcc2,_ZN5daisy5scene18C3DSMeshFileLoader24isALoadableFileExtensionEPKc
_ZTVN5daisy5scene18C3DSMeshFileLoaderE,5,0x000edcf0,_ZN5daisy5scene18C3DSMeshFileLoader10createMeshEPN2ox2io9IReadFileE
_ZTVN5daisy5scene16CAnimatedMeshMD2E,0,0x00000000,
_ZTVN5daisy5scene16CAnimatedMeshMD2E,1,0x00266df0,_ZTIN5daisy5scene16CAnimatedMeshMD2E
_ZTVN5daisy5scene16CAnimatedMeshMD2E,2,0x000f054a,_ZN5daisy5scene16CAnimatedMeshMD2D1Ev
_ZTVN5daisy5scene16CAnimatedMeshMD2E,3,0x000f051a,_ZN5daisy5scene16CAnimatedMeshMD2D0Ev
_ZTVN5daisy5scene16CAnimatedMeshMD2E,4,0x000f069a,_ZN5daisy5scene16CAnimatedMeshMD213getFrameCountEv
_ZTVN5daisy5scene16CAnimatedMeshMD2E,5,0x000f06a8,_ZN5daisy5scene16CAnimatedMeshMD27getMeshEiiii
_ZTVN5daisy5scene16CAnimatedMeshMD2E,6,0x000f15f0,_ZNK5daisy5scene16CAnimatedMeshMD214getBoundingBoxEv
_ZTVN5daisy5scene16CAnimatedMeshMD2E,7,0x000f1770,_ZNK5daisy5scene16CAnimatedMeshMD211getMeshTypeEv
_ZTVN5daisy5scene16CAnimatedMeshMD2E,8,0x000f177a,_ZNK5daisy5scene16CAnimatedMeshMD212getFrameLoopEN2ox5scene19EMD2_ANIMATION_TYPEERiS5_S5_
_ZTVN5daisy5scene16CAnimatedMeshMD2E,9,0x000f17c4,_ZNK5daisy5scene16CAnimatedMeshMD212getFrameLoopEPKcRiS4_S4_
_ZTVN5daisy5scene16CAnimatedMeshMD2E,10,0x000f189e,_ZNK5daisy5scene16CAnimatedMeshMD217getAnimationCountEv
_ZTVN5daisy5scene16CAnimatedMeshMD2E,11,0x000f18c6,_ZNK5daisy5scene16CAnimatedMeshMD216getAnimationNameEi
_ZTVN5daisy5scene16CAnimatedMeshMD2E,12,0x000f0a10,_ZN5daisy5scene16CAnimatedMeshMD28loadFileEPN2ox2io9IReadFileE
_ZTVN5daisy5scene16CAnimatedMeshMD2E,13,0x000f09fc,_ZN5daisy5scene16CAnimatedMeshMD218getMeshBufferCountEv
_ZTVN5daisy5scene16CAnimatedMeshMD2E,14,0x000f08ee,_ZN5daisy5scene16CAnimatedMeshMD213getMeshBufferEi
_ZTVN5daisy5scene16CAnimatedMeshMD2E,15,0x000f0904,_ZNK5daisy5scene16CAnimatedMeshMD211getMaterialEv
_ZTVN5daisy5scene16CAnimatedMeshMD2E,16,0x000f091a,_ZN5daisy5scene16CAnimatedMeshMD211getMaterialEv
_ZTVN5daisy5scene16CAnimatedMeshMD2E,17,0x000f0930,_ZNK5daisy5scene16CAnimatedMeshMD211getVerticesEv
_ZTVN5daisy5scene16CAnimatedMeshMD2E,18,0x000f0946,_ZN5daisy5scene16CAnimatedMeshMD211getVerticesEv
_ZTVN5daisy5scene16CAnimatedMeshMD2E,19,0x000f095c,_ZNK5daisy5scene16CAnimatedMeshMD213getVertexTypeEv
_ZTVN5daisy5scene16CAnimatedMeshMD2E,20,0x000f096a,_ZNK5daisy5scene16CAnimatedMeshMD214getVertexCountEv
_ZTVN5daisy5scene16CAnimatedMeshMD2E,21,0x000f09b0,_ZNK5daisy5scene16CAnimatedMeshMD210getIndicesEv
_ZTVN5daisy5scene16CAnimatedMeshMD2E,22,0x000f09c6,_ZN5daisy5scene16CAnimatedMeshMD210getIndicesEv
_ZTVN5daisy5scene16CAnimatedMeshMD2E,23,0x000f09dc,_ZNK5daisy5scene16CAnimatedMeshMD213getIndexCountEv
_ZTVN5daisy5scene16CAnimatedMeshMD2E,24,0x000f1614,_ZN5daisy5scene16CAnimatedMeshMD214getBoundingBoxEv
_ZTVN5daisy5scene16CAnimatedMeshMD2E,25,0x000f15cc,_ZN5daisy5scene16CAnimatedMeshMD215setMaterialFlagEN2ox5video15E_MATERIAL_FLAGEb
_ZTVN5daisy5scene16CAnimatedMeshMD2E,26,0x000f14f0,_ZN5daisy5scene16CAnimatedMeshMD220calculateBoundingBoxEv
_ZTVN5daisy5scene16CAnimatedMeshMD2E,27,0xfffffff4,
_ZTVN5daisy5scene16CAnimatedMeshMD2E,28,0x00266df0,_ZTIN5daisy5scene16CAnimatedMeshMD2E
_ZTVN5daisy5scene16CAnimatedMeshMD2E,29,0x000f0667,_ZThn12_N5daisy5scene16CAnimatedMeshMD2D1Ev
_ZTVN5daisy5scene16CAnimatedMeshMD2E,30,0x000f0553,_ZThn12_N5daisy5scene16CAnimatedMeshMD2D0Ev
_ZTVN5daisy5scene16CAnimatedMeshMD2E,31,0x000f0a06,_ZThn12_N5daisy5scene16CAnimatedMeshMD218getMeshBufferCountEv
_ZTVN5daisy5scene16CAnimatedMeshMD2E,32,0x000f08f9,_ZThn12_N5daisy5scene16CAnimatedMeshMD213getMeshBufferEi
_ZTVN5daisy5scene16CAnimatedMeshMD2E,33,0x000f15fd,_ZThn12_NK5daisy5scene16CAnimatedMeshMD214getBoundingBoxEv
_ZTVN5daisy5scene16CAnimatedMeshMD2E,34,0x000f1621,_ZThn12_N5daisy5scene16CAnimatedMeshMD214getBoundingBoxEv
_ZTVN5daisy5scene16CAnimatedMeshMD2E,35,0x000f15de,_ZThn12_N5daisy5scene16CAnimatedMeshMD215setMaterialFlagEN2ox5video15E_MATERIAL_FLAGEb
_ZTVN5daisy5scene16CAnimatedMeshMD2E,36,0xffffffe8,
_ZTVN5daisy5scene16CAnimatedMeshMD2E,37,0x00266df0,_ZTIN5daisy5scene16CAnimatedMeshMD2E
_ZTVN5daisy5scene16CAnimatedMeshMD2E,38,0x000f0680,_ZThn24_N5daisy5scene16CAnimatedMeshMD2D1Ev
_ZTVN5daisy5scene16CAnimatedMeshMD2E,39,0x000f056c,_ZThn24_N5daisy5scene16CAnimatedMeshMD2D0Ev
_ZTVN5daisy5scene16CAnimatedMeshMD2E,40,0x000f0925,_ZThn24_N5daisy5scene16CAnimatedMeshMD211getMaterialEv
_ZTVN5daisy5scene16CAnimatedMeshMD2E,41,0x000f090f,_ZThn24_NK5daisy5scene16CAnimatedMeshMD211getMaterialEv
_ZTVN5daisy5scene16CAnimatedMeshMD2E,42,0x000f0963,_ZThn24_NK5daisy5scene16CAnimatedMeshMD213getVertexTypeEv
_ZTVN5daisy5scene16CAnimatedMeshMD2E,43,0x000f093b,_ZThn24_NK5daisy5scene16CAnimatedMeshMD211getVerticesEv
_ZTVN5daisy5scene16CAnimatedMeshMD2E,44,0x000f0951,_ZThn24_N5daisy5scene16CAnimatedMeshMD211getVerticesEv
_ZTVN5daisy5scene16CAnimatedMeshMD2E,45,0x000f098d,_ZThn24_NK5daisy5scene16CAnimatedMeshMD214getVertexCountEv
_ZTVN5daisy5scene16CAnimatedMeshMD2E,46,0x000f09bb,_ZThn24_NK5daisy5scene16CAnimatedMeshMD210getIndicesEv
_ZTVN5daisy5scene16CAnimatedMeshMD2E,47,0x000f09d1,_ZThn24_N5daisy5scene16CAnimatedMeshMD210getIndicesEv
_ZTVN5daisy5scene16CAnimatedMeshMD2E,48,0x000f09ec,_ZThn24_NK5daisy5scene16CAnimatedMeshMD213getIndexCountEv
_ZTVN5daisy5scene16CAnimatedMeshMD2E,49,0x000f1608,_ZThn24_NK5daisy5scene16CAnimatedMeshMD214getBoundingBoxEv
_ZTVN5daisy5scene16CAnimatedMeshMD2E,50,0x000f162c,_ZThn24_N5daisy5scene16CAnimatedMeshMD214getBoundingBoxEv
_ZTVN5daisy5scene16CAnimatedMeshMD2E,51,0x00000000,
_ZTVN5daisy5scene17CAnimatedMeshMS3DE,0,0x00000000,
_ZTVN5daisy5scene17CAnimatedMeshMS3DE,1,0x00266ef0,_ZTIN5daisy5scene17CAnimatedMeshMS3DE
_ZTVN5daisy5scene17CAnimatedMeshMS3DE,2,0x000f23dc,_ZN5daisy5scene17CAnimatedMeshMS3DD1Ev
_ZTVN5daisy5scene17CAnimatedMeshMS3DE,3,0x000f23ac,_ZN5daisy5scene17CAnimatedMeshMS3DD0Ev
_ZTVN5daisy5scene17CAnimatedMeshMS3DE,4,0x000f3682,_ZN5daisy5scene17CAnimatedMeshMS3D13getFrameCountEv
_ZTVN5daisy5scene17CAnimatedMeshMS3DE,5,0x000f3692,_ZN5daisy5scene17CAnimatedMeshMS3D7getMeshEiiii
_ZTVN5daisy5scene17CAnimatedMeshMS3DE,6,0x000f403e,_ZNK5daisy5scene17CAnimatedMeshMS3D14getBoundingBoxEv
_ZTVN5daisy5scene17CAnimatedMeshMS3DE,7,0x000f40a6,_ZNK5daisy5scene17CAnimatedMeshMS3D11getMeshTypeEv
_ZTVN5daisy5scene17CAnimatedMeshMS3DE,8,0x000f3d88,_ZN5daisy5scene17CAnimatedMeshMS3D16getMatrixOfJointEii
_ZTVN5daisy5scene17CAnimatedMeshMS3DE,9,0x000f3df6,_ZNK5daisy5scene17CAnimatedMeshMS3D13getJointCountEv
_ZTVN5daisy5scene17CAnimatedMeshMS3DE,10,0x000f3e22,_ZNK5daisy5scene17CAnimatedMeshMS3D12getJointNameEi
_ZTVN5daisy5scene17CAnimatedMeshMS3DE,11,0x000f3e6a,_ZNK5daisy5scene17CAnimatedMeshMS3D14getJointNumberEPKc
_ZTVN5daisy5scene17CAnimatedMeshMS3DE,12,0x000f24f4,_ZN5daisy5scene17CAnimatedMeshMS3D8loadFileEPN2ox2io9IReadFileE
_ZTVN5daisy5scene17CAnimatedMeshMS3DE,13,0x000f3f12,_ZN5daisy5scene17CAnimatedMeshMS3D18getMeshBufferCountEv
_ZTVN5daisy5scene17CAnimatedMeshMS3DE,14,0x000f3f26,_ZN5daisy5scene17CAnimatedMeshMS3D13getMeshBufferEi
_ZTVN5daisy5scene17CAnimatedMeshMS3DE,15,0x000f3f3c,_ZNK5daisy5scene17CAnimatedMeshMS3D11getMaterialEv
_ZTVN5daisy5scene17CAnimatedMeshMS3DE,16,0x000f3f52,_ZN5daisy5scene17CAnimatedMeshMS3D11getMaterialEv
_ZTVN5daisy5scene17CAnimatedMeshMS3DE,17,0x000f3f68,_ZNK5daisy5scene17CAnimatedMeshMS3D11getVerticesEv
_ZTVN5daisy5scene17CAnimatedMeshMS3DE,18,0x000f3f7e,_ZN5daisy5scene17CAnimatedMeshMS3D11getVerticesEv
_ZTVN5daisy5scene17CAnimatedMeshMS3DE,19,0x000f3f94,_ZNK5daisy5scene17CAnimatedMeshMS3D13getVertexTypeEv
_ZTVN5daisy5scene17CAnimatedMeshMS3DE,20,0x000f3fa2,_ZNK5daisy5scene17CAnimatedMeshMS3D14getVertexCountEv
_ZTVN5daisy5scene17CAnimatedMeshMS3DE,21,0x000f3fe4,_ZNK5daisy5scene17CAnimatedMeshMS3D10getIndicesEv
_ZTVN5daisy5scene17CAnimatedMeshMS3DE,22,0x000f3ffe,_ZN5daisy5scene17CAnimatedMeshMS3D10getIndicesEv
_ZTVN5daisy5scene17CAnimatedMeshMS3DE,23,0x000f4018,_ZNK5daisy5scene17CAnimatedMeshMS3D13getIndexCountEv
_ZTVN5daisy5scene17CAnimatedMeshMS3DE,24,0x000f4060,_ZN5daisy5scene17CAnimatedMeshMS3D14getBoundingBoxEv
_ZTVN5daisy5scene17CAnimatedMeshMS3DE,25,0x000f4082,_ZN5daisy5scene17CAnimatedMeshMS3D15setMaterialFlagEN2ox5video15E_MATERIAL_FLAGEb
_ZTVN5daisy5scene17CAnimatedMeshMS3DE,26,0xfffffff4,
_ZTVN5daisy5scene17CAnimatedMeshMS3DE,27,0x00266ef0,_ZTIN5daisy5scene17CAnimatedMeshMS3DE
_ZTVN5daisy5scene17CAnimatedMeshMS3DE,28,0x000f24c2,_ZThn12_N5daisy5scene17CAnimatedMeshMS3DD1Ev
_ZTVN5daisy5scene17CAnimatedMeshMS3DE,29,0x000f23e5,_ZThn12_N5daisy5scene17CAnimatedMeshMS3DD0Ev
_ZTVN5daisy5scene17CAnimatedMeshMS3DE,30,0x000f3f1c,_ZThn12_N5daisy5scene17CAnimatedMeshMS3D18getMeshBufferCountEv
_ZTVN5daisy5scene17CAnimatedMeshMS3DE,31,0x000f3f31,_ZThn12_N5daisy5scene17CAnimatedMeshMS3D13getMeshBufferEi
_ZTVN5daisy5scene17CAnimatedMeshMS3DE,32,0x000f4049,_ZThn12_NK5daisy5scene17CAnimatedMeshMS3D14getBoundingBoxEv
_ZTVN5daisy5scene17CAnimatedMeshMS3DE,33,0x000f406b,_ZThn12_N5daisy5scene17CAnimatedMeshMS3D14getBoundingBoxEv
_ZTVN5daisy5scene17CAnimatedMeshMS3DE,34,0x000f4094,_ZThn12_N5daisy5scene17CAnimatedMeshMS3D15setMaterialFlagEN2ox5video15E_MATERIAL_FLAGEb
_ZTVN5daisy5scene17CAnimatedMeshMS3DE,35,0xffffffe8,
_ZTVN5daisy5scene17CAnimatedMeshMS3DE,36,0x00266ef0,_ZTIN5daisy5scene17CAnimatedMeshMS3DE
_ZTVN5daisy5scene17CAnimatedMeshMS3DE,37,0x000f24db,_ZThn24_N5daisy5scene17CAnimatedMeshMS3DD1Ev
_ZTVN5daisy5scene17CAnimatedMeshMS3DE,38,0x000f23fe,_ZThn24_N5daisy5scene17CAnimatedMeshMS3DD0Ev
_ZTVN5daisy5scene17CAnimatedMeshMS3DE,39,0x000f3f5d,_ZThn24_N5daisy5scene17CAnimatedMeshMS3D11getMaterialEv
_ZTVN5daisy5scene17CAnimatedMeshMS3DE,40,0x000f3f47,_ZThn24_NK5daisy5scene17CAnimatedMeshMS3D11getMaterialEv
_ZTVN5daisy5scene17CAnimatedMeshMS3DE,41,0x000f3f9b,_ZThn24_NK5daisy5scene17CAnimatedMeshMS3D13getVertexTypeEv
_ZTVN5daisy5scene17CAnimatedMeshMS3DE,42,0x000f3f73,_ZThn24_NK5daisy5scene17CAnimatedMeshMS3D11getVerticesEv
_ZTVN5daisy5scene17CAnimatedMeshMS3DE,43,0x000f3f89,_ZThn24_N5daisy5scene17CAnimatedMeshMS3D11getVerticesEv
_ZTVN5daisy5scene17CAnimatedMeshMS3DE,44,0x000f3fc3,_ZThn24_NK5daisy5scene17CAnimatedMeshMS3D14getVertexCountEv
_ZTVN5daisy5scene17CAnimatedMeshMS3DE,45,0x000f3ff2,_ZThn24_NK5daisy5scene17CAnimatedMeshMS3D10getIndicesEv
_ZTVN5daisy5scene17CAnimatedMeshMS3DE,46,0x000f400c,_ZThn24_N5daisy5scene17CAnimatedMeshMS3D10getIndicesEv
_ZTVN5daisy5scene17CAnimatedMeshMS3DE,47,0x000f402e,_ZThn24_NK5daisy5scene17CAnimatedMeshMS3D13getIndexCountEv
_ZTVN5daisy5scene17CAnimatedMeshMS3DE,48,0x000f4054,_ZThn24_NK5daisy5scene17CAnimatedMeshMS3D14getBoundingBoxEv
_ZTVN5daisy5scene17CAnimatedMeshMS3DE,49,0x000f4076,_ZThn24_N5daisy5scene17CAnimatedMeshMS3D14getBoundingBoxEv
_ZTVN5daisy5scene17CAnimatedMeshMS3DE,50,0x00000000,
_ZTVN5daisy5scene17CAnimatedMeshMS3DE,51,0x00000000,
_ZTVN5daisy5scene22CAnimatedMeshSceneNodeE,0,0x00000000,
_ZTVN5daisy5scene22CAnimatedMeshSceneNodeE,1,0x00266fd0,_ZTIN5daisy5scene22CAnimatedMeshSceneNodeE
_ZTVN5daisy5scene22CAnimatedMeshSceneNodeE,2,0x000f5862,_ZN5daisy5scene22CAnimatedMeshSceneNodeD1Ev
_ZTVN5daisy5scene22CAnimatedMeshSceneNodeE,3,0x000f5832,_ZN5daisy5scene22CAnimatedMeshSceneNodeD0Ev
_ZTVN5daisy5scene22CAnimatedMeshSceneNodeE,4,0x000f5966,_ZN5daisy5scene22CAnimatedMeshSceneNode11OnPreRenderEv
_ZTVN5daisy5scene22CAnimatedMeshSceneNodeE,5,0x000f59ea,_ZN5daisy5scene22CAnimatedMeshSceneNode12OnPostRenderEj
_ZTVN5daisy5scene22CAnimatedMeshSceneNodeE,6,0x000f5b0e,_ZN5daisy5scene22CAnimatedMeshSceneNode6renderEv
_ZTVN5daisy5scene22CAnimatedMeshSceneNodeE,7,0x00113794,_ZNK2ox5scene10ISceneNode7getNameEv
_ZTVN5daisy5scene22CAnimatedMeshSceneNodeE,8,0x001137a0,_ZN2ox5scene10ISceneNode7setNameEPKw
_ZTVN5daisy5scene22CAnimatedMeshSceneNodeE,9,0x000f5e6a,_ZNK5daisy5scene22CAnimatedMeshSceneNode14getBoundingBoxEv
_ZTVN5daisy5scene22CAnimatedMeshSceneNodeE,10,0x001137c0,_ZNK2ox5scene10ISceneNode25getRelativeTransformationEv
_ZTVN5daisy5scene22CAnimatedMeshSceneNodeE,11,0x00113b04,_ZN2ox5scene10ISceneNode9isVisibleEv
_ZTVN5daisy5scene22CAnimatedMeshSceneNodeE,12,0x00113b16,_ZN2ox5scene10ISceneNode10setVisibleEb
_ZTVN5daisy5scene22CAnimatedMeshSceneNodeE,13,0x00113b28,_ZN2ox5scene10ISceneNode5getIDEv
_ZTVN5daisy5scene22CAnimatedMeshSceneNodeE,14,0x00113b36,_ZN2ox5scene10ISceneNode5setIDEi
_ZTVN5daisy5scene22CAnimatedMeshSceneNodeE,15,0x00113b48,_ZN2ox5scene10ISceneNode8addChildEPS1_
_ZTVN5daisy5scene22CAnimatedMeshSceneNodeE,16,0x000f60b0,_ZN5daisy5scene22CAnimatedMeshSceneNode11removeChildEPN2ox5scene10ISceneNodeE
_ZTVN5daisy5scene22CAnimatedMeshSceneNodeE,17,0x00113672,_ZN2ox5scene10ISceneNode9removeAllEv
_ZTVN5daisy5scene22CAnimatedMeshSceneNodeE,18,0x00113bde,_ZN2ox5scene10ISceneNode6removeEv
_ZTVN5daisy5scene22CAnimatedMeshSceneNodeE,19,0x00113c00,_ZN2ox5scene10ISceneNode11addAnimatorEPNS0_18ISceneNodeAnimatorE
_ZTVN5daisy5scene22CAnimatedMeshSceneNodeE,20,0x00113c3c,_ZN2ox5scene10ISceneNode14removeAnimatorEPNS0_18ISceneNodeAnimatorE
_ZTVN5daisy5scene22CAnimatedMeshSceneNodeE,21,0x00113c84,_ZN2ox5scene10ISceneNode15removeAnimatorsEv
_ZTVN5daisy5scene22CAnimatedMeshSceneNodeE,22,0x000f5e78,_ZN5daisy5scene22CAnimatedMeshSceneNode11getMaterialEi
_ZTVN5daisy5scene22CAnimatedMeshSceneNodeE,23,0x000f5eb8,_ZN5daisy5scene22CAnimatedMeshSceneNode16getMaterialCountEv
_ZTVN5daisy5scene22CAnimatedMeshSceneNodeE,24,0x00113d00,_ZNK2ox5scene10ISceneNode8getScaleEv
_ZTVN5daisy5scene22CAnimatedMeshSceneNodeE,25,0x00113d2a,_ZN2ox5scene10ISceneNode8setScaleERKNS_4core9CVector3dIfEE
_ZTVN5daisy5scene22CAnimatedMeshSceneNodeE,26,0x00113d52,_ZNK2ox5scene10ISceneNode11getRotationEv
_ZTVN5daisy5scene22CAnimatedMeshSceneNodeE,27,0x00113d7c,_ZN2ox5scene10ISceneNode11setRotationERKNS_4core9CVector3dIfEE
_ZTVN5daisy5scene22CAnimatedMeshSceneNodeE,28,0x00113da4,_ZNK2ox5scene10ISceneNode11getPositionEv
_ZTVN5daisy5scene22CAnimatedMeshSceneNodeE,29,0x00113dce,_ZN2ox5scene10ISceneNode11setPositionERKNS_4core9CVector3dIfEE
_ZTVN5daisy5scene22CAnimatedMeshSceneNodeE,30,0x00113df6,_ZNK2ox5scene10ISceneNode19getAbsolutePositionEv
_ZTVN5daisy5scene22CAnimatedMeshSceneNodeE,31,0x00113e9e,_ZN2ox5scene10ISceneNode9setParentEPS1_
_ZTVN5daisy5scene22CAnimatedMeshSceneNodeE,32,0x00113ee6,_ZNK2ox5scene10ISceneNode19getTriangleSelectorEv
_ZTVN5daisy5scene22CAnimatedMeshSceneNodeE,33,0x00113ef4,_ZN2ox5scene10ISceneNode19setTriangleSelectorEPNS0_17ITriangleSelectorE
_ZTVN5daisy5scene22CAnimatedMeshSceneNodeE,34,0x00113f2c,_ZN2ox5scene10ISceneNode22updateAbsolutePositionEv
_ZTVN5daisy5scene22CAnimatedMeshSceneNodeE,35,0x000f5960,_ZN5daisy5scene22CAnimatedMeshSceneNode15setCurrentFrameEi
_ZTVN5daisy5scene22CAnimatedMeshSceneNodeE,36,0x000f5e00,_ZN5daisy5scene22CAnimatedMeshSceneNode12setFrameLoopEii
_ZTVN5daisy5scene22CAnimatedMeshSceneNodeE,37,0x000f5e58,_ZN5daisy5scene22CAnimatedMeshSceneNode17setAnimationSpeedEi
_ZTVN5daisy5scene22CAnimatedMeshSceneNodeE,38,0x000f5ee0,_ZN5daisy5scene22CAnimatedMeshSceneNode24addShadowVolumeSceneNodeEibf
_ZTVN5daisy5scene22CAnimatedMeshSceneNodeE,39,0x000f5f9c,_ZN5daisy5scene22CAnimatedMeshSceneNode16getMS3DJointNodeEPKc
_ZTVN5daisy5scene22CAnimatedMeshSceneNodeE,40,0x000f614e,_ZN5daisy5scene22CAnimatedMeshSceneNode15setMD2AnimationEN2ox5scene19EMD2_ANIMATION_TYPEE
_ZTVN5daisy5scene22CAnimatedMeshSceneNodeE,41,0x000f61d6,_ZN5daisy5scene22CAnimatedMeshSceneNode15setMD2AnimationEPKc
_ZTVN5daisy5scene22CAnimatedMeshSceneNodeE,42,0x000f62b6,_ZN5daisy5scene22CAnimatedMeshSceneNode10getFrameNrEv
_ZTVN5daisy5scene22CAnimatedMeshSceneNodeE,43,0x00000000,
_ZTVN5daisy5scene19CBillboardSceneNodeE,0,0x00000000,
_ZTVN5daisy5scene19CBillboardSceneNodeE,1,0x00267078,_ZTIN5daisy5scene19CBillboardSceneNodeE
_ZTVN5daisy5scene19CBillboardSceneNodeE,2,0x000f6866,_ZN5daisy5scene19CBillboardSceneNodeD1Ev
_ZTVN5daisy5scene19CBillboardSceneNodeE,3,0x000f6836,_ZN5daisy5scene19CBillboardSceneNodeD0Ev
_ZTVN5daisy5scene19CBillboardSceneNodeE,4,0x000f687a,_ZN5daisy5scene19CBillboardSceneNode11OnPreRenderEv
_ZTVN5daisy5scene19CBillboardSceneNodeE,5,0x0011371e,_ZN2ox5scene10ISceneNode12OnPostRenderEj
_ZTVN5daisy5scene19CBillboardSceneNodeE,6,0x000f68b4,_ZN5daisy5scene19CBillboardSceneNode6renderEv
_ZTVN5daisy5scene19CBillboardSceneNodeE,7,0x00113794,_ZNK2ox5scene10ISceneNode7getNameEv
_ZTVN5daisy5scene19CBillboardSceneNodeE,8,0x001137a0,_ZN2ox5scene10ISceneNode7setNameEPKw
_ZTVN5daisy5scene19CBillboardSceneNodeE,9,0x000f6ce4,_ZNK5daisy5scene19CBillboardSceneNode14getBoundingBoxEv
_ZTVN5daisy5scene19CBillboardSceneNodeE,10,0x001137c0,_ZNK2ox5scene10ISceneNode25getRelativeTransformationEv
_ZTVN5daisy5scene19CBillboardSceneNodeE,11,0x00113b04,_ZN2ox5scene10ISceneNode9isVisibleEv
_ZTVN5daisy5scene19CBillboardSceneNodeE,12,0x00113b16,_ZN2ox5scene10ISceneNode10setVisibleEb
_ZTVN5daisy5scene19CBillboardSceneNodeE,13,0x00113b28,_ZN2ox5scene10ISceneNode5getIDEv
_ZTVN5daisy5scene19CBillboardSceneNodeE,14,0x00113b36,_ZN2ox5scene10ISceneNode5setIDEi
_ZTVN5daisy5scene19CBillboardSceneNodeE,15,0x00113b48,_ZN2ox5scene10ISceneNode8addChildEPS1_
_ZTVN5daisy5scene19CBillboardSceneNodeE,16,0x00113b8e,_ZN2ox5scene10ISceneNode11removeChildEPS1_
_ZTVN5daisy5scene19CBillboardSceneNodeE,17,0x00113672,_ZN2ox5scene10ISceneNode9removeAllEv
_ZTVN5daisy5scene19CBillboardSceneNodeE,18,0x00113bde,_ZN2ox5scene10ISceneNode6removeEv
_ZTVN5daisy5scene19CBillboardSceneNodeE,19,0x00113c00,_ZN2ox5scene10ISceneNode11addAnimatorEPNS0_18ISceneNodeAnimatorE
_ZTVN5daisy5scene19CBillboardSceneNodeE,20,0x00113c3c,_ZN2ox5scene10ISceneNode14removeAnimatorEPNS0_18ISceneNodeAnimatorE
_ZTVN5daisy5scene19CBillboardSceneNodeE,21,0x00113c84,_ZN2ox5scene10ISceneNode15removeAnimatorsEv
_ZTVN5daisy5scene19CBillboardSceneNodeE,22,0x000f6d16,_ZN5daisy5scene19CBillboardSceneNode11getMaterialEi
_ZTVN5daisy5scene19CBillboardSceneNodeE,23,0x000f6d24,_ZN5daisy5scene19CBillboardSceneNode16getMaterialCountEv
_ZTVN5daisy5scene19CBillboardSceneNodeE,24,0x00113d00,_ZNK2ox5scene10ISceneNode8getScaleEv
_ZTVN5daisy5scene19CBillboardSceneNodeE,25,0x00113d2a,_ZN2ox5scene10ISceneNode8setScaleERKNS_4core9CVector3dIfEE
_ZTVN5daisy5scene19CBillboardSceneNodeE,26,0x00113d52,_ZNK2ox5scene10ISceneNode11getRotationEv
_ZTVN5daisy5scene19CBillboardSceneNodeE,27,0x00113d7c,_ZN2ox5scene10ISceneNode11setRotationERKNS_4core9CVector3dIfEE
_ZTVN5daisy5scene19CBillboardSceneNodeE,28,0x00113da4,_ZNK2ox5scene10ISceneNode11getPositionEv
_ZTVN5daisy5scene19CBillboardSceneNodeE,29,0x00113dce,_ZN2ox5scene10ISceneNode11setPositionERKNS_4core9CVector3dIfEE
_ZTVN5daisy5scene19CBillboardSceneNodeE,30,0x00113df6,_ZNK2ox5scene10ISceneNode19getAbsolutePositionEv
_ZTVN5daisy5scene19CBillboardSceneNodeE,31,0x00113e9e,_ZN2ox5scene10ISceneNode9setParentEPS1_
_ZTVN5daisy5scene19CBillboardSceneNodeE,32,0x00113ee6,_ZNK2ox5scene10ISceneNode19getTriangleSelectorEv
_ZTVN5daisy5scene19CBillboardSceneNodeE,33,0x00113ef4,_ZN2ox5scene10ISceneNode19setTriangleSelectorEPNS0_17ITriangleSelectorE
_ZTVN5daisy5scene19CBillboardSceneNodeE,34,0x00113f2c,_ZN2ox5scene10ISceneNode22updateAbsolutePositionEv
_ZTVN5daisy5scene19CBillboardSceneNodeE,35,0x000f6cf2,_ZN5daisy5scene19CBillboardSceneNode7setSizeERKN2ox4core12CDimension2dIfEE
_ZTVN5daisy5scene19CBillboardSceneNodeE,36,0x000f6d2e,_ZN5daisy5scene19CBillboardSceneNode7getSizeEv
_ZTVN5daisy5scene19CBillboardSceneNodeE,37,0x00000000,
_ZTVN5daisy5scene8CBspTreeE,0,0x00000000,
_ZTVN5daisy5scene8CBspTreeE,1,0x00267098,_ZTIN5daisy5scene8CBspTreeE
_ZTVN5daisy5scene8CBspTreeE,2,0x000f7568,_ZN5daisy5scene8CBspTreeD1Ev
_ZTVN5daisy5scene8CBspTreeE,3,0x000f7538,_ZN5daisy5scene8CBspTreeD0Ev
_ZTVN5daisy5scene17CBspTreeSceneNodeE,0,0x00000000,
_ZTVN5daisy5scene17CBspTreeSceneNodeE,1,0x00267130,_ZTIN5daisy5scene17CBspTreeSceneNodeE
_ZTVN5daisy5scene17CBspTreeSceneNodeE,2,0x000f9a7e,_ZN5daisy5scene17CBspTreeSceneNodeD1Ev
_ZTVN5daisy5scene17CBspTreeSceneNodeE,3,0x000f9a4e,_ZN5daisy5scene17CBspTreeSceneNodeD0Ev
_ZTVN5daisy5scene17CBspTreeSceneNodeE,4,0x000f9ad8,_ZN5daisy5scene17CBspTreeSceneNode11OnPreRenderEv
_ZTVN5daisy5scene17CBspTreeSceneNodeE,5,0x0011371e,_ZN2ox5scene10ISceneNode12OnPostRenderEj
_ZTVN5daisy5scene17CBspTreeSceneNodeE,6,0x000f9b0e,_ZN5daisy5scene17CBspTreeSceneNode6renderEv
_ZTVN5daisy5scene17CBspTreeSceneNodeE,7,0x00113794,_ZNK2ox5scene10ISceneNode7getNameEv
_ZTVN5daisy5scene17CBspTreeSceneNodeE,8,0x001137a0,_ZN2ox5scene10ISceneNode7setNameEPKw
_ZTVN5daisy5scene17CBspTreeSceneNodeE,9,0x000f9b14,_ZNK5daisy5scene17CBspTreeSceneNode14getBoundingBoxEv
_ZTVN5daisy5scene17CBspTreeSceneNodeE,10,0x001137c0,_ZNK2ox5scene10ISceneNode25getRelativeTransformationEv
_ZTVN5daisy5scene17CBspTreeSceneNodeE,11,0x00113b04,_ZN2ox5scene10ISceneNode9isVisibleEv
_ZTVN5daisy5scene17CBspTreeSceneNodeE,12,0x00113b16,_ZN2ox5scene10ISceneNode10setVisibleEb
_ZTVN5daisy5scene17CBspTreeSceneNodeE,13,0x00113b28,_ZN2ox5scene10ISceneNode5getIDEv
_ZTVN5daisy5scene17CBspTreeSceneNodeE,14,0x00113b36,_ZN2ox5scene10ISceneNode5setIDEi
_ZTVN5daisy5scene17CBspTreeSceneNodeE,15,0x00113b48,_ZN2ox5scene10ISceneNode8addChildEPS1_
_ZTVN5daisy5scene17CBspTreeSceneNodeE,16,0x00113b8e,_ZN2ox5scene10ISceneNode11removeChildEPS1_
_ZTVN5daisy5scene17CBspTreeSceneNodeE,17,0x00113672,_ZN2ox5scene10ISceneNode9removeAllEv
_ZTVN5daisy5scene17CBspTreeSceneNodeE,18,0x00113bde,_ZN2ox5scene10ISceneNode6removeEv
_ZTVN5daisy5scene17CBspTreeSceneNodeE,19,0x00113c00,_ZN2ox5scene10ISceneNode11addAnimatorEPNS0_18ISceneNodeAnimatorE
_ZTVN5daisy5scene17CBspTreeSceneNodeE,20,0x00113c3c,_ZN2ox5scene10ISceneNode14removeAnimatorEPNS0_18ISceneNodeAnimatorE
_ZTVN5daisy5scene17CBspTreeSceneNodeE,21,0x00113c84,_ZN2ox5scene10ISceneNode15removeAnimatorsEv
_ZTVN5daisy5scene17CBspTreeSceneNodeE,22,0x00113cf0,_ZN2ox5scene10ISceneNode11getMaterialEi
_ZTVN5daisy5scene17CBspTreeSceneNodeE,23,0x00113cf8,_ZN2ox5scene10ISceneNode16getMaterialCountEv
_ZTVN5daisy5scene17CBspTreeSceneNodeE,24,0x00113d00,_ZNK2ox5scene10ISceneNode8getScaleEv
_ZTVN5daisy5scene17CBspTreeSceneNodeE,25,0x00113d2a,_ZN2ox5scene10ISceneNode8setScaleERKNS_4core9CVector3dIfEE
_ZTVN5daisy5scene17CBspTreeSceneNodeE,26,0x00113d52,_ZNK2ox5scene10ISceneNode11getRotationEv
_ZTVN5daisy5scene17CBspTreeSceneNodeE,27,0x00113d7c,_ZN2ox5scene10ISceneNode11setRotationERKNS_4core9CVector3dIfEE
_ZTVN5daisy5scene17CBspTreeSceneNodeE,28,0x00113da4,_ZNK2ox5scene10ISceneNode11getPositionEv
_ZTVN5daisy5scene17CBspTreeSceneNodeE,29,0x00113dce,_ZN2ox5scene10ISceneNode11setPositionERKNS_4core9CVector3dIfEE
_ZTVN5daisy5scene17CBspTreeSceneNodeE,30,0x00113df6,_ZNK2ox5scene10ISceneNode19getAbsolutePositionEv
_ZTVN5daisy5scene17CBspTreeSceneNodeE,31,0x00113e9e,_ZN2ox5scene10ISceneNode9setParentEPS1_
_ZTVN5daisy5scene17CBspTreeSceneNodeE,32,0x00113ee6,_ZNK2ox5scene10ISceneNode19getTriangleSelectorEv
_ZTVN5daisy5scene17CBspTreeSceneNodeE,33,0x00113ef4,_ZN2ox5scene10ISceneNode19setTriangleSelectorEPNS0_17ITriangleSelectorE
_ZTVN5daisy5scene17CBspTreeSceneNodeE,34,0x00113f2c,_ZN2ox5scene10ISceneNode22updateAbsolutePositionEv
_ZTVN5daisy5scene17CBspTreeSceneNodeE,35,0x00000000,
_ZTVN5daisy5scene19CCameraFPSSceneNodeE,0,0x00000000,
_ZTVN5daisy5scene19CCameraFPSSceneNodeE,1,0x00267230,_ZTIN5daisy5scene19CCameraFPSSceneNodeE
_ZTVN5daisy5scene19CCameraFPSSceneNodeE,2,0x000f9f12,_ZN5daisy5scene19CCameraFPSSceneNodeD1Ev
_ZTVN5daisy5scene19CCameraFPSSceneNodeE,3,0x000f9ee2,_ZN5daisy5scene19CCameraFPSSceneNodeD0Ev
_ZTVN5daisy5scene19CCameraFPSSceneNodeE,4,0x000fc162,_ZN5daisy5scene16CCameraSceneNode11OnPreRenderEv
_ZTVN5daisy5scene19CCameraFPSSceneNodeE,5,0x000fa074,_ZN5daisy5scene19CCameraFPSSceneNode12OnPostRenderEj
_ZTVN5daisy5scene19CCameraFPSSceneNodeE,6,0x000fc6bc,_ZN5daisy5scene16CCameraSceneNode6renderEv
_ZTVN5daisy5scene19CCameraFPSSceneNodeE,7,0x00113794,_ZNK2ox5scene10ISceneNode7getNameEv
_ZTVN5daisy5scene19CCameraFPSSceneNodeE,8,0x001137a0,_ZN2ox5scene10ISceneNode7setNameEPKw
_ZTVN5daisy5scene19CCameraFPSSceneNodeE,9,0x000fc6f8,_ZNK5daisy5scene16CCameraSceneNode14getBoundingBoxEv
_ZTVN5daisy5scene19CCameraFPSSceneNodeE,10,0x001137c0,_ZNK2ox5scene10ISceneNode25getRelativeTransformationEv
_ZTVN5daisy5scene19CCameraFPSSceneNodeE,11,0x00113b04,_ZN2ox5scene10ISceneNode9isVisibleEv
_ZTVN5daisy5scene19CCameraFPSSceneNodeE,12,0x00113b16,_ZN2ox5scene10ISceneNode10setVisibleEb
_ZTVN5daisy5scene19CCameraFPSSceneNodeE,13,0x00113b28,_ZN2ox5scene10ISceneNode5getIDEv
_ZTVN5daisy5scene19CCameraFPSSceneNodeE,14,0x00113b36,_ZN2ox5scene10ISceneNode5setIDEi
_ZTVN5daisy5scene19CCameraFPSSceneNodeE,15,0x00113b48,_ZN2ox5scene10ISceneNode8addChildEPS1_
_ZTVN5daisy5scene19CCameraFPSSceneNodeE,16,0x00113b8e,_ZN2ox5scene10ISceneNode11removeChildEPS1_
_ZTVN5daisy5scene19CCameraFPSSceneNodeE,17,0x00113672,_ZN2ox5scene10ISceneNode9removeAllEv
_ZTVN5daisy5scene19CCameraFPSSceneNodeE,18,0x00113bde,_ZN2ox5scene10ISceneNode6removeEv
_ZTVN5daisy5scene19CCameraFPSSceneNodeE,19,0x00113c00,_ZN2ox5scene10ISceneNode11addAnimatorEPNS0_18ISceneNodeAnimatorE
_ZTVN5daisy5scene19CCameraFPSSceneNodeE,20,0x00113c3c,_ZN2ox5scene10ISceneNode14removeAnimatorEPNS0_18ISceneNodeAnimatorE
_ZTVN5daisy5scene19CCameraFPSSceneNodeE,21,0x00113c84,_ZN2ox5scene10ISceneNode15removeAnimatorsEv
_ZTVN5daisy5scene19CCameraFPSSceneNodeE,22,0x00113cf0,_ZN2ox5scene10ISceneNode11getMaterialEi
_ZTVN5daisy5scene19CCameraFPSSceneNodeE,23,0x00113cf8,_ZN2ox5scene10ISceneNode16getMaterialCountEv
_ZTVN5daisy5scene19CCameraFPSSceneNodeE,24,0x00113d00,_ZNK2ox5scene10ISceneNode8getScaleEv
_ZTVN5daisy5scene19CCameraFPSSceneNodeE,25,0x00113d2a,_ZN2ox5scene10ISceneNode8setScaleERKNS_4core9CVector3dIfEE
_ZTVN5daisy5scene19CCameraFPSSceneNodeE,26,0x00113d52,_ZNK2ox5scene10ISceneNode11getRotationEv
_ZTVN5daisy5scene19CCameraFPSSceneNodeE,27,0x00113d7c,_ZN2ox5scene10ISceneNode11setRotationERKNS_4core9CVector3dIfEE
_ZTVN5daisy5scene19CCameraFPSSceneNodeE,28,0x00113da4,_ZNK2ox5scene10ISceneNode11getPositionEv
_ZTVN5daisy5scene19CCameraFPSSceneNodeE,29,0x00113dce,_ZN2ox5scene10ISceneNode11setPositionERKNS_4core9CVector3dIfEE
_ZTVN5daisy5scene19CCameraFPSSceneNodeE,30,0x00113df6,_ZNK2ox5scene10ISceneNode19getAbsolutePositionEv
_ZTVN5daisy5scene19CCameraFPSSceneNodeE,31,0x00113e9e,_ZN2ox5scene10ISceneNode9setParentEPS1_
_ZTVN5daisy5scene19CCameraFPSSceneNodeE,32,0x00113ee6,_ZNK2ox5scene10ISceneNode19getTriangleSelectorEv
_ZTVN5daisy5scene19CCameraFPSSceneNodeE,33,0x00113ef4,_ZN2ox5scene10ISceneNode19setTriangleSelectorEPNS0_17ITriangleSelectorE
_ZTVN5daisy5scene19CCameraFPSSceneNodeE,34,0x00113f2c,_ZN2ox5scene10ISceneNode22updateAbsolutePositionEv
_ZTVN5daisy5scene19CCameraFPSSceneNodeE,35,0x000fbfaa,_ZN5daisy5scene16CCameraSceneNode19setProjectionMatrixERKN2ox4core8CMatrix4E
_ZTVN5daisy5scene19CCameraFPSSceneNodeE,36,0x000fbfcc,_ZN5daisy5scene16CCameraSceneNode19getProjectionMatrixEv
_ZTVN5daisy5scene19CCameraFPSSceneNodeE,37,0x000fbfda,_ZN5daisy5scene16CCameraSceneNode13getViewMatrixEv
_ZTVN5daisy5scene19CCameraFPSSceneNodeE,38,0x000f9fdc,_ZN5daisy5scene19CCameraFPSSceneNode7OnEventERKN2ox5event6SEventE
_ZTVN5daisy5scene19CCameraFPSSceneNodeE,39,0x000fa7aa,_ZN5daisy5scene19CCameraFPSSceneNode9setTargetERKN2ox4core9CVector3dIfEE
_ZTVN5daisy5scene19CCameraFPSSceneNodeE,40,0x000fc028,_ZNK5daisy5scene16CCameraSceneNode9getTargetEv
_ZTVN5daisy5scene19CCameraFPSSceneNodeE,41,0x000fc05c,_ZN5daisy5scene16CCameraSceneNode11setUpVectorERKN2ox4core9CVector3dIfEE
_ZTVN5daisy5scene19CCameraFPSSceneNodeE,42,0x000fc08e,_ZNK5daisy5scene16CCameraSceneNode11getUpVectorEv
_ZTVN5daisy5scene19CCameraFPSSceneNodeE,43,0x000fc0c2,_ZN5daisy5scene16CCameraSceneNode12getNearValueEv
_ZTVN5daisy5scene19CCameraFPSSceneNodeE,44,0x000fc0d0,_ZN5daisy5scene16CCameraSceneNode11getFarValueEv
_ZTVN5daisy5scene19CCameraFPSSceneNodeE,45,0x000fc0de,_ZN5daisy5scene16CCameraSceneNode14getAspectRatioEv
_ZTVN5daisy5scene19CCameraFPSSceneNodeE,46,0x000fc0ec,_ZN5daisy5scene16CCameraSceneNode6getFOVEv
_ZTVN5daisy5scene19CCameraFPSSceneNodeE,47,0x000fc0fa,_ZN5daisy5scene16CCameraSceneNode12setNearValueEf
_ZTVN5daisy5scene19CCameraFPSSceneNodeE,48,0x000fc114,_ZN5daisy5scene16CCameraSceneNode11setFarValueEf
_ZTVN5daisy5scene19CCameraFPSSceneNodeE,49,0x000fc12e,_ZN5daisy5scene16CCameraSceneNode14setAspectRatioEf
_ZTVN5daisy5scene19CCameraFPSSceneNodeE,50,0x000fc148,_ZN5daisy5scene16CCameraSceneNode6setFOVEf
_ZTVN5daisy5scene19CCameraFPSSceneNodeE,51,0x000fc706,_ZN5daisy5scene16CCameraSceneNode15getViewFrustrumEv
_ZTVN5daisy5scene19CCameraFPSSceneNodeE,52,0x000fbf86,_ZN5daisy5scene16CCameraSceneNode23setInputReceiverEnabledEb
_ZTVN5daisy5scene19CCameraFPSSceneNodeE,53,0x000fbf98,_ZN5daisy5scene16CCameraSceneNode22isInputReceiverEnabledEv
_ZTVN5daisy5scene19CCameraFPSSceneNodeE,54,0x000fc69c,_ZN5daisy5scene16CCameraSceneNode12OnPostRenderEv
_ZTVN5daisy5scene19CCameraFPSSceneNodeE,55,0xffffff60,
_ZTVN5daisy5scene19CCameraFPSSceneNodeE,56,0x00267230,_ZTIN5daisy5scene19CCameraFPSSceneNodeE
_ZTVN5daisy5scene19CCameraFPSSceneNodeE,57,0x000fa04f,_ZThn160_N5daisy5scene19CCameraFPSSceneNode7OnEventERKN2ox5event6SEventE
_ZTVN5daisy5scene19CCameraFPSSceneNodeE,58,0x000f9fc0,_ZThn160_N5daisy5scene19CCameraFPSSceneNodeD1Ev
_ZTVN5daisy5scene19CCameraFPSSceneNodeE,59,0x000f9f1b,_ZThn160_N5daisy5scene19CCameraFPSSceneNodeD0Ev
_ZTVN5daisy5scene20CCameraMayaSceneNodeE,0,0x00000000,
_ZTVN5daisy5scene20CCameraMayaSceneNodeE,1,0x00267330,_ZTIN5daisy5scene20CCameraMayaSceneNodeE
_ZTVN5daisy5scene20CCameraMayaSceneNodeE,2,0x000faf40,_ZN5daisy5scene20CCameraMayaSceneNodeD1Ev
_ZTVN5daisy5scene20CCameraMayaSceneNodeE,3,0x000faf10,_ZN5daisy5scene20CCameraMayaSceneNodeD0Ev
_ZTVN5daisy5scene20CCameraMayaSceneNodeE,4,0x000fc162,_ZN5daisy5scene16CCameraSceneNode11OnPreRenderEv
_ZTVN5daisy5scene20CCameraMayaSceneNodeE,5,0x000fb0ba,_ZN5daisy5scene20CCameraMayaSceneNode12OnPostRenderEj
_ZTVN5daisy5scene20CCameraMayaSceneNodeE,6,0x000fc6bc,_ZN5daisy5scene16CCameraSceneNode6renderEv
_ZTVN5daisy5scene20CCameraMayaSceneNodeE,7,0x00113794,_ZNK2ox5scene10ISceneNode7getNameEv
_ZTVN5daisy5scene20CCameraMayaSceneNodeE,8,0x001137a0,_ZN2ox5scene10ISceneNode7setNameEPKw
_ZTVN5daisy5scene20CCameraMayaSceneNodeE,9,0x000fc6f8,_ZNK5daisy5scene16CCameraSceneNode14getBoundingBoxEv
_ZTVN5daisy5scene20CCameraMayaSceneNodeE,10,0x001137c0,_ZNK2ox5scene10ISceneNode25getRelativeTransformationEv
_ZTVN5daisy5scene20CCameraMayaSceneNodeE,11,0x00113b04,_ZN2ox5scene10ISceneNode9isVisibleEv
_ZTVN5daisy5scene20CCameraMayaSceneNodeE,12,0x00113b16,_ZN2ox5scene10ISceneNode10setVisibleEb
_ZTVN5daisy5scene20CCameraMayaSceneNodeE,13,0x00113b28,_ZN2ox5scene10ISceneNode5getIDEv
_ZTVN5daisy5scene20CCameraMayaSceneNodeE,14,0x00113b36,_ZN2ox5scene10ISceneNode5setIDEi
_ZTVN5daisy5scene20CCameraMayaSceneNodeE,15,0x00113b48,_ZN2ox5scene10ISceneNode8addChildEPS1_
_ZTVN5daisy5scene20CCameraMayaSceneNodeE,16,0x00113b8e,_ZN2ox5scene10ISceneNode11removeChildEPS1_
_ZTVN5daisy5scene20CCameraMayaSceneNodeE,17,0x00113672,_ZN2ox5scene10ISceneNode9removeAllEv
_ZTVN5daisy5scene20CCameraMayaSceneNodeE,18,0x00113bde,_ZN2ox5scene10ISceneNode6removeEv
_ZTVN5daisy5scene20CCameraMayaSceneNodeE,19,0x00113c00,_ZN2ox5scene10ISceneNode11addAnimatorEPNS0_18ISceneNodeAnimatorE
_ZTVN5daisy5scene20CCameraMayaSceneNodeE,20,0x00113c3c,_ZN2ox5scene10ISceneNode14removeAnimatorEPNS0_18ISceneNodeAnimatorE
_ZTVN5daisy5scene20CCameraMayaSceneNodeE,21,0x00113c84,_ZN2ox5scene10ISceneNode15removeAnimatorsEv
_ZTVN5daisy5scene20CCameraMayaSceneNodeE,22,0x00113cf0,_ZN2ox5scene10ISceneNode11getMaterialEi
_ZTVN5daisy5scene20CCameraMayaSceneNodeE,23,0x00113cf8,_ZN2ox5scene10ISceneNode16getMaterialCountEv
_ZTVN5daisy5scene20CCameraMayaSceneNodeE,24,0x00113d00,_ZNK2ox5scene10ISceneNode8getScaleEv
_ZTVN5daisy5scene20CCameraMayaSceneNodeE,25,0x00113d2a,_ZN2ox5scene10ISceneNode8setScaleERKNS_4core9CVector3dIfEE
_ZTVN5daisy5scene20CCameraMayaSceneNodeE,26,0x00113d52,_ZNK2ox5scene10ISceneNode11getRotationEv
_ZTVN5daisy5scene20CCameraMayaSceneNodeE,27,0x00113d7c,_ZN2ox5scene10ISceneNode11setRotationERKNS_4core9CVector3dIfEE
_ZTVN5daisy5scene20CCameraMayaSceneNodeE,28,0x00113da4,_ZNK2ox5scene10ISceneNode11getPositionEv
_ZTVN5daisy5scene20CCameraMayaSceneNodeE,29,0x000fb7cc,_ZN5daisy5scene20CCameraMayaSceneNode11setPositionERKN2ox4core9CVector3dIfEE
_ZTVN5daisy5scene20CCameraMayaSceneNodeE,30,0x00113df6,_ZNK2ox5scene10ISceneNode19getAbsolutePositionEv
_ZTVN5daisy5scene20CCameraMayaSceneNodeE,31,0x00113e9e,_ZN2ox5scene10ISceneNode9setParentEPS1_
_ZTVN5daisy5scene20CCameraMayaSceneNodeE,32,0x00113ee6,_ZNK2ox5scene10ISceneNode19getTriangleSelectorEv
_ZTVN5daisy5scene20CCameraMayaSceneNodeE,33,0x00113ef4,_ZN2ox5scene10ISceneNode19setTriangleSelectorEPNS0_17ITriangleSelectorE
_ZTVN5daisy5scene20CCameraMayaSceneNodeE,34,0x00113f2c,_ZN2ox5scene10ISceneNode22updateAbsolutePositionEv
_ZTVN5daisy5scene20CCameraMayaSceneNodeE,35,0x000fbfaa,_ZN5daisy5scene16CCameraSceneNode19setProjectionMatrixERKN2ox4core8CMatrix4E
_ZTVN5daisy5scene20CCameraMayaSceneNodeE,36,0x000fbfcc,_ZN5daisy5scene16CCameraSceneNode19getProjectionMatrixEv
_ZTVN5daisy5scene20CCameraMayaSceneNodeE,37,0x000fbfda,_ZN5daisy5scene16CCameraSceneNode13getViewMatrixEv
_ZTVN5daisy5scene20CCameraMayaSceneNodeE,38,0x000faf88,_ZN5daisy5scene20CCameraMayaSceneNode7OnEventERKN2ox5event6SEventE
_ZTVN5daisy5scene20CCameraMayaSceneNodeE,39,0x000fbff6,_ZN5daisy5scene16CCameraSceneNode9setTargetERKN2ox4core9CVector3dIfEE
_ZTVN5daisy5scene20CCameraMayaSceneNodeE,40,0x000fc028,_ZNK5daisy5scene16CCameraSceneNode9getTargetEv
_ZTVN5daisy5scene20CCameraMayaSceneNodeE,41,0x000fc05c,_ZN5daisy5scene16CCameraSceneNode11setUpVectorERKN2ox4core9CVector3dIfEE
_ZTVN5daisy5scene20CCameraMayaSceneNodeE,42,0x000fc08e,_ZNK5daisy5scene16CCameraSceneNode11getUpVectorEv
_ZTVN5daisy5scene20CCameraMayaSceneNodeE,43,0x000fc0c2,_ZN5daisy5scene16CCameraSceneNode12getNearValueEv
_ZTVN5daisy5scene20CCameraMayaSceneNodeE,44,0x000fc0d0,_ZN5daisy5scene16CCameraSceneNode11getFarValueEv
_ZTVN5daisy5scene20CCameraMayaSceneNodeE,45,0x000fc0de,_ZN5daisy5scene16CCameraSceneNode14getAspectRatioEv
_ZTVN5daisy5scene20CCameraMayaSceneNodeE,46,0x000fc0ec,_ZN5daisy5scene16CCameraSceneNode6getFOVEv
_ZTVN5daisy5scene20CCameraMayaSceneNodeE,47,0x000fc0fa,_ZN5daisy5scene16CCameraSceneNode12setNearValueEf
_ZTVN5daisy5scene20CCameraMayaSceneNodeE,48,0x000fc114,_ZN5daisy5scene16CCameraSceneNode11setFarValueEf
_ZTVN5daisy5scene20CCameraMayaSceneNodeE,49,0x000fc12e,_ZN5daisy5scene16CCameraSceneNode14setAspectRatioEf
_ZTVN5daisy5scene20CCameraMayaSceneNodeE,50,0x000fc148,_ZN5daisy5scene16CCameraSceneNode6setFOVEf
_ZTVN5daisy5scene20CCameraMayaSceneNodeE,51,0x000fc706,_ZN5daisy5scene16CCameraSceneNode15getViewFrustrumEv
_ZTVN5daisy5scene20CCameraMayaSceneNodeE,52,0x000fbf86,_ZN5daisy5scene16CCameraSceneNode23setInputReceiverEnabledEb
_ZTVN5daisy5scene20CCameraMayaSceneNodeE,53,0x000fbf98,_ZN5daisy5scene16CCameraSceneNode22isInputReceiverEnabledEv
_ZTVN5daisy5scene20CCameraMayaSceneNodeE,54,0x000fc69c,_ZN5daisy5scene16CCameraSceneNode12OnPostRenderEv
_ZTVN5daisy5scene20CCameraMayaSceneNodeE,55,0xffffff60,
_ZTVN5daisy5scene20CCameraMayaSceneNodeE,56,0x00267330,_ZTIN5daisy5scene20CCameraMayaSceneNodeE
_ZTVN5daisy5scene20CCameraMayaSceneNodeE,57,0x000fb094,_ZThn160_N5daisy5scene20CCameraMayaSceneNode7OnEventERKN2ox5event6SEventE
_ZTVN5daisy5scene20CCameraMayaSceneNodeE,58,0x000faf6d,_ZThn160_N5daisy5scene20CCameraMayaSceneNodeD1Ev
_ZTVN5daisy5scene20CCameraMayaSceneNodeE,59,0x000faf49,_ZThn160_N5daisy5scene20CCameraMayaSceneNodeD0Ev
_ZTVN5daisy5scene16CCameraSceneNodeE,0,0x00000000,
_ZTVN5daisy5scene16CCameraSceneNodeE,1,0x00267430,_ZTIN5daisy5scene16CCameraSceneNodeE
_ZTVN5daisy5scene16CCameraSceneNodeE,2,0x000fbf3e,_ZN5daisy5scene16CCameraSceneNodeD1Ev
_ZTVN5daisy5scene16CCameraSceneNodeE,3,0x000fbf0e,_ZN5daisy5scene16CCameraSceneNodeD0Ev
_ZTVN5daisy5scene16CCameraSceneNodeE,4,0x000fc162,_ZN5daisy5scene16CCameraSceneNode11OnPreRenderEv
_ZTVN5daisy5scene16CCameraSceneNodeE,5,0x0011371e,_ZN2ox5scene10ISceneNode12OnPostRenderEj
_ZTVN5daisy5scene16CCameraSceneNodeE,6,0x000fc6bc,_ZN5daisy5scene16CCameraSceneNode6renderEv
_ZTVN5daisy5scene16CCameraSceneNodeE,7,0x00113794,_ZNK2ox5scene10ISceneNode7getNameEv
_ZTVN5daisy5scene16CCameraSceneNodeE,8,0x001137a0,_ZN2ox5scene10ISceneNode7setNameEPKw
_ZTVN5daisy5scene16CCameraSceneNodeE,9,0x000fc6f8,_ZNK5daisy5scene16CCameraSceneNode14getBoundingBoxEv
_ZTVN5daisy5scene16CCameraSceneNodeE,10,0x001137c0,_ZNK2ox5scene10ISceneNode25getRelativeTransformationEv
_ZTVN5daisy5scene16CCameraSceneNodeE,11,0x00113b04,_ZN2ox5scene10ISceneNode9isVisibleEv
_ZTVN5daisy5scene16CCameraSceneNodeE,12,0x00113b16,_ZN2ox5scene10ISceneNode10setVisibleEb
_ZTVN5daisy5scene16CCameraSceneNodeE,13,0x00113b28,_ZN2ox5scene10ISceneNode5getIDEv
_ZTVN5daisy5scene16CCameraSceneNodeE,14,0x00113b36,_ZN2ox5scene10ISceneNode5setIDEi
_ZTVN5daisy5scene16CCameraSceneNodeE,15,0x00113b48,_ZN2ox5scene10ISceneNode8addChildEPS1_
_ZTVN5daisy5scene16CCameraSceneNodeE,16,0x00113b8e,_ZN2ox5scene10ISceneNode11removeChildEPS1_
_ZTVN5daisy5scene16CCameraSceneNodeE,17,0x00113672,_ZN2ox5scene10ISceneNode9removeAllEv
_ZTVN5daisy5scene16CCameraSceneNodeE,18,0x00113bde,_ZN2ox5scene10ISceneNode6removeEv
_ZTVN5daisy5scene16CCameraSceneNodeE,19,0x00113c00,_ZN2ox5scene10ISceneNode11addAnimatorEPNS0_18ISceneNodeAnimatorE
_ZTVN5daisy5scene16CCameraSceneNodeE,20,0x00113c3c,_ZN2ox5scene10ISceneNode14removeAnimatorEPNS0_18ISceneNodeAnimatorE
_ZTVN5daisy5scene16CCameraSceneNodeE,21,0x00113c84,_ZN2ox5scene10ISceneNode15removeAnimatorsEv
_ZTVN5daisy5scene16CCameraSceneNodeE,22,0x00113cf0,_ZN2ox5scene10ISceneNode11getMaterialEi
_ZTVN5daisy5scene16CCameraSceneNodeE,23,0x00113cf8,_ZN2ox5scene10ISceneNode16getMaterialCountEv
_ZTVN5daisy5scene16CCameraSceneNodeE,24,0x00113d00,_ZNK2ox5scene10ISceneNode8getScaleEv
_ZTVN5daisy5scene16CCameraSceneNodeE,25,0x00113d2a,_ZN2ox5scene10ISceneNode8setScaleERKNS_4core9CVector3dIfEE
_ZTVN5daisy5scene16CCameraSceneNodeE,26,0x00113d52,_ZNK2ox5scene10ISceneNode11getRotationEv
_ZTVN5daisy5scene16CCameraSceneNodeE,27,0x00113d7c,_ZN2ox5scene10ISceneNode11setRotationERKNS_4core9CVector3dIfEE
_ZTVN5daisy5scene16CCameraSceneNodeE,28,0x00113da4,_ZNK2ox5scene10ISceneNode11getPositionEv
_ZTVN5daisy5scene16CCameraSceneNodeE,29,0x00113dce,_ZN2ox5scene10ISceneNode11setPositionERKNS_4core9CVector3dIfEE
_ZTVN5daisy5scene16CCameraSceneNodeE,30,0x00113df6,_ZNK2ox5scene10ISceneNode19getAbsolutePositionEv
_ZTVN5daisy5scene16CCameraSceneNodeE,31,0x00113e9e,_ZN2ox5scene10ISceneNode9setParentEPS1_
_ZTVN5daisy5scene16CCameraSceneNodeE,32,0x00113ee6,_ZNK2ox5scene10ISceneNode19getTriangleSelectorEv
_ZTVN5daisy5scene16CCameraSceneNodeE,33,0x00113ef4,_ZN2ox5scene10ISceneNode19setTriangleSelectorEPNS0_17ITriangleSelectorE
_ZTVN5daisy5scene16CCameraSceneNodeE,34,0x00113f2c,_ZN2ox5scene10ISceneNode22updateAbsolutePositionEv
_ZTVN5daisy5scene16CCameraSceneNodeE,35,0x000fbfaa,_ZN5daisy5scene16CCameraSceneNode19setProjectionMatrixERKN2ox4core8CMatrix4E
_ZTVN5daisy5scene16CCameraSceneNodeE,36,0x000fbfcc,_ZN5daisy5scene16CCameraSceneNode19getProjectionMatrixEv
_ZTVN5daisy5scene16CCameraSceneNodeE,37,0x000fbfda,_ZN5daisy5scene16CCameraSceneNode13getViewMatrixEv
_ZTVN5daisy5scene16CCameraSceneNodeE,38,0x000fbfe8,_ZN5daisy5scene16CCameraSceneNode7OnEventERKN2ox5event6SEventE
_ZTVN5daisy5scene16CCameraSceneNodeE,39,0x000fbff6,_ZN5daisy5scene16CCameraSceneNode9setTargetERKN2ox4core9CVector3dIfEE
_ZTVN5daisy5scene16CCameraSceneNodeE,40,0x000fc028,_ZNK5daisy5scene16CCameraSceneNode9getTargetEv
_ZTVN5daisy5scene16CCameraSceneNodeE,41,0x000fc05c,_ZN5daisy5scene16CCameraSceneNode11setUpVectorERKN2ox4core9CVector3dIfEE
_ZTVN5daisy5scene16CCameraSceneNodeE,42,0x000fc08e,_ZNK5daisy5scene16CCameraSceneNode11getUpVectorEv
_ZTVN5daisy5scene16CCameraSceneNodeE,43,0x000fc0c2,_ZN5daisy5scene16CCameraSceneNode12getNearValueEv
_ZTVN5daisy5scene16CCameraSceneNodeE,44,0x000fc0d0,_ZN5daisy5scene16CCameraSceneNode11getFarValueEv
_ZTVN5daisy5scene16CCameraSceneNodeE,45,0x000fc0de,_ZN5daisy5scene16CCameraSceneNode14getAspectRatioEv
_ZTVN5daisy5scene16CCameraSceneNodeE,46,0x000fc0ec,_ZN5daisy5scene16CCameraSceneNode6getFOVEv
_ZTVN5daisy5scene16CCameraSceneNodeE,47,0x000fc0fa,_ZN5daisy5scene16CCameraSceneNode12setNearValueEf
_ZTVN5daisy5scene16CCameraSceneNodeE,48,0x000fc114,_ZN5daisy5scene16CCameraSceneNode11setFarValueEf
_ZTVN5daisy5scene16CCameraSceneNodeE,49,0x000fc12e,_ZN5daisy5scene16CCameraSceneNode14setAspectRatioEf
_ZTVN5daisy5scene16CCameraSceneNodeE,50,0x000fc148,_ZN5daisy5scene16CCameraSceneNode6setFOVEf
_ZTVN5daisy5scene16CCameraSceneNodeE,51,0x000fc706,_ZN5daisy5scene16CCameraSceneNode15getViewFrustrumEv
_ZTVN5daisy5scene16CCameraSceneNodeE,52,0x000fbf86,_ZN5daisy5scene16CCameraSceneNode23setInputReceiverEnabledEb
_ZTVN5daisy5scene16CCameraSceneNodeE,53,0x000fbf98,_ZN5daisy5scene16CCameraSceneNode22isInputReceiverEnabledEv
_ZTVN5daisy5scene16CCameraSceneNodeE,54,0x000fc69c,_ZN5daisy5scene16CCameraSceneNode12OnPostRenderEv
_ZTVN5daisy5scene16CCameraSceneNodeE,55,0xffffff60,
_ZTVN5daisy5scene16CCameraSceneNodeE,56,0x00267430,_ZTIN5daisy5scene16CCameraSceneNodeE
_ZTVN5daisy5scene16CCameraSceneNodeE,57,0x000fbfef,_ZThn160_N5daisy5scene16CCameraSceneNode7OnEventERKN2ox5event6SEventE
_ZTVN5daisy5scene16CCameraSceneNodeE,58,0x000fbf6b,_ZThn160_N5daisy5scene16CCameraSceneNodeD1Ev
_ZTVN5daisy5scene16CCameraSceneNodeE,59,0x000fbf47,_ZThn160_N5daisy5scene16CCameraSceneNodeD0Ev
_ZTVN5daisy5scene24CDefaultMeshFormatLoaderE,0,0x00000000,
_ZTVN5daisy5scene24CDefaultMeshFormatLoaderE,1,0x00267458,_ZTIN5daisy5scene24CDefaultMeshFormatLoaderE
_ZTVN5daisy5scene24CDefaultMeshFormatLoaderE,2,0x000fc87c,_ZN5daisy5scene24CDefaultMeshFormatLoaderD1Ev
_ZTVN5daisy5scene24CDefaultMeshFormatLoaderE,3,0x000fc84c,_ZN5daisy5scene24CDefaultMeshFormatLoaderD0Ev
_ZTVN5daisy5scene24CDefaultMeshFormatLoaderE,4,0x000fc8e2,_ZN5daisy5scene24CDefaultMeshFormatLoader24isALoadableFileExtensionEPKc
_ZTVN5daisy5scene24CDefaultMeshFormatLoaderE,5,0x000fc95c,_ZN5daisy5scene24CDefaultMeshFormatLoader10createMeshEPN2ox2io9IReadFileE
_ZTVN5daisy5scene29CDummyTransformationSceneNodeE,0,0x00000000,
_ZTVN5daisy5scene29CDummyTransformationSceneNodeE,1,0x00267500,_ZTIN5daisy5scene29CDummyTransformationSceneNodeE
_ZTVN5daisy5scene29CDummyTransformationSceneNodeE,2,0x000fcda6,_ZN5daisy5scene29CDummyTransformationSceneNodeD1Ev
_ZTVN5daisy5scene29CDummyTransformationSceneNodeE,3,0x000fcd76,_ZN5daisy5scene29CDummyTransformationSceneNodeD0Ev
_ZTVN5daisy5scene29CDummyTransformationSceneNodeE,4,0x001136dc,_ZN2ox5scene10ISceneNode11OnPreRenderEv
_ZTVN5daisy5scene29CDummyTransformationSceneNodeE,5,0x0011371e,_ZN2ox5scene10ISceneNode12OnPostRenderEj
_ZTVN5daisy5scene29CDummyTransformationSceneNodeE,6,0x000fce4a,_ZN5daisy5scene29CDummyTransformationSceneNode6renderEv
_ZTVN5daisy5scene29CDummyTransformationSceneNodeE,7,0x00113794,_ZNK2ox5scene10ISceneNode7getNameEv
_ZTVN5daisy5scene29CDummyTransformationSceneNodeE,8,0x001137a0,_ZN2ox5scene10ISceneNode7setNameEPKw
_ZTVN5daisy5scene29CDummyTransformationSceneNodeE,9,0x000fcdba,_ZNK5daisy5scene29CDummyTransformationSceneNode14getBoundingBoxEv
_ZTVN5daisy5scene29CDummyTransformationSceneNodeE,10,0x000fcdd6,_ZNK5daisy5scene29CDummyTransformationSceneNode25getRelativeTransformationEv
_ZTVN5daisy5scene29CDummyTransformationSceneNodeE,11,0x00113b04,_ZN2ox5scene10ISceneNode9isVisibleEv
_ZTVN5daisy5scene29CDummyTransformationSceneNodeE,12,0x00113b16,_ZN2ox5scene10ISceneNode10setVisibleEb
_ZTVN5daisy5scene29CDummyTransformationSceneNodeE,13,0x00113b28,_ZN2ox5scene10ISceneNode5getIDEv
_ZTVN5daisy5scene29CDummyTransformationSceneNodeE,14,0x00113b36,_ZN2ox5scene10ISceneNode5setIDEi
_ZTVN5daisy5scene29CDummyTransformationSceneNodeE,15,0x00113b48,_ZN2ox5scene10ISceneNode8addChildEPS1_
_ZTVN5daisy5scene29CDummyTransformationSceneNodeE,16,0x00113b8e,_ZN2ox5scene10ISceneNode11removeChildEPS1_
_ZTVN5daisy5scene29CDummyTransformationSceneNodeE,17,0x00113672,_ZN2ox5scene10ISceneNode9removeAllEv
_ZTVN5daisy5scene29CDummyTransformationSceneNodeE,18,0x00113bde,_ZN2ox5scene10ISceneNode6removeEv
_ZTVN5daisy5scene29CDummyTransformationSceneNodeE,19,0x00113c00,_ZN2ox5scene10ISceneNode11addAnimatorEPNS0_18ISceneNodeAnimatorE
_ZTVN5daisy5scene29CDummyTransformationSceneNodeE,20,0x00113c3c,_ZN2ox5scene10ISceneNode14removeAnimatorEPNS0_18ISceneNodeAnimatorE
_ZTVN5daisy5scene29CDummyTransformationSceneNodeE,21,0x00113c84,_ZN2ox5scene10ISceneNode15removeAnimatorsEv
_ZTVN5daisy5scene29CDummyTransformationSceneNodeE,22,0x00113cf0,_ZN2ox5scene10ISceneNode11getMaterialEi
_ZTVN5daisy5scene29CDummyTransformationSceneNodeE,23,0x00113cf8,_ZN2ox5scene10ISceneNode16getMaterialCountEv
_ZTVN5daisy5scene29CDummyTransformationSceneNodeE,24,0x00113d00,_ZNK2ox5scene10ISceneNode8getScaleEv
_ZTVN5daisy5scene29CDummyTransformationSceneNodeE,25,0x00113d2a,_ZN2ox5scene10ISceneNode8setScaleERKNS_4core9CVector3dIfEE
_ZTVN5daisy5scene29CDummyTransformationSceneNodeE,26,0x00113d52,_ZNK2ox5scene10ISceneNode11getRotationEv
_ZTVN5daisy5scene29CDummyTransformationSceneNodeE,27,0x00113d7c,_ZN2ox5scene10ISceneNode11setRotationERKNS_4core9CVector3dIfEE
_ZTVN5daisy5scene29CDummyTransformationSceneNodeE,28,0x00113da4,_ZNK2ox5scene10ISceneNode11getPositionEv
_ZTVN5daisy5scene29CDummyTransformationSceneNodeE,29,0x00113dce,_ZN2ox5scene10ISceneNode11setPositionERKNS_4core9CVector3dIfEE
_ZTVN5daisy5scene29CDummyTransformationSceneNodeE,30,0x00113df6,_ZNK2ox5scene10ISceneNode19getAbsolutePositionEv
_ZTVN5daisy5scene29CDummyTransformationSceneNodeE,31,0x00113e9e,_ZN2ox5scene10ISceneNode9setParentEPS1_
_ZTVN5daisy5scene29CDummyTransformationSceneNodeE,32,0x00113ee6,_ZNK2ox5scene10ISceneNode19getTriangleSelectorEv
_ZTVN5daisy5scene29CDummyTransformationSceneNodeE,33,0x00113ef4,_ZN2ox5scene10ISceneNode19setTriangleSelectorEPNS0_17ITriangleSelectorE
_ZTVN5daisy5scene29CDummyTransformationSceneNodeE,34,0x00113f2c,_ZN2ox5scene10ISceneNode22updateAbsolutePositionEv
_ZTVN5daisy5scene29CDummyTransformationSceneNodeE,35,0x000fcdc8,_ZN5daisy5scene29CDummyTransformationSceneNode31getRelativeTransformationMatrixEv
_ZTVN5daisy5scene15CEmptySceneNodeE,0,0x00000000,
_ZTVN5daisy5scene15CEmptySceneNodeE,1,0x002675a0,_ZTIN5daisy5scene15CEmptySceneNodeE
_ZTVN5daisy5scene15CEmptySceneNodeE,2,0x000fcffc,_ZN5daisy5scene15CEmptySceneNodeD1Ev
_ZTVN5daisy5scene15CEmptySceneNodeE,3,0x000fd006,_ZN5daisy5scene15CEmptySceneNodeD0Ev
_ZTVN5daisy5scene15CEmptySceneNodeE,4,0x000fcfae,_ZN5daisy5scene15CEmptySceneNode11OnPreRenderEv
_ZTVN5daisy5scene15CEmptySceneNodeE,5,0x0011371e,_ZN2ox5scene10ISceneNode12OnPostRenderEj
_ZTVN5daisy5scene15CEmptySceneNodeE,6,0x000fcfe8,_ZN5daisy5scene15CEmptySceneNode6renderEv
_ZTVN5daisy5scene15CEmptySceneNodeE,7,0x00113794,_ZNK2ox5scene10ISceneNode7getNameEv
_ZTVN5daisy5scene15CEmptySceneNodeE,8,0x001137a0,_ZN2ox5scene10ISceneNode7setNameEPKw
_ZTVN5daisy5scene15CEmptySceneNodeE,9,0x000fcfee,_ZNK5daisy5scene15CEmptySceneNode14getBoundingBoxEv
_ZTVN5daisy5scene15CEmptySceneNodeE,10,0x001137c0,_ZNK2ox5scene10ISceneNode25getRelativeTransformationEv
_ZTVN5daisy5scene15CEmptySceneNodeE,11,0x00113b04,_ZN2ox5scene10ISceneNode9isVisibleEv
_ZTVN5daisy5scene15CEmptySceneNodeE,12,0x00113b16,_ZN2ox5scene10ISceneNode10setVisibleEb
_ZTVN5daisy5scene15CEmptySceneNodeE,13,0x00113b28,_ZN2ox5scene10ISceneNode5getIDEv
_ZTVN5daisy5scene15CEmptySceneNodeE,14,0x00113b36,_ZN2ox5scene10ISceneNode5setIDEi
_ZTVN5daisy5scene15CEmptySceneNodeE,15,0x00113b48,_ZN2ox5scene10ISceneNode8addChildEPS1_
_ZTVN5daisy5scene15CEmptySceneNodeE,16,0x00113b8e,_ZN2ox5scene10ISceneNode11removeChildEPS1_
_ZTVN5daisy5scene15CEmptySceneNodeE,17,0x00113672,_ZN2ox5scene10ISceneNode9removeAllEv
_ZTVN5daisy5scene15CEmptySceneNodeE,18,0x00113bde,_ZN2ox5scene10ISceneNode6removeEv
_ZTVN5daisy5scene15CEmptySceneNodeE,19,0x00113c00,_ZN2ox5scene10ISceneNode11addAnimatorEPNS0_18ISceneNodeAnimatorE
_ZTVN5daisy5scene15CEmptySceneNodeE,20,0x00113c3c,_ZN2ox5scene10ISceneNode14removeAnimatorEPNS0_18ISceneNodeAnimatorE
_ZTVN5daisy5scene15CEmptySceneNodeE,21,0x00113c84,_ZN2ox5scene10ISceneNode15removeAnimatorsEv
_ZTVN5daisy5scene15CEmptySceneNodeE,22,0x00113cf0,_ZN2ox5scene10ISceneNode11getMaterialEi
_ZTVN5daisy5scene15CEmptySceneNodeE,23,0x00113cf8,_ZN2ox5scene10ISceneNode16getMaterialCountEv
_ZTVN5daisy5scene15CEmptySceneNodeE,24,0x00113d00,_ZNK2ox5scene10ISceneNode8getScaleEv
_ZTVN5daisy5scene15CEmptySceneNodeE,25,0x00113d2a,_ZN2ox5scene10ISceneNode8setScaleERKNS_4core9CVector3dIfEE
_ZTVN5daisy5scene15CEmptySceneNodeE,26,0x00113d52,_ZNK2ox5scene10ISceneNode11getRotationEv
_ZTVN5daisy5scene15CEmptySceneNodeE,27,0x00113d7c,_ZN2ox5scene10ISceneNode11setRotationERKNS_4core9CVector3dIfEE
_ZTVN5daisy5scene15CEmptySceneNodeE,28,0x00113da4,_ZNK2ox5scene10ISceneNode11getPositionEv
_ZTVN5daisy5scene15CEmptySceneNodeE,29,0x00113dce,_ZN2ox5scene10ISceneNode11setPositionERKNS_4core9CVector3dIfEE
_ZTVN5daisy5scene15CEmptySceneNodeE,30,0x00113df6,_ZNK2ox5scene10ISceneNode19getAbsolutePositionEv
_ZTVN5daisy5scene15CEmptySceneNodeE,31,0x00113e9e,_ZN2ox5scene10ISceneNode9setParentEPS1_
_ZTVN5daisy5scene15CEmptySceneNodeE,32,0x00113ee6,_ZNK2ox5scene10ISceneNode19getTriangleSelectorEv
_ZTVN5daisy5scene15CEmptySceneNodeE,33,0x00113ef4,_ZN2ox5scene10ISceneNode19setTriangleSelectorEPNS0_17ITriangleSelectorE
_ZTVN5daisy5scene15CEmptySceneNodeE,34,0x00113f2c,_ZN2ox5scene10ISceneNode22updateAbsolutePositionEv
_ZTVN5daisy5scene15CEmptySceneNodeE,35,0x00000000,
_ZTVN5daisy5scene15CLightSceneNodeE,0,0x00000000,
_ZTVN5daisy5scene15CLightSceneNodeE,1,0x00267640,_ZTIN5daisy5scene15CLightSceneNodeE
_ZTVN5daisy5scene15CLightSceneNodeE,2,0x000fe3b8,_ZN5daisy5scene15CLightSceneNodeD1Ev
_ZTVN5daisy5scene15CLightSceneNodeE,3,0x000fe388,_ZN5daisy5scene15CLightSceneNodeD0Ev
_ZTVN5daisy5scene15CLightSceneNodeE,4,0x000fe3cc,_ZN5daisy5scene15CLightSceneNode11OnPreRenderEv
_ZTVN5daisy5scene15CLightSceneNodeE,5,0x0011371e,_ZN2ox5scene10ISceneNode12OnPostRenderEj
_ZTVN5daisy5scene15CLightSceneNodeE,6,0x000fe406,_ZN5daisy5scene15CLightSceneNode6renderEv
_ZTVN5daisy5scene15CLightSceneNodeE,7,0x00113794,_ZNK2ox5scene10ISceneNode7getNameEv
_ZTVN5daisy5scene15CLightSceneNodeE,8,0x001137a0,_ZN2ox5scene10ISceneNode7setNameEPKw
_ZTVN5daisy5scene15CLightSceneNodeE,9,0x000fe488,_ZNK5daisy5scene15CLightSceneNode14getBoundingBoxEv
_ZTVN5daisy5scene15CLightSceneNodeE,10,0x001137c0,_ZNK2ox5scene10ISceneNode25getRelativeTransformationEv
_ZTVN5daisy5scene15CLightSceneNodeE,11,0x00113b04,_ZN2ox5scene10ISceneNode9isVisibleEv
_ZTVN5daisy5scene15CLightSceneNodeE,12,0x00113b16,_ZN2ox5scene10ISceneNode10setVisibleEb
_ZTVN5daisy5scene15CLightSceneNodeE,13,0x00113b28,_ZN2ox5scene10ISceneNode5getIDEv
_ZTVN5daisy5scene15CLightSceneNodeE,14,0x00113b36,_ZN2ox5scene10ISceneNode5setIDEi
_ZTVN5daisy5scene15CLightSceneNodeE,15,0x00113b48,_ZN2ox5scene10ISceneNode8addChildEPS1_
_ZTVN5daisy5scene15CLightSceneNodeE,16,0x00113b8e,_ZN2ox5scene10ISceneNode11removeChildEPS1_
_ZTVN5daisy5scene15CLightSceneNodeE,17,0x00113672,_ZN2ox5scene10ISceneNode9removeAllEv
_ZTVN5daisy5scene15CLightSceneNodeE,18,0x00113bde,_ZN2ox5scene10ISceneNode6removeEv
_ZTVN5daisy5scene15CLightSceneNodeE,19,0x00113c00,_ZN2ox5scene10ISceneNode11addAnimatorEPNS0_18ISceneNodeAnimatorE
_ZTVN5daisy5scene15CLightSceneNodeE,20,0x00113c3c,_ZN2ox5scene10ISceneNode14removeAnimatorEPNS0_18ISceneNodeAnimatorE
_ZTVN5daisy5scene15CLightSceneNodeE,21,0x00113c84,_ZN2ox5scene10ISceneNode15removeAnimatorsEv
_ZTVN5daisy5scene15CLightSceneNodeE,22,0x00113cf0,_ZN2ox5scene10ISceneNode11getMaterialEi
_ZTVN5daisy5scene15CLightSceneNodeE,23,0x00113cf8,_ZN2ox5scene10ISceneNode16getMaterialCountEv
_ZTVN5daisy5scene15CLightSceneNodeE,24,0x00113d00,_ZNK2ox5scene10ISceneNode8getScaleEv
_ZTVN5daisy5scene15CLightSceneNodeE,25,0x00113d2a,_ZN2ox5scene10ISceneNode8setScaleERKNS_4core9CVector3dIfEE
_ZTVN5daisy5scene15CLightSceneNodeE,26,0x00113d52,_ZNK2ox5scene10ISceneNode11getRotationEv
_ZTVN5daisy5scene15CLightSceneNodeE,27,0x00113d7c,_ZN2ox5scene10ISceneNode11setRotationERKNS_4core9CVector3dIfEE
_ZTVN5daisy5scene15CLightSceneNodeE,28,0x00113da4,_ZNK2ox5scene10ISceneNode11getPositionEv
_ZTVN5daisy5scene15CLightSceneNodeE,29,0x00113dce,_ZN2ox5scene10ISceneNode11setPositionERKNS_4core9CVector3dIfEE
_ZTVN5daisy5scene15CLightSceneNodeE,30,0x00113df6,_ZNK2ox5scene10ISceneNode19getAbsolutePositionEv
_ZTVN5daisy5scene15CLightSceneNodeE,31,0x00113e9e,_ZN2ox5scene10ISceneNode9setParentEPS1_
_ZTVN5daisy5scene15CLightSceneNodeE,32,0x00113ee6,_ZNK2ox5scene10ISceneNode19getTriangleSelectorEv
_ZTVN5daisy5scene15CLightSceneNodeE,33,0x00113ef4,_ZN2ox5scene10ISceneNode19setTriangleSelectorEPNS0_17ITriangleSelectorE
_ZTVN5daisy5scene15CLightSceneNodeE,34,0x00113f2c,_ZN2ox5scene10ISceneNode22updateAbsolutePositionEv
_ZTVN5daisy5scene15CLightSceneNodeE,35,0x000fe47a,_ZN5daisy5scene15CLightSceneNode12getLightDataEv
_ZTVN5daisy5scene16CMeshManipulatorE,0,0x00000000,
_ZTVN5daisy5scene16CMeshManipulatorE,1,0x00267688,_ZTIN5daisy5scene16CMeshManipulatorE
_ZTVN5daisy5scene16CMeshManipulatorE,2,0x000fe562,_ZN5daisy5scene16CMeshManipulatorD1Ev
_ZTVN5daisy5scene16CMeshManipulatorE,3,0x000fe558,_ZN5daisy5scene16CMeshManipulatorD0Ev
_ZTVN5daisy5scene16CMeshManipulatorE,4,0x000fe56e,_ZNK5daisy5scene16CMeshManipulator12flipSurfacesEPN2ox5scene5IMeshE
_ZTVN5daisy5scene16CMeshManipulatorE,5,0x000fe5e4,_ZNK5daisy5scene16CMeshManipulator19setVertexColorAlphaEPN2ox5scene5IMeshEi
_ZTVN5daisy5scene16CMeshManipulatorE,6,0x000fe6de,_ZNK5daisy5scene16CMeshManipulator18recalculateNormalsEPN2ox5scene5IMeshE
_ZTVN5daisy5scene16CMeshManipulatorE,7,0x000fe94e,_ZNK5daisy5scene16CMeshManipulator9scaleMeshEPN2ox5scene5IMeshERKNS2_4core9CVector3dIfEE
_ZTVN5daisy5scene16CMeshManipulatorE,8,0x000fef76,_ZNK5daisy5scene16CMeshManipulator14createMeshCopyEPN2ox5scene5IMeshE
_ZTVN5daisy5scene16CMeshManipulatorE,9,0x000ff2e0,_ZNK5daisy5scene16CMeshManipulator24makePlanarTextureMappingEPN2ox5scene5IMeshEf
_ZTVN5daisy5scene16CMeshManipulatorE,10,0x000fed6a,_ZNK5daisy5scene16CMeshManipulator22recalculateBoundingBoxEPN2ox5scene11IMeshBufferE
_ZTVN5daisy5scene16CMeshManipulatorE,11,0x000ff690,_ZNK5daisy5scene16CMeshManipulator12getPolyCountEPN2ox5scene5IMeshE
_ZTVN5daisy5scene16CMeshManipulatorE,12,0x000ff6f0,_ZNK5daisy5scene16CMeshManipulator12getPolyCountEPN2ox5scene13IAnimatedMeshE
_ZTVN5daisy5scene16CMeshManipulatorE,13,0x00000000,
_ZTVN5daisy5scene14CMeshSceneNodeE,0,0x00000000,
_ZTVN5daisy5scene14CMeshSceneNodeE,1,0x00267730,_ZTIN5daisy5scene14CMeshSceneNodeE
_ZTVN5daisy5scene14CMeshSceneNodeE,2,0x0010098a,_ZN5daisy5scene14CMeshSceneNodeD1Ev
_ZTVN5daisy5scene14CMeshSceneNodeE,3,0x0010095a,_ZN5daisy5scene14CMeshSceneNodeD0Ev
_ZTVN5daisy5scene14CMeshSceneNodeE,4,0x00100a12,_ZN5daisy5scene14CMeshSceneNode11OnPreRenderEv
_ZTVN5daisy5scene14CMeshSceneNodeE,5,0x0011371e,_ZN2ox5scene10ISceneNode12OnPostRenderEj
_ZTVN5daisy5scene14CMeshSceneNodeE,6,0x00100a48,_ZN5daisy5scene14CMeshSceneNode6renderEv
_ZTVN5daisy5scene14CMeshSceneNodeE,7,0x00113794,_ZNK2ox5scene10ISceneNode7getNameEv
_ZTVN5daisy5scene14CMeshSceneNodeE,8,0x001137a0,_ZN2ox5scene10ISceneNode7setNameEPKw
_ZTVN5daisy5scene14CMeshSceneNodeE,9,0x00100c54,_ZNK5daisy5scene14CMeshSceneNode14getBoundingBoxEv
_ZTVN5daisy5scene14CMeshSceneNodeE,10,0x001137c0,_ZNK2ox5scene10ISceneNode25getRelativeTransformationEv
_ZTVN5daisy5scene14CMeshSceneNodeE,11,0x00113b04,_ZN2ox5scene10ISceneNode9isVisibleEv
_ZTVN5daisy5scene14CMeshSceneNodeE,12,0x00113b16,_ZN2ox5scene10ISceneNode10setVisibleEb
_ZTVN5daisy5scene14CMeshSceneNodeE,13,0x00113b28,_ZN2ox5scene10ISceneNode5getIDEv
_ZTVN5daisy5scene14CMeshSceneNodeE,14,0x00113b36,_ZN2ox5scene10ISceneNode5setIDEi
_ZTVN5daisy5scene14CMeshSceneNodeE,15,0x00113b48,_ZN2ox5scene10ISceneNode8addChildEPS1_
_ZTVN5daisy5scene14CMeshSceneNodeE,16,0x00113b8e,_ZN2ox5scene10ISceneNode11removeChildEPS1_
_ZTVN5daisy5scene14CMeshSceneNodeE,17,0x00113672,_ZN2ox5scene10ISceneNode9removeAllEv
_ZTVN5daisy5scene14CMeshSceneNodeE,18,0x00113bde,_ZN2ox5scene10ISceneNode6removeEv
_ZTVN5daisy5scene14CMeshSceneNodeE,19,0x00113c00,_ZN2ox5scene10ISceneNode11addAnimatorEPNS0_18ISceneNodeAnimatorE
_ZTVN5daisy5scene14CMeshSceneNodeE,20,0x00113c3c,_ZN2ox5scene10ISceneNode14removeAnimatorEPNS0_18ISceneNodeAnimatorE
_ZTVN5daisy5scene14CMeshSceneNodeE,21,0x00113c84,_ZN2ox5scene10ISceneNode15removeAnimatorsEv
_ZTVN5daisy5scene14CMeshSceneNodeE,22,0x00100c7c,_ZN5daisy5scene14CMeshSceneNode11getMaterialEi
_ZTVN5daisy5scene14CMeshSceneNodeE,23,0x00100cbc,_ZN5daisy5scene14CMeshSceneNode16getMaterialCountEv
_ZTVN5daisy5scene14CMeshSceneNodeE,24,0x00113d00,_ZNK2ox5scene10ISceneNode8getScaleEv
_ZTVN5daisy5scene14CMeshSceneNodeE,25,0x00113d2a,_ZN2ox5scene10ISceneNode8setScaleERKNS_4core9CVector3dIfEE
_ZTVN5daisy5scene14CMeshSceneNodeE,26,0x00113d52,_ZNK2ox5scene10ISceneNode11getRotationEv
_ZTVN5daisy5scene14CMeshSceneNodeE,27,0x00113d7c,_ZN2ox5scene10ISceneNode11setRotationERKNS_4core9CVector3dIfEE
_ZTVN5daisy5scene14CMeshSceneNodeE,28,0x00113da4,_ZNK2ox5scene10ISceneNode11getPositionEv
_ZTVN5daisy5scene14CMeshSceneNodeE,29,0x00113dce,_ZN2ox5scene10ISceneNode11setPositionERKNS_4core9CVector3dIfEE
_ZTVN5daisy5scene14CMeshSceneNodeE,30,0x00113df6,_ZNK2ox5scene10ISceneNode19getAbsolutePositionEv
_ZTVN5daisy5scene14CMeshSceneNodeE,31,0x00113e9e,_ZN2ox5scene10ISceneNode9setParentEPS1_
_ZTVN5daisy5scene14CMeshSceneNodeE,32,0x00113ee6,_ZNK2ox5scene10ISceneNode19getTriangleSelectorEv
_ZTVN5daisy5scene14CMeshSceneNodeE,33,0x00113ef4,_ZN2ox5scene10ISceneNode19setTriangleSelectorEPNS0_17ITriangleSelectorE
_ZTVN5daisy5scene14CMeshSceneNodeE,34,0x00113f2c,_ZN2ox5scene10ISceneNode22updateAbsolutePositionEv
_ZTVN5daisy5scene14CMeshSceneNodeE,35,0x00000000,
_ZTVN5daisy5scene21CMetaTriangleSelectorE,0,0x00000000,
_ZTVN5daisy5scene21CMetaTriangleSelectorE,1,0x00267770,_ZTIN5daisy5scene21CMetaTriangleSelectorE
_ZTVN5daisy5scene21CMetaTriangleSelectorE,2,0x001011d4,_ZN5daisy5scene21CMetaTriangleSelectorD1Ev
_ZTVN5daisy5scene21CMetaTriangleSelectorE,3,0x001011a4,_ZN5daisy5scene21CMetaTriangleSelectorD0Ev
_ZTVN5daisy5scene21CMetaTriangleSelectorE,4,0x0010122e,_ZNK5daisy5scene21CMetaTriangleSelector16getTriangleCountEv
_ZTVN5daisy5scene21CMetaTriangleSelectorE,5,0x00101276,_ZN5daisy5scene21CMetaTriangleSelector12getTrianglesEPN2ox4core11CTriangle3dIfEEiRiPKNS3_8CMatrix4E
_ZTVN5daisy5scene21CMetaTriangleSelectorE,6,0x001012ea,_ZN5daisy5scene21CMetaTriangleSelector12getTrianglesEPN2ox4core11CTriangle3dIfEEiRiRKNS3_9CAabbox3dIfEEPKNS3_8CMatrix4E
_ZTVN5daisy5scene21CMetaTriangleSelectorE,7,0x00101364,_ZN5daisy5scene21CMetaTriangleSelector12getTrianglesEPN2ox4core11CTriangle3dIfEEiRiRKNS3_7CLine3dIfEEPKNS3_8CMatrix4E
_ZTVN5daisy5scene21CMetaTriangleSelectorE,8,0x001013de,_ZN5daisy5scene21CMetaTriangleSelector19addTriangleSelectorEPN2ox5scene17ITriangleSelectorE
_ZTVN5daisy5scene21CMetaTriangleSelectorE,9,0x0010140e,_ZN5daisy5scene21CMetaTriangleSelector22removeTriangleSelectorEPN2ox5scene17ITriangleSelectorE
_ZTVN5daisy5scene21CMetaTriangleSelectorE,10,0x00101492,_ZN5daisy5scene21CMetaTriangleSelector26removeAllTriangleSelectorsEv
_ZTVN5daisy5scene21CMetaTriangleSelectorE,11,0x00000000,
_ZTVN5daisy5scene17COctTreeSceneNodeE,0,0x00000000,
_ZTVN5daisy5scene17COctTreeSceneNodeE,1,0x00267810,_ZTIN5daisy5scene17COctTreeSceneNodeE
_ZTVN5daisy5scene17COctTreeSceneNodeE,2,0x00101860,_ZN5daisy5scene17COctTreeSceneNodeD1Ev
_ZTVN5daisy5scene17COctTreeSceneNodeE,3,0x00101830,_ZN5daisy5scene17COctTreeSceneNodeD0Ev
_ZTVN5daisy5scene17COctTreeSceneNodeE,4,0x0010194a,_ZN5daisy5scene17COctTreeSceneNode11OnPreRenderEv
_ZTVN5daisy5scene17COctTreeSceneNodeE,5,0x0011371e,_ZN2ox5scene10ISceneNode12OnPostRenderEj
_ZTVN5daisy5scene17COctTreeSceneNodeE,6,0x00101980,_ZN5daisy5scene17COctTreeSceneNode6renderEv
_ZTVN5daisy5scene17COctTreeSceneNodeE,7,0x00113794,_ZNK2ox5scene10ISceneNode7getNameEv
_ZTVN5daisy5scene17COctTreeSceneNodeE,8,0x001137a0,_ZN2ox5scene10ISceneNode7setNameEPKw
_ZTVN5daisy5scene17COctTreeSceneNodeE,9,0x0010260a,_ZNK5daisy5scene17COctTreeSceneNode14getBoundingBoxEv
_ZTVN5daisy5scene17COctTreeSceneNodeE,10,0x001137c0,_ZNK2ox5scene10ISceneNode25getRelativeTransformationEv
_ZTVN5daisy5scene17COctTreeSceneNodeE,11,0x00113b04,_ZN2ox5scene10ISceneNode9isVisibleEv
_ZTVN5daisy5scene17COctTreeSceneNodeE,12,0x00113b16,_ZN2ox5scene10ISceneNode10setVisibleEb
_ZTVN5daisy5scene17COctTreeSceneNodeE,13,0x00113b28,_ZN2ox5scene10ISceneNode5getIDEv
_ZTVN5daisy5scene17COctTreeSceneNodeE,14,0x00113b36,_ZN2ox5scene10ISceneNode5setIDEi
_ZTVN5daisy5scene17COctTreeSceneNodeE,15,0x00113b48,_ZN2ox5scene10ISceneNode8addChildEPS1_
_ZTVN5daisy5scene17COctTreeSceneNodeE,16,0x00113b8e,_ZN2ox5scene10ISceneNode11removeChildEPS1_
_ZTVN5daisy5scene17COctTreeSceneNodeE,17,0x00113672,_ZN2ox5scene10ISceneNode9removeAllEv
_ZTVN5daisy5scene17COctTreeSceneNodeE,18,0x00113bde,_ZN2ox5scene10ISceneNode6removeEv
_ZTVN5daisy5scene17COctTreeSceneNodeE,19,0x00113c00,_ZN2ox5scene10ISceneNode11addAnimatorEPNS0_18ISceneNodeAnimatorE
_ZTVN5daisy5scene17COctTreeSceneNodeE,20,0x00113c3c,_ZN2ox5scene10ISceneNode14removeAnimatorEPNS0_18ISceneNodeAnimatorE
_ZTVN5daisy5scene17COctTreeSceneNodeE,21,0x00113c84,_ZN2ox5scene10ISceneNode15removeAnimatorsEv
_ZTVN5daisy5scene17COctTreeSceneNodeE,22,0x00102bd6,_ZN5daisy5scene17COctTreeSceneNode11getMaterialEi
_ZTVN5daisy5scene17COctTreeSceneNodeE,23,0x00102c16,_ZN5daisy5scene17COctTreeSceneNode16getMaterialCountEv
_ZTVN5daisy5scene17COctTreeSceneNodeE,24,0x00113d00,_ZNK2ox5scene10ISceneNode8getScaleEv
_ZTVN5daisy5scene17COctTreeSceneNodeE,25,0x00113d2a,_ZN2ox5scene10ISceneNode8setScaleERKNS_4core9CVector3dIfEE
_ZTVN5daisy5scene17COctTreeSceneNodeE,26,0x00113d52,_ZNK2ox5scene10ISceneNode11getRotationEv
_ZTVN5daisy5scene17COctTreeSceneNodeE,27,0x00113d7c,_ZN2ox5scene10ISceneNode11setRotationERKNS_4core9CVector3dIfEE
_ZTVN5daisy5scene17COctTreeSceneNodeE,28,0x00113da4,_ZNK2ox5scene10ISceneNode11getPositionEv
_ZTVN5daisy5scene17COctTreeSceneNodeE,29,0x00113dce,_ZN2ox5scene10ISceneNode11setPositionERKNS_4core9CVector3dIfEE
_ZTVN5daisy5scene17COctTreeSceneNodeE,30,0x00113df6,_ZNK2ox5scene10ISceneNode19getAbsolutePositionEv
_ZTVN5daisy5scene17COctTreeSceneNodeE,31,0x00113e9e,_ZN2ox5scene10ISceneNode9setParentEPS1_
_ZTVN5daisy5scene17COctTreeSceneNodeE,32,0x00113ee6,_ZNK2ox5scene10ISceneNode19getTriangleSelectorEv
_ZTVN5daisy5scene17COctTreeSceneNodeE,33,0x00113ef4,_ZN2ox5scene10ISceneNode19setTriangleSelectorEPNS0_17ITriangleSelectorE
_ZTVN5daisy5scene17COctTreeSceneNodeE,34,0x00113f2c,_ZN2ox5scene10ISceneNode22updateAbsolutePositionEv
_ZTVN5daisy5scene17COctTreeSceneNodeE,35,0x00000000,
_ZTVN5daisy5scene24COctTreeTriangleSelectorE,0,0x00000000,
_ZTVN5daisy5scene24COctTreeTriangleSelectorE,1,0x00267840,_ZTIN5daisy5scene24COctTreeTriangleSelectorE
_ZTVN5daisy5scene24COctTreeTriangleSelectorE,2,0x00107b84,_ZN5daisy5scene24COctTreeTriangleSelectorD1Ev
_ZTVN5daisy5scene24COctTreeTriangleSelectorE,3,0x00107b54,_ZN5daisy5scene24COctTreeTriangleSelectorD0Ev
_ZTVN5daisy5scene24COctTreeTriangleSelectorE,4,0x00120fee,_ZNK5daisy5scene17CTriangleSelector16getTriangleCountEv
_ZTVN5daisy5scene24COctTreeTriangleSelectorE,5,0x00120bcc,_ZN5daisy5scene17CTriangleSelector12getTrianglesEPN2ox4core11CTriangle3dIfEEiRiPKNS3_8CMatrix4E
_ZTVN5daisy5scene24COctTreeTriangleSelectorE,6,0x00107bea,_ZN5daisy5scene24COctTreeTriangleSelector12getTrianglesEPN2ox4core11CTriangle3dIfEEiRiRKNS3_9CAabbox3dIfEEPKNS3_8CMatrix4E
_ZTVN5daisy5scene24COctTreeTriangleSelectorE,7,0x00108320,_ZN5daisy5scene24COctTreeTriangleSelector12getTrianglesEPN2ox4core11CTriangle3dIfEEiRiRKNS3_7CLine3dIfEEPKNS3_8CMatrix4E
_ZTVN5daisy5scene19CParticleBoxEmitterE,0,0x00000000,
_ZTVN5daisy5scene19CParticleBoxEmitterE,1,0x00267868,_ZTIN5daisy5scene19CParticleBoxEmitterE
_ZTVN5daisy5scene19CParticleBoxEmitterE,2,0x00108f82,_ZN5daisy5scene19CParticleBoxEmitterD1Ev
_ZTVN5daisy5scene19CParticleBoxEmitterE,3,0x00108fae,_ZN5daisy5scene19CParticleBoxEmitterD0Ev
_ZTVN5daisy5scene19CParticleBoxEmitterE,4,0x00108a1a,_ZN5daisy5scene19CParticleBoxEmitter5emittEjjRPN2ox5scene9SParticleE
_ZTVN5daisy5scene19CParticleBoxEmitterE,5,0x00000000,
_ZTVN5daisy5scene24CParticleFadeOutAffectorE,0,0x00000000,
_ZTVN5daisy5scene24CParticleFadeOutAffectorE,1,0x00267898,_ZTIN5daisy5scene24CParticleFadeOutAffectorE
_ZTVN5daisy5scene24CParticleFadeOutAffectorE,2,0x001091f6,_ZN5daisy5scene24CParticleFadeOutAffectorD1Ev
_ZTVN5daisy5scene24CParticleFadeOutAffectorE,3,0x001091fc,_ZN5daisy5scene24CParticleFadeOutAffectorD0Ev
_ZTVN5daisy5scene24CParticleFadeOutAffectorE,4,0x001090d2,_ZN5daisy5scene24CParticleFadeOutAffector6affectEjPN2ox5scene9SParticleEj
_ZTVN5daisy5scene24CParticleFadeOutAffectorE,5,0x00000000,
_ZTVN5daisy5scene24CParticleGravityAffectorE,0,0x00000000,
_ZTVN5daisy5scene24CParticleGravityAffectorE,1,0x002678c8,_ZTIN5daisy5scene24CParticleGravityAffectorE
_ZTVN5daisy5scene24CParticleGravityAffectorE,2,0x001093e4,_ZN5daisy5scene24CParticleGravityAffectorD1Ev
_ZTVN5daisy5scene24CParticleGravityAffectorE,3,0x001093ea,_ZN5daisy5scene24CParticleGravityAffectorD0Ev
_ZTVN5daisy5scene24CParticleGravityAffectorE,4,0x00109324,_ZN5daisy5scene24CParticleGravityAffector6affectEjPN2ox5scene9SParticleEj
_ZTVN5daisy5scene24CParticleGravityAffectorE,5,0x00000000,
_ZTVN5daisy5scene21CParticlePointEmitterE,0,0x00000000,
_ZTVN5daisy5scene21CParticlePointEmitterE,1,0x002678f8,_ZTIN5daisy5scene21CParticlePointEmitterE
_ZTVN5daisy5scene21CParticlePointEmitterE,2,0x00109918,_ZN5daisy5scene21CParticlePointEmitterD1Ev
_ZTVN5daisy5scene21CParticlePointEmitterE,3,0x0010991e,_ZN5daisy5scene21CParticlePointEmitterD0Ev
_ZTVN5daisy5scene21CParticlePointEmitterE,4,0x001095ba,_ZN5daisy5scene21CParticlePointEmitter5emittEjjRPN2ox5scene9SParticleE
_ZTVN5daisy5scene21CParticlePointEmitterE,5,0x00000000,
_ZTVN5daisy5scene24CParticleSystemSceneNodeE,0,0x00000000,
_ZTVN5daisy5scene24CParticleSystemSceneNodeE,1,0x002679c0,_ZTIN5daisy5scene24CParticleSystemSceneNodeE
_ZTVN5daisy5scene24CParticleSystemSceneNodeE,2,0x00109cd0,_ZN5daisy5scene24CParticleSystemSceneNodeD1Ev
_ZTVN5daisy5scene24CParticleSystemSceneNodeE,3,0x00109ca0,_ZN5daisy5scene24CParticleSystemSceneNodeD0Ev
_ZTVN5daisy5scene24CParticleSystemSceneNodeE,4,0x0010a110,_ZN5daisy5scene24CParticleSystemSceneNode11OnPreRenderEv
_ZTVN5daisy5scene24CParticleSystemSceneNodeE,5,0x0011371e,_ZN2ox5scene10ISceneNode12OnPostRenderEj
_ZTVN5daisy5scene24CParticleSystemSceneNodeE,6,0x0010a4a0,_ZN5daisy5scene24CParticleSystemSceneNode6renderEv
_ZTVN5daisy5scene24CParticleSystemSceneNodeE,7,0x00113794,_ZNK2ox5scene10ISceneNode7getNameEv
_ZTVN5daisy5scene24CParticleSystemSceneNodeE,8,0x001137a0,_ZN2ox5scene10ISceneNode7setNameEPKw
_ZTVN5daisy5scene24CParticleSystemSceneNodeE,9,0x0010acf4,_ZNK5daisy5scene24CParticleSystemSceneNode14getBoundingBoxEv
_ZTVN5daisy5scene24CParticleSystemSceneNodeE,10,0x001137c0,_ZNK2ox5scene10ISceneNode25getRelativeTransformationEv
_ZTVN5daisy5scene24CParticleSystemSceneNodeE,11,0x00113b04,_ZN2ox5scene10ISceneNode9isVisibleEv
_ZTVN5daisy5scene24CParticleSystemSceneNodeE,12,0x00113b16,_ZN2ox5scene10ISceneNode10setVisibleEb
_ZTVN5daisy5scene24CParticleSystemSceneNodeE,13,0x00113b28,_ZN2ox5scene10ISceneNode5getIDEv
_ZTVN5daisy5scene24CParticleSystemSceneNodeE,14,0x00113b36,_ZN2ox5scene10ISceneNode5setIDEi
_ZTVN5daisy5scene24CParticleSystemSceneNodeE,15,0x00113b48,_ZN2ox5scene10ISceneNode8addChildEPS1_
_ZTVN5daisy5scene24CParticleSystemSceneNodeE,16,0x00113b8e,_ZN2ox5scene10ISceneNode11removeChildEPS1_
_ZTVN5daisy5scene24CParticleSystemSceneNodeE,17,0x00113672,_ZN2ox5scene10ISceneNode9removeAllEv
_ZTVN5daisy5scene24CParticleSystemSceneNodeE,18,0x00113bde,_ZN2ox5scene10ISceneNode6removeEv
_ZTVN5daisy5scene24CParticleSystemSceneNodeE,19,0x00113c00,_ZN2ox5scene10ISceneNode11addAnimatorEPNS0_18ISceneNodeAnimatorE
_ZTVN5daisy5scene24CParticleSystemSceneNodeE,20,0x00113c3c,_ZN2ox5scene10ISceneNode14removeAnimatorEPNS0_18ISceneNodeAnimatorE
_ZTVN5daisy5scene24CParticleSystemSceneNodeE,21,0x00113c84,_ZN2ox5scene10ISceneNode15removeAnimatorsEv
_ZTVN5daisy5scene24CParticleSystemSceneNodeE,22,0x00109ec2,_ZN5daisy5scene24CParticleSystemSceneNode11getMaterialEi
_ZTVN5daisy5scene24CParticleSystemSceneNodeE,23,0x00109ed0,_ZN5daisy5scene24CParticleSystemSceneNode16getMaterialCountEv
_ZTVN5daisy5scene24CParticleSystemSceneNodeE,24,0x00113d00,_ZNK2ox5scene10ISceneNode8getScaleEv
_ZTVN5daisy5scene24CParticleSystemSceneNodeE,25,0x00113d2a,_ZN2ox5scene10ISceneNode8setScaleERKNS_4core9CVector3dIfEE
_ZTVN5daisy5scene24CParticleSystemSceneNodeE,26,0x00113d52,_ZNK2ox5scene10ISceneNode11getRotationEv
_ZTVN5daisy5scene24CParticleSystemSceneNodeE,27,0x00113d7c,_ZN2ox5scene10ISceneNode11setRotationERKNS_4core9CVector3dIfEE
_ZTVN5daisy5scene24CParticleSystemSceneNodeE,28,0x00113da4,_ZNK2ox5scene10ISceneNode11getPositionEv
_ZTVN5daisy5scene24CParticleSystemSceneNodeE,29,0x00113dce,_ZN2ox5scene10ISceneNode11setPositionERKNS_4core9CVector3dIfEE
_ZTVN5daisy5scene24CParticleSystemSceneNodeE,30,0x00113df6,_ZNK2ox5scene10ISceneNode19getAbsolutePositionEv
_ZTVN5daisy5scene24CParticleSystemSceneNodeE,31,0x00113e9e,_ZN2ox5scene10ISceneNode9setParentEPS1_
_ZTVN5daisy5scene24CParticleSystemSceneNodeE,32,0x00113ee6,_ZNK2ox5scene10ISceneNode19getTriangleSelectorEv
_ZTVN5daisy5scene24CParticleSystemSceneNodeE,33,0x00113ef4,_ZN2ox5scene10ISceneNode19setTriangleSelectorEPNS0_17ITriangleSelectorE
_ZTVN5daisy5scene24CParticleSystemSceneNodeE,34,0x00113f2c,_ZN2ox5scene10ISceneNode22updateAbsolutePositionEv
_ZTVN5daisy5scene24CParticleSystemSceneNodeE,35,0x0010ad02,_ZN5daisy5scene24CParticleSystemSceneNode15setParticleSizeERKN2ox4core12CDimension2dIfEE
_ZTVN5daisy5scene24CParticleSystemSceneNodeE,36,0x00109df4,_ZN5daisy5scene24CParticleSystemSceneNode10setEmitterEPN2ox5scene16IParticleEmitterE
_ZTVN5daisy5scene24CParticleSystemSceneNodeE,37,0x00109e3a,_ZN5daisy5scene24CParticleSystemSceneNode11addAffectorEPN2ox5scene17IParticleAffectorE
_ZTVN5daisy5scene24CParticleSystemSceneNodeE,38,0x00109e70,_ZN5daisy5scene24CParticleSystemSceneNode18removeAllAffectorsEv
_ZTVN5daisy5scene24CParticleSystemSceneNodeE,39,0x00109eda,_ZN5daisy5scene24CParticleSystemSceneNode18createPointEmitterEN2ox4core9CVector3dIfEEjjNS2_5video6SColorES7_jji
_ZTVN5daisy5scene24CParticleSystemSceneNodeE,40,0x00109f78,_ZN5daisy5scene24CParticleSystemSceneNode16createBoxEmitterEN2ox4core9CAabbox3dIfEENS3_9CVector3dIfEEjjNS2_5video6SColorES9_jji
_ZTVN5daisy5scene24CParticleSystemSceneNodeE,41,0x0010a05a,_ZN5daisy5scene24CParticleSystemSceneNode29createFadeOutParticleAffectorEN2ox5video6SColorEj
_ZTVN5daisy5scene24CParticleSystemSceneNodeE,42,0x0010a0a8,_ZN5daisy5scene24CParticleSystemSceneNode21createGravityAffectorEN2ox4core9CVector3dIfEEj
_ZTVN5daisy5scene24CParticleSystemSceneNodeE,43,0x00000000,
_ZTVN5daisy5scene12CQ3LevelMeshE,0,0x00000000,
_ZTVN5daisy5scene12CQ3LevelMeshE,1,0x002679f0,_ZTIN5daisy5scene12CQ3LevelMeshE
_ZTVN5daisy5scene12CQ3LevelMeshE,2,0x0010b76c,_ZN5daisy5scene12CQ3LevelMeshD1Ev
_ZTVN5daisy5scene12CQ3LevelMeshE,3,0x0010b73c,_ZN5daisy5scene12CQ3LevelMeshD0Ev
_ZTVN5daisy5scene12CQ3LevelMeshE,4,0x0010c800,_ZN5daisy5scene12CQ3LevelMesh13getFrameCountEv
_ZTVN5daisy5scene12CQ3LevelMeshE,5,0x0010c80a,_ZN5daisy5scene12CQ3LevelMesh7getMeshEiiii
_ZTVN5daisy5scene12CQ3LevelMeshE,6,0x0010d698,_ZNK5daisy5scene12CQ3LevelMesh14getBoundingBoxEv
_ZTVN5daisy5scene12CQ3LevelMeshE,7,0x0010d6b8,_ZNK5daisy5scene12CQ3LevelMesh11getMeshTypeEv
_ZTVN5daisy5scene22CSceneCollisionManagerE,0,0x00000000,
_ZTVN5daisy5scene22CSceneCollisionManagerE,1,0x00267a30,_ZTIN5daisy5scene22CSceneCollisionManagerE
_ZTVN5daisy5scene22CSceneCollisionManagerE,2,0x0010d968,_ZN5daisy5scene22CSceneCollisionManagerD1Ev
_ZTVN5daisy5scene22CSceneCollisionManagerE,3,0x0010d938,_ZN5daisy5scene22CSceneCollisionManagerD0Ev
_ZTVN5daisy5scene22CSceneCollisionManagerE,4,0x0010dfb0,_ZN5daisy5scene22CSceneCollisionManager17getCollisionPointERKN2ox4core7CLine3dIfEEPNS2_5scene17ITriangleSelectorERNS3_9CVector3dIfEERNS3_11CTriangle3dIfEE
_ZTVN5daisy5scene22CSceneCollisionManagerE,5,0x0010e21e,_ZN5daisy5scene22CSceneCollisionManager26getCollisionResultPositionEPN2ox5scene17ITriangleSelectorERKNS2_4core9CVector3dIfEESA_SA_RNS6_11CTriangle3dIfEERbfSA_
_ZTVN5daisy5scene22CSceneCollisionManagerE,6,0x0010fc64,_ZN5daisy5scene22CSceneCollisionManager27getRayFromScreenCoordinatesEN2ox4core11CPosition2dIiEEPNS2_5scene16ICameraSceneNodeE
_ZTVN5daisy5scene22CSceneCollisionManagerE,7,0x0010feb0,_ZN5daisy5scene22CSceneCollisionManager34getScreenCoordinatesFrom3DPositionEN2ox4core9CVector3dIfEEPNS2_5scene16ICameraSceneNodeE
_ZTVN5daisy5scene22CSceneCollisionManagerE,8,0x0010d9d6,_ZN5daisy5scene22CSceneCollisionManager35getSceneNodeFromScreenCoordinatesBBEN2ox4core11CPosition2dIiEEi
_ZTVN5daisy5scene22CSceneCollisionManagerE,9,0x0010dc1e,_ZN5daisy5scene22CSceneCollisionManager21getSceneNodeFromRayBBEN2ox4core7CLine3dIfEEi
_ZTVN5daisy5scene22CSceneCollisionManagerE,10,0x0010dea4,_ZN5daisy5scene22CSceneCollisionManager24getSceneNodeFromCameraBBEPN2ox5scene16ICameraSceneNodeEi
_ZTVN5daisy5scene22CSceneCollisionManagerE,11,0x00000000,
_ZTVN5daisy5scene13CSceneManagerE,0,0x00000000,
_ZTVN5daisy5scene13CSceneManagerE,1,0x00267bb0,_ZTIN5daisy5scene13CSceneManagerE
_ZTVN5daisy5scene13CSceneManagerE,2,0x00110fde,_ZN5daisy5scene13CSceneManagerD1Ev
_ZTVN5daisy5scene13CSceneManagerE,3,0x00110fae,_ZN5daisy5scene13CSceneManagerD0Ev
_ZTVN5daisy5scene13CSceneManagerE,4,0x00111520,_ZN5daisy5scene13CSceneManager7getMeshEPKc
_ZTVN5daisy5scene13CSceneManagerE,5,0x001116ea,_ZN5daisy5scene13CSceneManager14getVideoDriverEv
_ZTVN5daisy5scene13CSceneManagerE,6,0x001117a0,_ZN5daisy5scene13CSceneManager16addTestSceneNodeEfPN2ox5scene10ISceneNodeEiRKNS2_4core9CVector3dIfEESA_SA_
_ZTVN5daisy5scene13CSceneManagerE,7,0x0011196a,_ZN5daisy5scene13CSceneManager24addAnimatedMeshSceneNodeEPN2ox5scene13IAnimatedMeshEPNS3_10ISceneNodeEiRKNS2_4core9CVector3dIfEESC_SC_
_ZTVN5daisy5scene13CSceneManagerE,8,0x0011182a,_ZN5daisy5scene13CSceneManager16addMeshSceneNodeEPN2ox5scene5IMeshEPNS3_10ISceneNodeEiRKNS2_4core9CVector3dIfEESC_SC_
_ZTVN5daisy5scene13CSceneManagerE,9,0x001118b8,_ZN5daisy5scene13CSceneManager24addWaterSurfaceSceneNodeEPN2ox5scene5IMeshEfffPNS3_10ISceneNodeEiRKNS2_4core9CVector3dIfEESC_SC_
_ZTVN5daisy5scene13CSceneManagerE,10,0x001119f8,_ZN5daisy5scene13CSceneManager19addBspTreeSceneNodeEPN2ox5scene5IMeshEPNS3_10ISceneNodeEi
_ZTVN5daisy5scene13CSceneManagerE,11,0x00111a7a,_ZN5daisy5scene13CSceneManager19addOctTreeSceneNodeEPN2ox5scene13IAnimatedMeshEPNS3_10ISceneNodeEii
_ZTVN5daisy5scene13CSceneManagerE,12,0x00111af0,_ZN5daisy5scene13CSceneManager19addOctTreeSceneNodeEPN2ox5scene5IMeshEPNS3_10ISceneNodeEii
_ZTVN5daisy5scene13CSceneManagerE,13,0x00111b7a,_ZN5daisy5scene13CSceneManager18addCameraSceneNodeEPN2ox5scene10ISceneNodeERKNS2_4core9CVector3dIfEESA_i
_ZTVN5daisy5scene13CSceneManagerE,14,0x00111bfe,_ZN5daisy5scene13CSceneManager22addCameraSceneNodeMayaEPN2ox5scene10ISceneNodeEfffi
_ZTVN5daisy5scene13CSceneManagerE,15,0x00111c94,_ZN5daisy5scene13CSceneManager21addCameraSceneNodeFPSEPN2ox5scene10ISceneNodeEffiPNS_7SKeyMapEi
_ZTVN5daisy5scene13CSceneManagerE,16,0x00111d38,_ZN5daisy5scene13CSceneManager17addLightSceneNodeEPN2ox5scene10ISceneNodeERKNS2_4core9CVector3dIfEENS2_5video7SColorfEfi
_ZTVN5daisy5scene13CSceneManagerE,17,0x00111dde,_ZN5daisy5scene13CSceneManager21addBillboardSceneNodeEPN2ox5scene10ISceneNodeERKNS2_4core12CDimension2dIfEERKNS6_9CVector3dIfEEi
_ZTVN5daisy5scene13CSceneManagerE,18,0x00111e56,_ZN5daisy5scene13CSceneManager18addSkyBoxSceneNodeEPN2ox5video8ITextureES5_S5_S5_S5_S5_PNS2_5scene10ISceneNodeEi
_ZTVN5daisy5scene13CSceneManagerE,19,0x00111eea,_ZN5daisy5scene13CSceneManager26addParticleSystemSceneNodeEbPN2ox5scene10ISceneNodeEiRKNS2_4core9CVector3dIfEESA_SA_
_ZTVN5daisy5scene13CSceneManagerE,20,0x00111f72,_ZN5daisy5scene13CSceneManager19addTerrainSceneNodeEPN2ox5scene10ISceneNodeEiPNS2_5video6IImageES8_PNS6_8ITextureERKNS2_4core12CDimension2dIfEEfRKNSC_IiEE
_ZTVN5daisy5scene13CSceneManagerE,21,0x00112068,_ZN5daisy5scene13CSceneManager17addEmptySceneNodeEPN2ox5scene10ISceneNodeEi
_ZTVN5daisy5scene13CSceneManagerE,22,0x001120d2,_ZN5daisy5scene13CSceneManager31addDummyTransformationSceneNodeEPN2ox5scene10ISceneNodeEi
_ZTVN5daisy5scene13CSceneManagerE,23,0x001116f8,_ZN5daisy5scene13CSceneManager16addTextSceneNodeEPN2ox3gui8IGUIFontEPKwNS2_5video6SColorEPNS2_5scene10ISceneNodeERKNS2_4core9CVector3dIfEEi
_ZTVN5daisy5scene13CSceneManagerE,24,0x0011213c,_ZN5daisy5scene13CSceneManager16addHillPlaneMeshEPKcRKN2ox4core12CDimension2dIfEERKNS6_IiEEPNS4_5video9SMaterialEfS9_S9_
_ZTVN5daisy5scene13CSceneManagerE,25,0x001121c4,_ZN5daisy5scene13CSceneManager14addTerrainMeshEPKcPN2ox5video6IImageES7_RKNS4_4core12CDimension2dIfEEfRKNS9_IiEE
_ZTVN5daisy5scene13CSceneManagerE,26,0x00112280,_ZN5daisy5scene13CSceneManager16getRootSceneNodeEv
_ZTVN5daisy5scene13CSceneManagerE,27,0x00112daa,_ZN5daisy5scene13CSceneManager18getSceneNodeFromIdEiPN2ox5scene10ISceneNodeE
_ZTVN5daisy5scene13CSceneManagerE,28,0x0011228c,_ZN5daisy5scene13CSceneManager15getActiveCameraEv
_ZTVN5daisy5scene13CSceneManagerE,29,0x0011229a,_ZN5daisy5scene13CSceneManager15setActiveCameraEPN2ox5scene16ICameraSceneNodeE
_ZTVN5daisy5scene13CSceneManagerE,30,0x0011294e,_ZN5daisy5scene13CSceneManager14setShadowColorEN2ox5video6SColorE
_ZTVN5daisy5scene13CSceneManagerE,31,0x00112960,_ZNK5daisy5scene13CSceneManager14getShadowColorEv
_ZTVN5daisy5scene13CSceneManagerE,32,0x00112530,_ZN5daisy5scene13CSceneManager24registerNodeForRenderingEPN2ox5scene10ISceneNodeENS3_24E_SCENE_NODE_RENDER_TIMEE
_ZTVN5daisy5scene13CSceneManagerE,33,0x001126e0,_ZN5daisy5scene13CSceneManager7drawAllEv
_ZTVN5daisy5scene13CSceneManagerE,34,0x0011296e,_ZN5daisy5scene13CSceneManager22createRotationAnimatorERKN2ox4core9CVector3dIfEE
_ZTVN5daisy5scene13CSceneManagerE,35,0x001129b8,_ZN5daisy5scene13CSceneManager23createFlyCircleAnimatorERKN2ox4core9CVector3dIfEEff
_ZTVN5daisy5scene13CSceneManagerE,36,0x00112a18,_ZN5daisy5scene13CSceneManager25createFlyStraightAnimatorERKN2ox4core9CVector3dIfEES7_jb
_ZTVN5daisy5scene13CSceneManagerE,37,0x00112a7c,_ZN5daisy5scene13CSceneManager21createTextureAnimatorERKN2ox6TArrayIPNS2_5video8ITextureEEEib
_ZTVN5daisy5scene13CSceneManagerE,38,0x00112ad8,_ZN5daisy5scene13CSceneManager20createDeleteAnimatorEj
_ZTVN5daisy5scene13CSceneManagerE,39,0x00112b26,_ZN5daisy5scene13CSceneManager31createCollisionResponseAnimatorEPN2ox5scene17ITriangleSelectorEPNS3_10ISceneNodeERKNS2_4core9CVector3dIfEESC_fSC_f
_ZTVN5daisy5scene13CSceneManagerE,40,0x00112ba0,_ZN5daisy5scene13CSceneManager26createFollowSplineAnimatorEiRKN2ox6TArrayINS2_4core9CVector3dIfEEEEff
_ZTVN5daisy5scene13CSceneManagerE,41,0x00112c4a,_ZN5daisy5scene13CSceneManager22createTriangleSelectorEPN2ox5scene5IMeshEPNS3_10ISceneNodeE
_ZTVN5daisy5scene13CSceneManagerE,42,0x00112c9e,_ZN5daisy5scene13CSceneManager37createTriangleSelectorFromBoundingBoxEPN2ox5scene10ISceneNodeE
_ZTVN5daisy5scene13CSceneManagerE,43,0x00112ce6,_ZN5daisy5scene13CSceneManager29createOctTreeTriangleSelectorEPN2ox5scene5IMeshEPNS3_10ISceneNodeEi
_ZTVN5daisy5scene13CSceneManagerE,44,0x00112d40,_ZN5daisy5scene13CSceneManager26createMetaTriangleSelectorEv
_ZTVN5daisy5scene13CSceneManagerE,45,0x00112bfe,_ZN5daisy5scene13CSceneManager21addExternalMeshLoaderEPN2ox5scene11IMeshLoaderE
_ZTVN5daisy5scene13CSceneManagerE,46,0x00112c2e,_ZN5daisy5scene13CSceneManager24getSceneCollisionManagerEv
_ZTVN5daisy5scene13CSceneManagerE,47,0x00112c3c,_ZN5daisy5scene13CSceneManager18getMeshManipulatorEv
_ZTVN5daisy5scene13CSceneManagerE,48,0x00112d7a,_ZN5daisy5scene13CSceneManager18addToDeletionQueueEPN2ox5scene10ISceneNodeE
_ZTVN5daisy5scene13CSceneManagerE,49,0x00112e08,_ZN5daisy5scene13CSceneManager17postEventFromUserEN2ox5event6SEventE
_ZTVN5daisy5scene13CSceneManagerE,50,0x00112e94,_ZN5daisy5scene13CSceneManager5clearEv
_ZTVN5daisy5scene13CSceneManagerE,51,0x00112ea6,_ZN5daisy5scene13CSceneManager15removeAllMeshesEv
_ZTVN5daisy5scene13CSceneManagerE,52,0x001122d6,_ZN5daisy5scene13CSceneManager6renderEv
_ZTVN5daisy5scene13CSceneManagerE,53,0x001122e0,_ZNK5daisy5scene13CSceneManager14getBoundingBoxEv
_ZTVN5daisy5scene13CSceneManagerE,54,0x00112e3c,_ZN5daisy5scene13CSceneManager9removeAllEv
_ZTVN5daisy5scene13CSceneManagerE,55,0xfffffff4,
_ZTVN5daisy5scene13CSceneManagerE,56,0x00267bb0,_ZTIN5daisy5scene13CSceneManagerE
_ZTVN5daisy5scene13CSceneManagerE,57,0x001112bb,_ZThn12_N5daisy5scene13CSceneManagerD1Ev
_ZTVN5daisy5scene13CSceneManagerE,58,0x00110fe7,_ZThn12_N5daisy5scene13CSceneManagerD0Ev
_ZTVN5daisy5scene13CSceneManagerE,59,0x001136dc,_ZN2ox5scene10ISceneNode11OnPreRenderEv
_ZTVN5daisy5scene13CSceneManagerE,60,0x0011371e,_ZN2ox5scene10ISceneNode12OnPostRenderEj
_ZTVN5daisy5scene13CSceneManagerE,61,0x001122db,_ZThn12_N5daisy5scene13CSceneManager6renderEv
_ZTVN5daisy5scene13CSceneManagerE,62,0x00113794,_ZNK2ox5scene10ISceneNode7getNameEv
_ZTVN5daisy5scene13CSceneManagerE,63,0x001137a0,_ZN2ox5scene10ISceneNode7setNameEPKw
_ZTVN5daisy5scene13CSceneManagerE,64,0x001122e7,_ZThn12_NK5daisy5scene13CSceneManager14getBoundingBoxEv
_ZTVN5daisy5scene13CSceneManagerE,65,0x001137c0,_ZNK2ox5scene10ISceneNode25getRelativeTransformationEv
_ZTVN5daisy5scene13CSceneManagerE,66,0x00113b04,_ZN2ox5scene10ISceneNode9isVisibleEv
_ZTVN5daisy5scene13CSceneManagerE,67,0x00113b16,_ZN2ox5scene10ISceneNode10setVisibleEb
_ZTVN5daisy5scene13CSceneManagerE,68,0x00113b28,_ZN2ox5scene10ISceneNode5getIDEv
_ZTVN5daisy5scene13CSceneManagerE,69,0x00113b36,_ZN2ox5scene10ISceneNode5setIDEi
_ZTVN5daisy5scene13CSceneManagerE,70,0x00113b48,_ZN2ox5scene10ISceneNode8addChildEPS1_
_ZTVN5daisy5scene13CSceneManagerE,71,0x00113b8e,_ZN2ox5scene10ISceneNode11removeChildEPS1_
_ZTVN5daisy5scene13CSceneManagerE,72,0x00112e67,_ZThn12_N5daisy5scene13CSceneManager9removeAllEv
_ZTVN5daisy5scene13CSceneManagerE,73,0x00113bde,_ZN2ox5scene10ISceneNode6removeEv
_ZTVN5daisy5scene13CSceneManagerE,74,0x00113c00,_ZN2ox5scene10ISceneNode11addAnimatorEPNS0_18ISceneNodeAnimatorE
_ZTVN5daisy5scene13CSceneManagerE,75,0x00113c3c,_ZN2ox5scene10ISceneNode14removeAnimatorEPNS0_18ISceneNodeAnimatorE
_ZTVN5daisy5scene13CSceneManagerE,76,0x00113c84,_ZN2ox5scene10ISceneNode15removeAnimatorsEv
_ZTVN5daisy5scene13CSceneManagerE,77,0x00113cf0,_ZN2ox5scene10ISceneNode11getMaterialEi
_ZTVN5daisy5scene13CSceneManagerE,78,0x00113cf8,_ZN2ox5scene10ISceneNode16getMaterialCountEv
_ZTVN5daisy5scene13CSceneManagerE,79,0x00113d00,_ZNK2ox5scene10ISceneNode8getScaleEv
_ZTVN5daisy5scene13CSceneManagerE,80,0x00113d2a,_ZN2ox5scene10ISceneNode8setScaleERKNS_4core9CVector3dIfEE
_ZTVN5daisy5scene13CSceneManagerE,81,0x00113d52,_ZNK2ox5scene10ISceneNode11getRotationEv
_ZTVN5daisy5scene13CSceneManagerE,82,0x00113d7c,_ZN2ox5scene10ISceneNode11setRotationERKNS_4core9CVector3dIfEE
_ZTVN5daisy5scene13CSceneManagerE,83,0x00113da4,_ZNK2ox5scene10ISceneNode11getPositionEv
_ZTVN5daisy5scene13CSceneManagerE,84,0x00113dce,_ZN2ox5scene10ISceneNode11setPositionERKNS_4core9CVector3dIfEE
_ZTVN5daisy5scene13CSceneManagerE,85,0x00113df6,_ZNK2ox5scene10ISceneNode19getAbsolutePositionEv
_ZTVN5daisy5scene13CSceneManagerE,86,0x00113e9e,_ZN2ox5scene10ISceneNode9setParentEPS1_
_ZTVN5daisy5scene13CSceneManagerE,87,0x00113ee6,_ZNK2ox5scene10ISceneNode19getTriangleSelectorEv
_ZTVN5daisy5scene13CSceneManagerE,88,0x00113ef4,_ZN2ox5scene10ISceneNode19setTriangleSelectorEPNS0_17ITriangleSelectorE
_ZTVN5daisy5scene13CSceneManagerE,89,0x00113f2c,_ZN2ox5scene10ISceneNode22updateAbsolutePositionEv
_ZTVN5daisy5scene13CSceneManagerE,90,0x00000000,
_ZTVN5daisy5scene13CSceneManagerE,91,0x00000000,
_ZTVN5daisy5scene35CSceneNodeAnimatorCollisionResponseE,0,0x00000000,
_ZTVN5daisy5scene35CSceneNodeAnimatorCollisionResponseE,1,0x00267c10,_ZTIN5daisy5scene35CSceneNodeAnimatorCollisionResponseE
_ZTVN5daisy5scene35CSceneNodeAnimatorCollisionResponseE,2,0x00116230,_ZN5daisy5scene35CSceneNodeAnimatorCollisionResponseD1Ev
_ZTVN5daisy5scene35CSceneNodeAnimatorCollisionResponseE,3,0x00116200,_ZN5daisy5scene35CSceneNodeAnimatorCollisionResponseD0Ev
_ZTVN5daisy5scene35CSceneNodeAnimatorCollisionResponseE,4,0x0011640a,_ZN5daisy5scene35CSceneNodeAnimatorCollisionResponse11animateNodeEPN2ox5scene10ISceneNodeEj
_ZTVN5daisy5scene35CSceneNodeAnimatorCollisionResponseE,5,0x0011627a,_ZN5daisy5scene35CSceneNodeAnimatorCollisionResponse9isFallingEv
_ZTVN5daisy5scene35CSceneNodeAnimatorCollisionResponseE,6,0x0011628a,_ZN5daisy5scene35CSceneNodeAnimatorCollisionResponse18setEllipsoidRadiusERKN2ox4core9CVector3dIfEE
_ZTVN5daisy5scene35CSceneNodeAnimatorCollisionResponseE,7,0x001162b2,_ZNK5daisy5scene35CSceneNodeAnimatorCollisionResponse18getEllipsoidRadiusEv
_ZTVN5daisy5scene35CSceneNodeAnimatorCollisionResponseE,8,0x001162dc,_ZN5daisy5scene35CSceneNodeAnimatorCollisionResponse10setGravityERKN2ox4core9CVector3dIfEE
_ZTVN5daisy5scene35CSceneNodeAnimatorCollisionResponseE,9,0x00116304,_ZNK5daisy5scene35CSceneNodeAnimatorCollisionResponse10getGravityEv
_ZTVN5daisy5scene35CSceneNodeAnimatorCollisionResponseE,10,0x0011632e,_ZN5daisy5scene35CSceneNodeAnimatorCollisionResponse23setEllipsoidTranslationEN2ox4core9CVector3dIfEE
_ZTVN5daisy5scene35CSceneNodeAnimatorCollisionResponseE,11,0x00116356,_ZNK5daisy5scene35CSceneNodeAnimatorCollisionResponse23getEllipsoidTranslationEv
_ZTVN5daisy5scene35CSceneNodeAnimatorCollisionResponseE,12,0x00116380,_ZNK5daisy5scene35CSceneNodeAnimatorCollisionResponse24getAccelerationPerSecondEv
_ZTVN5daisy5scene35CSceneNodeAnimatorCollisionResponseE,13,0x001163a8,_ZN5daisy5scene35CSceneNodeAnimatorCollisionResponse24setAccelerationPerSecondEf
_ZTVN5daisy5scene35CSceneNodeAnimatorCollisionResponseE,14,0x001163c8,_ZN5daisy5scene35CSceneNodeAnimatorCollisionResponse8setWorldEPN2ox5scene17ITriangleSelectorE
_ZTVN5daisy5scene35CSceneNodeAnimatorCollisionResponseE,15,0x001163fe,_ZNK5daisy5scene35CSceneNodeAnimatorCollisionResponse8getWorldEv
_ZTVN5daisy5scene24CSceneNodeAnimatorDeleteE,0,0x00000000,
_ZTVN5daisy5scene24CSceneNodeAnimatorDeleteE,1,0x00267c38,_ZTIN5daisy5scene24CSceneNodeAnimatorDeleteE
_ZTVN5daisy5scene24CSceneNodeAnimatorDeleteE,2,0x0011679a,_ZN5daisy5scene24CSceneNodeAnimatorDeleteD1Ev
_ZTVN5daisy5scene24CSceneNodeAnimatorDeleteE,3,0x00116790,_ZN5daisy5scene24CSceneNodeAnimatorDeleteD0Ev
_ZTVN5daisy5scene24CSceneNodeAnimatorDeleteE,4,0x001167a6,_ZN5daisy5scene24CSceneNodeAnimatorDelete11animateNodeEPN2ox5scene10ISceneNodeEj
_ZTVN5daisy5scene24CSceneNodeAnimatorDeleteE,5,0x00000000,
_ZTVN5daisy5scene27CSceneNodeAnimatorFlyCircleE,0,0x00000000,
_ZTVN5daisy5scene27CSceneNodeAnimatorFlyCircleE,1,0x00267c68,_ZTIN5daisy5scene27CSceneNodeAnimatorFlyCircleE
_ZTVN5daisy5scene27CSceneNodeAnimatorFlyCircleE,2,0x001168e6,_ZN5daisy5scene27CSceneNodeAnimatorFlyCircleD1Ev
_ZTVN5daisy5scene27CSceneNodeAnimatorFlyCircleE,3,0x001168dc,_ZN5daisy5scene27CSceneNodeAnimatorFlyCircleD0Ev
_ZTVN5daisy5scene27CSceneNodeAnimatorFlyCircleE,4,0x001168f2,_ZN5daisy5scene27CSceneNodeAnimatorFlyCircle11animateNodeEPN2ox5scene10ISceneNodeEj
_ZTVN5daisy5scene27CSceneNodeAnimatorFlyCircleE,5,0x00000000,
_ZTVN5daisy5scene29CSceneNodeAnimatorFlyStraightE,0,0x00000000,
_ZTVN5daisy5scene29CSceneNodeAnimatorFlyStraightE,1,0x00267c98,_ZTIN5daisy5scene29CSceneNodeAnimatorFlyStraightE
_ZTVN5daisy5scene29CSceneNodeAnimatorFlyStraightE,2,0x00116b34,_ZN5daisy5scene29CSceneNodeAnimatorFlyStraightD1Ev
_ZTVN5daisy5scene29CSceneNodeAnimatorFlyStraightE,3,0x00116b2a,_ZN5daisy5scene29CSceneNodeAnimatorFlyStraightD0Ev
_ZTVN5daisy5scene29CSceneNodeAnimatorFlyStraightE,4,0x00116b40,_ZN5daisy5scene29CSceneNodeAnimatorFlyStraight11animateNodeEPN2ox5scene10ISceneNodeEj
_ZTVN5daisy5scene29CSceneNodeAnimatorFlyStraightE,5,0x00000000,
_ZTVN5daisy5scene30CSceneNodeAnimatorFollowSplineE,0,0x00000000,
_ZTVN5daisy5scene30CSceneNodeAnimatorFollowSplineE,1,0x00267cc8,_ZTIN5daisy5scene30CSceneNodeAnimatorFollowSplineE
_ZTVN5daisy5scene30CSceneNodeAnimatorFollowSplineE,2,0x00116d44,_ZN5daisy5scene30CSceneNodeAnimatorFollowSplineD1Ev
_ZTVN5daisy5scene30CSceneNodeAnimatorFollowSplineE,3,0x00116d14,_ZN5daisy5scene30CSceneNodeAnimatorFollowSplineD0Ev
_ZTVN5daisy5scene30CSceneNodeAnimatorFollowSplineE,4,0x00116d9c,_ZN5daisy5scene30CSceneNodeAnimatorFollowSpline11animateNodeEPN2ox5scene10ISceneNodeEj
_ZTVN5daisy5scene30CSceneNodeAnimatorFollowSplineE,5,0x00000000,
_ZTVN5daisy5scene26CSceneNodeAnimatorRotationE,0,0x00000000,
_ZTVN5daisy5scene26CSceneNodeAnimatorRotationE,1,0x00267cf8,_ZTIN5daisy5scene26CSceneNodeAnimatorRotationE
_ZTVN5daisy5scene26CSceneNodeAnimatorRotationE,2,0x0011726e,_ZN5daisy5scene26CSceneNodeAnimatorRotationD1Ev
_ZTVN5daisy5scene26CSceneNodeAnimatorRotationE,3,0x00117264,_ZN5daisy5scene26CSceneNodeAnimatorRotationD0Ev
_ZTVN5daisy5scene26CSceneNodeAnimatorRotationE,4,0x0011727a,_ZN5daisy5scene26CSceneNodeAnimatorRotation11animateNodeEPN2ox5scene10ISceneNodeEj
_ZTVN5daisy5scene26CSceneNodeAnimatorRotationE,5,0x00000000,
_ZTVN5daisy5scene25CSceneNodeAnimatorTextureE,0,0x00000000,
_ZTVN5daisy5scene25CSceneNodeAnimatorTextureE,1,0x00267d28,_ZTIN5daisy5scene25CSceneNodeAnimatorTextureE
_ZTVN5daisy5scene25CSceneNodeAnimatorTextureE,2,0x001174ae,_ZN5daisy5scene25CSceneNodeAnimatorTextureD1Ev
_ZTVN5daisy5scene25CSceneNodeAnimatorTextureE,3,0x0011747e,_ZN5daisy5scene25CSceneNodeAnimatorTextureD0Ev
_ZTVN5daisy5scene25CSceneNodeAnimatorTextureE,4,0x0011752e,_ZN5daisy5scene25CSceneNodeAnimatorTexture11animateNodeEPN2ox5scene10ISceneNodeEj
_ZTVN5daisy5scene25CSceneNodeAnimatorTextureE,5,0x00000000,
_ZTVN5daisy5scene22CShadowVolumeSceneNodeE,0,0x00000000,
_ZTVN5daisy5scene22CShadowVolumeSceneNodeE,1,0x00267dd0,_ZTIN5daisy5scene22CShadowVolumeSceneNodeE
_ZTVN5daisy5scene22CShadowVolumeSceneNodeE,2,0x001179a6,_ZN5daisy5scene22CShadowVolumeSceneNodeD1Ev
_ZTVN5daisy5scene22CShadowVolumeSceneNodeE,3,0x00117976,_ZN5daisy5scene22CShadowVolumeSceneNodeD0Ev
_ZTVN5daisy5scene22CShadowVolumeSceneNodeE,4,0x00118ece,_ZN5daisy5scene22CShadowVolumeSceneNode11OnPreRenderEv
_ZTVN5daisy5scene22CShadowVolumeSceneNodeE,5,0x0011371e,_ZN2ox5scene10ISceneNode12OnPostRenderEj
_ZTVN5daisy5scene22CShadowVolumeSceneNodeE,6,0x00118f00,_ZN5daisy5scene22CShadowVolumeSceneNode6renderEv
_ZTVN5daisy5scene22CShadowVolumeSceneNodeE,7,0x00113794,_ZNK2ox5scene10ISceneNode7getNameEv
_ZTVN5daisy5scene22CShadowVolumeSceneNodeE,8,0x001137a0,_ZN2ox5scene10ISceneNode7setNameEPKw
_ZTVN5daisy5scene22CShadowVolumeSceneNodeE,9,0x00118fb8,_ZNK5daisy5scene22CShadowVolumeSceneNode14getBoundingBoxEv
_ZTVN5daisy5scene22CShadowVolumeSceneNodeE,10,0x001137c0,_ZNK2ox5scene10ISceneNode25getRelativeTransformationEv
_ZTVN5daisy5scene22CShadowVolumeSceneNodeE,11,0x00113b04,_ZN2ox5scene10ISceneNode9isVisibleEv
_ZTVN5daisy5scene22CShadowVolumeSceneNodeE,12,0x00113b16,_ZN2ox5scene10ISceneNode10setVisibleEb
_ZTVN5daisy5scene22CShadowVolumeSceneNodeE,13,0x00113b28,_ZN2ox5scene10ISceneNode5getIDEv
_ZTVN5daisy5scene22CShadowVolumeSceneNodeE,14,0x00113b36,_ZN2ox5scene10ISceneNode5setIDEi
_ZTVN5daisy5scene22CShadowVolumeSceneNodeE,15,0x00113b48,_ZN2ox5scene10ISceneNode8addChildEPS1_
_ZTVN5daisy5scene22CShadowVolumeSceneNodeE,16,0x00113b8e,_ZN2ox5scene10ISceneNode11removeChildEPS1_
_ZTVN5daisy5scene22CShadowVolumeSceneNodeE,17,0x00113672,_ZN2ox5scene10ISceneNode9removeAllEv
_ZTVN5daisy5scene22CShadowVolumeSceneNodeE,18,0x00113bde,_ZN2ox5scene10ISceneNode6removeEv
_ZTVN5daisy5scene22CShadowVolumeSceneNodeE,19,0x00113c00,_ZN2ox5scene10ISceneNode11addAnimatorEPNS0_18ISceneNodeAnimatorE
_ZTVN5daisy5scene22CShadowVolumeSceneNodeE,20,0x00113c3c,_ZN2ox5scene10ISceneNode14removeAnimatorEPNS0_18ISceneNodeAnimatorE
_ZTVN5daisy5scene22CShadowVolumeSceneNodeE,21,0x00113c84,_ZN2ox5scene10ISceneNode15removeAnimatorsEv
_ZTVN5daisy5scene22CShadowVolumeSceneNodeE,22,0x00118fc6,_ZN5daisy5scene22CShadowVolumeSceneNode11getMaterialEi
_ZTVN5daisy5scene22CShadowVolumeSceneNodeE,23,0x00118fce,_ZN5daisy5scene22CShadowVolumeSceneNode16getMaterialCountEv
_ZTVN5daisy5scene22CShadowVolumeSceneNodeE,24,0x00113d00,_ZNK2ox5scene10ISceneNode8getScaleEv
_ZTVN5daisy5scene22CShadowVolumeSceneNodeE,25,0x00113d2a,_ZN2ox5scene10ISceneNode8setScaleERKNS_4core9CVector3dIfEE
_ZTVN5daisy5scene22CShadowVolumeSceneNodeE,26,0x00113d52,_ZNK2ox5scene10ISceneNode11getRotationEv
_ZTVN5daisy5scene22CShadowVolumeSceneNodeE,27,0x00113d7c,_ZN2ox5scene10ISceneNode11setRotationERKNS_4core9CVector3dIfEE
_ZTVN5daisy5scene22CShadowVolumeSceneNodeE,28,0x00113da4,_ZNK2ox5scene10ISceneNode11getPositionEv
_ZTVN5daisy5scene22CShadowVolumeSceneNodeE,29,0x00113dce,_ZN2ox5scene10ISceneNode11setPositionERKNS_4core9CVector3dIfEE
_ZTVN5daisy5scene22CShadowVolumeSceneNodeE,30,0x00113df6,_ZNK2ox5scene10ISceneNode19getAbsolutePositionEv
_ZTVN5daisy5scene22CShadowVolumeSceneNodeE,31,0x00113e9e,_ZN2ox5scene10ISceneNode9setParentEPS1_
_ZTVN5daisy5scene22CShadowVolumeSceneNodeE,32,0x00113ee6,_ZNK2ox5scene10ISceneNode19getTriangleSelectorEv
_ZTVN5daisy5scene22CShadowVolumeSceneNodeE,33,0x00113ef4,_ZN2ox5scene10ISceneNode19setTriangleSelectorEPNS0_17ITriangleSelectorE
_ZTVN5daisy5scene22CShadowVolumeSceneNodeE,34,0x00113f2c,_ZN2ox5scene10ISceneNode22updateAbsolutePositionEv
_ZTVN5daisy5scene22CShadowVolumeSceneNodeE,35,0x0011868c,_ZN5daisy5scene22CShadowVolumeSceneNode19setMeshToRenderFromEPN2ox5scene5IMeshE
_ZTVN5daisy5scene16CSkyBoxSceneNodeE,0,0x00000000,
_ZTVN5daisy5scene16CSkyBoxSceneNodeE,1,0x00267e70,_ZTIN5daisy5scene16CSkyBoxSceneNodeE
_ZTVN5daisy5scene16CSkyBoxSceneNodeE,2,0x0011a0a0,_ZN5daisy5scene16CSkyBoxSceneNodeD1Ev
_ZTVN5daisy5scene16CSkyBoxSceneNodeE,3,0x0011a070,_ZN5daisy5scene16CSkyBoxSceneNodeD0Ev
_ZTVN5daisy5scene16CSkyBoxSceneNodeE,4,0x0011a1de,_ZN5daisy5scene16CSkyBoxSceneNode11OnPreRenderEv
_ZTVN5daisy5scene16CSkyBoxSceneNodeE,5,0x0011371e,_ZN2ox5scene10ISceneNode12OnPostRenderEj
_ZTVN5daisy5scene16CSkyBoxSceneNodeE,6,0x0011a0b4,_ZN5daisy5scene16CSkyBoxSceneNode6renderEv
_ZTVN5daisy5scene16CSkyBoxSceneNodeE,7,0x00113794,_ZNK2ox5scene10ISceneNode7getNameEv
_ZTVN5daisy5scene16CSkyBoxSceneNodeE,8,0x001137a0,_ZN2ox5scene10ISceneNode7setNameEPKw
_ZTVN5daisy5scene16CSkyBoxSceneNodeE,9,0x0011a1d0,_ZNK5daisy5scene16CSkyBoxSceneNode14getBoundingBoxEv
_ZTVN5daisy5scene16CSkyBoxSceneNodeE,10,0x001137c0,_ZNK2ox5scene10ISceneNode25getRelativeTransformationEv
_ZTVN5daisy5scene16CSkyBoxSceneNodeE,11,0x00113b04,_ZN2ox5scene10ISceneNode9isVisibleEv
_ZTVN5daisy5scene16CSkyBoxSceneNodeE,12,0x00113b16,_ZN2ox5scene10ISceneNode10setVisibleEb
_ZTVN5daisy5scene16CSkyBoxSceneNodeE,13,0x00113b28,_ZN2ox5scene10ISceneNode5getIDEv
_ZTVN5daisy5scene16CSkyBoxSceneNodeE,14,0x00113b36,_ZN2ox5scene10ISceneNode5setIDEi
_ZTVN5daisy5scene16CSkyBoxSceneNodeE,15,0x00113b48,_ZN2ox5scene10ISceneNode8addChildEPS1_
_ZTVN5daisy5scene16CSkyBoxSceneNodeE,16,0x00113b8e,_ZN2ox5scene10ISceneNode11removeChildEPS1_
_ZTVN5daisy5scene16CSkyBoxSceneNodeE,17,0x00113672,_ZN2ox5scene10ISceneNode9removeAllEv
_ZTVN5daisy5scene16CSkyBoxSceneNodeE,18,0x00113bde,_ZN2ox5scene10ISceneNode6removeEv
_ZTVN5daisy5scene16CSkyBoxSceneNodeE,19,0x00113c00,_ZN2ox5scene10ISceneNode11addAnimatorEPNS0_18ISceneNodeAnimatorE
_ZTVN5daisy5scene16CSkyBoxSceneNodeE,20,0x00113c3c,_ZN2ox5scene10ISceneNode14removeAnimatorEPNS0_18ISceneNodeAnimatorE
_ZTVN5daisy5scene16CSkyBoxSceneNodeE,21,0x00113c84,_ZN2ox5scene10ISceneNode15removeAnimatorsEv
_ZTVN5daisy5scene16CSkyBoxSceneNodeE,22,0x0011a214,_ZN5daisy5scene16CSkyBoxSceneNode11getMaterialEi
_ZTVN5daisy5scene16CSkyBoxSceneNodeE,23,0x0011a228,_ZN5daisy5scene16CSkyBoxSceneNode16getMaterialCountEv
_ZTVN5daisy5scene16CSkyBoxSceneNodeE,24,0x00113d00,_ZNK2ox5scene10ISceneNode8getScaleEv
_ZTVN5daisy5scene16CSkyBoxSceneNodeE,25,0x00113d2a,_ZN2ox5scene10ISceneNode8setScaleERKNS_4core9CVector3dIfEE
_ZTVN5daisy5scene16CSkyBoxSceneNodeE,26,0x00113d52,_ZNK2ox5scene10ISceneNode11getRotationEv
_ZTVN5daisy5scene16CSkyBoxSceneNodeE,27,0x00113d7c,_ZN2ox5scene10ISceneNode11setRotationERKNS_4core9CVector3dIfEE
_ZTVN5daisy5scene16CSkyBoxSceneNodeE,28,0x00113da4,_ZNK2ox5scene10ISceneNode11getPositionEv
_ZTVN5daisy5scene16CSkyBoxSceneNodeE,29,0x00113dce,_ZN2ox5scene10ISceneNode11setPositionERKNS_4core9CVector3dIfEE
_ZTVN5daisy5scene16CSkyBoxSceneNodeE,30,0x00113df6,_ZNK2ox5scene10ISceneNode19getAbsolutePositionEv
_ZTVN5daisy5scene16CSkyBoxSceneNodeE,31,0x00113e9e,_ZN2ox5scene10ISceneNode9setParentEPS1_
_ZTVN5daisy5scene16CSkyBoxSceneNodeE,32,0x00113ee6,_ZNK2ox5scene10ISceneNode19getTriangleSelectorEv
_ZTVN5daisy5scene16CSkyBoxSceneNodeE,33,0x00113ef4,_ZN2ox5scene10ISceneNode19setTriangleSelectorEPNS0_17ITriangleSelectorE
_ZTVN5daisy5scene16CSkyBoxSceneNodeE,34,0x00113f2c,_ZN2ox5scene10ISceneNode22updateAbsolutePositionEv
_ZTVN5daisy5scene16CSkyBoxSceneNodeE,35,0x00000000,
_ZTVN5daisy5scene14CStaticMeshOBJE,0,0x00000000,
_ZTVN5daisy5scene14CStaticMeshOBJE,1,0x00267ea8,_ZTIN5daisy5scene14CStaticMeshOBJE
_ZTVN5daisy5scene14CStaticMeshOBJE,2,0x0011a3be,_ZN5daisy5scene14CStaticMeshOBJD1Ev
_ZTVN5daisy5scene14CStaticMeshOBJE,3,0x0011a37c,_ZN5daisy5scene14CStaticMeshOBJD0Ev
_ZTVN5daisy5scene14CStaticMeshOBJE,4,0x0011a41e,_ZN5daisy5scene14CStaticMeshOBJ13getFrameCountEv
_ZTVN5daisy5scene14CStaticMeshOBJE,5,0x0011a428,_ZN5daisy5scene14CStaticMeshOBJ7getMeshEiiii
_ZTVN5daisy5scene14CStaticMeshOBJE,6,0x0011b9d0,_ZNK5daisy5scene14CStaticMeshOBJ14getBoundingBoxEv
_ZTVN5daisy5scene14CStaticMeshOBJE,7,0x0011b9ea,_ZNK5daisy5scene14CStaticMeshOBJ11getMeshTypeEv
_ZTVN5daisy5scene14CStaticMeshOBJE,8,0x0011a434,_ZN5daisy5scene14CStaticMeshOBJ8loadFileEPN2ox2io9IReadFileE
_ZTVN5daisy5scene14CStaticMeshOBJE,9,0x00000000,
_ZTVN5daisy5scene17CTerrainSceneNodeE,0,0x00000000,
_ZTVN5daisy5scene17CTerrainSceneNodeE,1,0x00267f58,_ZTIN5daisy5scene17CTerrainSceneNodeE
_ZTVN5daisy5scene17CTerrainSceneNodeE,2,0x0011be88,_ZN5daisy5scene17CTerrainSceneNodeD1Ev
_ZTVN5daisy5scene17CTerrainSceneNodeE,3,0x0011be58,_ZN5daisy5scene17CTerrainSceneNodeD0Ev
_ZTVN5daisy5scene17CTerrainSceneNodeE,4,0x0011d642,_ZN5daisy5scene17CTerrainSceneNode11OnPreRenderEv
_ZTVN5daisy5scene17CTerrainSceneNodeE,5,0x0011371e,_ZN2ox5scene10ISceneNode12OnPostRenderEj
_ZTVN5daisy5scene17CTerrainSceneNodeE,6,0x0011d492,_ZN5daisy5scene17CTerrainSceneNode6renderEv
_ZTVN5daisy5scene17CTerrainSceneNodeE,7,0x00113794,_ZNK2ox5scene10ISceneNode7getNameEv
_ZTVN5daisy5scene17CTerrainSceneNodeE,8,0x001137a0,_ZN2ox5scene10ISceneNode7setNameEPKw
_ZTVN5daisy5scene17CTerrainSceneNodeE,9,0x0011d634,_ZNK5daisy5scene17CTerrainSceneNode14getBoundingBoxEv
_ZTVN5daisy5scene17CTerrainSceneNodeE,10,0x001137c0,_ZNK2ox5scene10ISceneNode25getRelativeTransformationEv
_ZTVN5daisy5scene17CTerrainSceneNodeE,11,0x00113b04,_ZN2ox5scene10ISceneNode9isVisibleEv
_ZTVN5daisy5scene17CTerrainSceneNodeE,12,0x00113b16,_ZN2ox5scene10ISceneNode10setVisibleEb
_ZTVN5daisy5scene17CTerrainSceneNodeE,13,0x00113b28,_ZN2ox5scene10ISceneNode5getIDEv
_ZTVN5daisy5scene17CTerrainSceneNodeE,14,0x00113b36,_ZN2ox5scene10ISceneNode5setIDEi
_ZTVN5daisy5scene17CTerrainSceneNodeE,15,0x00113b48,_ZN2ox5scene10ISceneNode8addChildEPS1_
_ZTVN5daisy5scene17CTerrainSceneNodeE,16,0x00113b8e,_ZN2ox5scene10ISceneNode11removeChildEPS1_
_ZTVN5daisy5scene17CTerrainSceneNodeE,17,0x00113672,_ZN2ox5scene10ISceneNode9removeAllEv
_ZTVN5daisy5scene17CTerrainSceneNodeE,18,0x00113bde,_ZN2ox5scene10ISceneNode6removeEv
_ZTVN5daisy5scene17CTerrainSceneNodeE,19,0x00113c00,_ZN2ox5scene10ISceneNode11addAnimatorEPNS0_18ISceneNodeAnimatorE
_ZTVN5daisy5scene17CTerrainSceneNodeE,20,0x00113c3c,_ZN2ox5scene10ISceneNode14removeAnimatorEPNS0_18ISceneNodeAnimatorE
_ZTVN5daisy5scene17CTerrainSceneNodeE,21,0x00113c84,_ZN2ox5scene10ISceneNode15removeAnimatorsEv
_ZTVN5daisy5scene17CTerrainSceneNodeE,22,0x0011d678,_ZN5daisy5scene17CTerrainSceneNode11getMaterialEi
_ZTVN5daisy5scene17CTerrainSceneNodeE,23,0x0011d6be,_ZN5daisy5scene17CTerrainSceneNode16getMaterialCountEv
_ZTVN5daisy5scene17CTerrainSceneNodeE,24,0x00113d00,_ZNK2ox5scene10ISceneNode8getScaleEv
_ZTVN5daisy5scene17CTerrainSceneNodeE,25,0x00113d2a,_ZN2ox5scene10ISceneNode8setScaleERKNS_4core9CVector3dIfEE
_ZTVN5daisy5scene17CTerrainSceneNodeE,26,0x00113d52,_ZNK2ox5scene10ISceneNode11getRotationEv
_ZTVN5daisy5scene17CTerrainSceneNodeE,27,0x00113d7c,_ZN2ox5scene10ISceneNode11setRotationERKNS_4core9CVector3dIfEE
_ZTVN5daisy5scene17CTerrainSceneNodeE,28,0x00113da4,_ZNK2ox5scene10ISceneNode11getPositionEv
_ZTVN5daisy5scene17CTerrainSceneNodeE,29,0x00113dce,_ZN2ox5scene10ISceneNode11setPositionERKNS_4core9CVector3dIfEE
_ZTVN5daisy5scene17CTerrainSceneNodeE,30,0x00113df6,_ZNK2ox5scene10ISceneNode19getAbsolutePositionEv
_ZTVN5daisy5scene17CTerrainSceneNodeE,31,0x00113e9e,_ZN2ox5scene10ISceneNode9setParentEPS1_
_ZTVN5daisy5scene17CTerrainSceneNodeE,32,0x00113ee6,_ZNK2ox5scene10ISceneNode19getTriangleSelectorEv
_ZTVN5daisy5scene17CTerrainSceneNodeE,33,0x00113ef4,_ZN2ox5scene10ISceneNode19setTriangleSelectorEPNS0_17ITriangleSelectorE
_ZTVN5daisy5scene17CTerrainSceneNodeE,34,0x00113f2c,_ZN2ox5scene10ISceneNode22updateAbsolutePositionEv
_ZTVN5daisy5scene17CTerrainSceneNodeE,35,0x0011d48a,_ZN5daisy5scene17CTerrainSceneNode9getHeightEN2ox4core9CVector2dIfEERf
_ZTVN5daisy5scene17CTerrainSceneNodeE,36,0x0011d6ea,_ZN5daisy5scene17CTerrainSceneNode11setDebugLODEi
_ZTVN5daisy5scene17CTerrainSceneNodeE,37,0x00000000,
_ZTVN5daisy5scene14CTestSceneNodeE,0,0x00000000,
_ZTVN5daisy5scene14CTestSceneNodeE,1,0x00268000,_ZTIN5daisy5scene14CTestSceneNodeE
_ZTVN5daisy5scene14CTestSceneNodeE,2,0x0011fbc4,_ZN5daisy5scene14CTestSceneNodeD1Ev
_ZTVN5daisy5scene14CTestSceneNodeE,3,0x0011fb94,_ZN5daisy5scene14CTestSceneNodeD0Ev
_ZTVN5daisy5scene14CTestSceneNodeE,4,0x0011fc60,_ZN5daisy5scene14CTestSceneNode11OnPreRenderEv
_ZTVN5daisy5scene14CTestSceneNodeE,5,0x0011371e,_ZN2ox5scene10ISceneNode12OnPostRenderEj
_ZTVN5daisy5scene14CTestSceneNodeE,6,0x0011fbd8,_ZN5daisy5scene14CTestSceneNode6renderEv
_ZTVN5daisy5scene14CTestSceneNodeE,7,0x00113794,_ZNK2ox5scene10ISceneNode7getNameEv
_ZTVN5daisy5scene14CTestSceneNodeE,8,0x001137a0,_ZN2ox5scene10ISceneNode7setNameEPKw
_ZTVN5daisy5scene14CTestSceneNodeE,9,0x0011fc52,_ZNK5daisy5scene14CTestSceneNode14getBoundingBoxEv
_ZTVN5daisy5scene14CTestSceneNodeE,10,0x001137c0,_ZNK2ox5scene10ISceneNode25getRelativeTransformationEv
_ZTVN5daisy5scene14CTestSceneNodeE,11,0x00113b04,_ZN2ox5scene10ISceneNode9isVisibleEv
_ZTVN5daisy5scene14CTestSceneNodeE,12,0x00113b16,_ZN2ox5scene10ISceneNode10setVisibleEb
_ZTVN5daisy5scene14CTestSceneNodeE,13,0x00113b28,_ZN2ox5scene10ISceneNode5getIDEv
_ZTVN5daisy5scene14CTestSceneNodeE,14,0x00113b36,_ZN2ox5scene10ISceneNode5setIDEi
_ZTVN5daisy5scene14CTestSceneNodeE,15,0x00113b48,_ZN2ox5scene10ISceneNode8addChildEPS1_
_ZTVN5daisy5scene14CTestSceneNodeE,16,0x00113b8e,_ZN2ox5scene10ISceneNode11removeChildEPS1_
_ZTVN5daisy5scene14CTestSceneNodeE,17,0x00113672,_ZN2ox5scene10ISceneNode9removeAllEv
_ZTVN5daisy5scene14CTestSceneNodeE,18,0x00113bde,_ZN2ox5scene10ISceneNode6removeEv
_ZTVN5daisy5scene14CTestSceneNodeE,19,0x00113c00,_ZN2ox5scene10ISceneNode11addAnimatorEPNS0_18ISceneNodeAnimatorE
_ZTVN5daisy5scene14CTestSceneNodeE,20,0x00113c3c,_ZN2ox5scene10ISceneNode14removeAnimatorEPNS0_18ISceneNodeAnimatorE
_ZTVN5daisy5scene14CTestSceneNodeE,21,0x00113c84,_ZN2ox5scene10ISceneNode15removeAnimatorsEv
_ZTVN5daisy5scene14CTestSceneNodeE,22,0x0011fc96,_ZN5daisy5scene14CTestSceneNode11getMaterialEi
_ZTVN5daisy5scene14CTestSceneNodeE,23,0x0011fca4,_ZN5daisy5scene14CTestSceneNode16getMaterialCountEv
_ZTVN5daisy5scene14CTestSceneNodeE,24,0x00113d00,_ZNK2ox5scene10ISceneNode8getScaleEv
_ZTVN5daisy5scene14CTestSceneNodeE,25,0x00113d2a,_ZN2ox5scene10ISceneNode8setScaleERKNS_4core9CVector3dIfEE
_ZTVN5daisy5scene14CTestSceneNodeE,26,0x00113d52,_ZNK2ox5scene10ISceneNode11getRotationEv
_ZTVN5daisy5scene14CTestSceneNodeE,27,0x00113d7c,_ZN2ox5scene10ISceneNode11setRotationERKNS_4core9CVector3dIfEE
_ZTVN5daisy5scene14CTestSceneNodeE,28,0x00113da4,_ZNK2ox5scene10ISceneNode11getPositionEv
_ZTVN5daisy5scene14CTestSceneNodeE,29,0x00113dce,_ZN2ox5scene10ISceneNode11setPositionERKNS_4core9CVector3dIfEE
_ZTVN5daisy5scene14CTestSceneNodeE,30,0x00113df6,_ZNK2ox5scene10ISceneNode19getAbsolutePositionEv
_ZTVN5daisy5scene14CTestSceneNodeE,31,0x00113e9e,_ZN2ox5scene10ISceneNode9setParentEPS1_
_ZTVN5daisy5scene14CTestSceneNodeE,32,0x00113ee6,_ZNK2ox5scene10ISceneNode19getTriangleSelectorEv
_ZTVN5daisy5scene14CTestSceneNodeE,33,0x00113ef4,_ZN2ox5scene10ISceneNode19setTriangleSelectorEPNS0_17ITriangleSelectorE
_ZTVN5daisy5scene14CTestSceneNodeE,34,0x00113f2c,_ZN2ox5scene10ISceneNode22updateAbsolutePositionEv
_ZTVN5daisy5scene14CTestSceneNodeE,35,0x00000000,
_ZTVN5daisy5scene14CTextSceneNodeE,0,0x00000000,
_ZTVN5daisy5scene14CTextSceneNodeE,1,0x002680a8,_ZTIN5daisy5scene14CTextSceneNodeE
_ZTVN5daisy5scene14CTextSceneNodeE,2,0x0011fe84,_ZN5daisy5scene14CTextSceneNodeD1Ev
_ZTVN5daisy5scene14CTextSceneNodeE,3,0x0011fe54,_ZN5daisy5scene14CTextSceneNodeD0Ev
_ZTVN5daisy5scene14CTextSceneNodeE,4,0x0011ff0c,_ZN5daisy5scene14CTextSceneNode11OnPreRenderEv
_ZTVN5daisy5scene14CTextSceneNodeE,5,0x0011371e,_ZN2ox5scene10ISceneNode12OnPostRenderEj
_ZTVN5daisy5scene14CTextSceneNodeE,6,0x0011ff42,_ZN5daisy5scene14CTextSceneNode6renderEv
_ZTVN5daisy5scene14CTextSceneNodeE,7,0x00113794,_ZNK2ox5scene10ISceneNode7getNameEv
_ZTVN5daisy5scene14CTextSceneNodeE,8,0x001137a0,_ZN2ox5scene10ISceneNode7setNameEPKw
_ZTVN5daisy5scene14CTextSceneNodeE,9,0x0012000e,_ZNK5daisy5scene14CTextSceneNode14getBoundingBoxEv
_ZTVN5daisy5scene14CTextSceneNodeE,10,0x001137c0,_ZNK2ox5scene10ISceneNode25getRelativeTransformationEv
_ZTVN5daisy5scene14CTextSceneNodeE,11,0x00113b04,_ZN2ox5scene10ISceneNode9isVisibleEv
_ZTVN5daisy5scene14CTextSceneNodeE,12,0x00113b16,_ZN2ox5scene10ISceneNode10setVisibleEb
_ZTVN5daisy5scene14CTextSceneNodeE,13,0x00113b28,_ZN2ox5scene10ISceneNode5getIDEv
_ZTVN5daisy5scene14CTextSceneNodeE,14,0x00113b36,_ZN2ox5scene10ISceneNode5setIDEi
_ZTVN5daisy5scene14CTextSceneNodeE,15,0x00113b48,_ZN2ox5scene10ISceneNode8addChildEPS1_
_ZTVN5daisy5scene14CTextSceneNodeE,16,0x00113b8e,_ZN2ox5scene10ISceneNode11removeChildEPS1_
_ZTVN5daisy5scene14CTextSceneNodeE,17,0x00113672,_ZN2ox5scene10ISceneNode9removeAllEv
_ZTVN5daisy5scene14CTextSceneNodeE,18,0x00113bde,_ZN2ox5scene10ISceneNode6removeEv
_ZTVN5daisy5scene14CTextSceneNodeE,19,0x00113c00,_ZN2ox5scene10ISceneNode11addAnimatorEPNS0_18ISceneNodeAnimatorE
_ZTVN5daisy5scene14CTextSceneNodeE,20,0x00113c3c,_ZN2ox5scene10ISceneNode14removeAnimatorEPNS0_18ISceneNodeAnimatorE
_ZTVN5daisy5scene14CTextSceneNodeE,21,0x00113c84,_ZN2ox5scene10ISceneNode15removeAnimatorsEv
_ZTVN5daisy5scene14CTextSceneNodeE,22,0x00113cf0,_ZN2ox5scene10ISceneNode11getMaterialEi
_ZTVN5daisy5scene14CTextSceneNodeE,23,0x0012001c,_ZN5daisy5scene14CTextSceneNode16getMaterialCountEv
_ZTVN5daisy5scene14CTextSceneNodeE,24,0x00113d00,_ZNK2ox5scene10ISceneNode8getScaleEv
_ZTVN5daisy5scene14CTextSceneNodeE,25,0x00113d2a,_ZN2ox5scene10ISceneNode8setScaleERKNS_4core9CVector3dIfEE
_ZTVN5daisy5scene14CTextSceneNodeE,26,0x00113d52,_ZNK2ox5scene10ISceneNode11getRotationEv
_ZTVN5daisy5scene14CTextSceneNodeE,27,0x00113d7c,_ZN2ox5scene10ISceneNode11setRotationERKNS_4core9CVector3dIfEE
_ZTVN5daisy5scene14CTextSceneNodeE,28,0x00113da4,_ZNK2ox5scene10ISceneNode11getPositionEv
_ZTVN5daisy5scene14CTextSceneNodeE,29,0x00113dce,_ZN2ox5scene10ISceneNode11setPositionERKNS_4core9CVector3dIfEE
_ZTVN5daisy5scene14CTextSceneNodeE,30,0x00113df6,_ZNK2ox5scene10ISceneNode19getAbsolutePositionEv
_ZTVN5daisy5scene14CTextSceneNodeE,31,0x00113e9e,_ZN2ox5scene10ISceneNode9setParentEPS1_
_ZTVN5daisy5scene14CTextSceneNodeE,32,0x00113ee6,_ZNK2ox5scene10ISceneNode19getTriangleSelectorEv
_ZTVN5daisy5scene14CTextSceneNodeE,33,0x00113ef4,_ZN2ox5scene10ISceneNode19setTriangleSelectorEPNS0_17ITriangleSelectorE
_ZTVN5daisy5scene14CTextSceneNodeE,34,0x00113f2c,_ZN2ox5scene10ISceneNode22updateAbsolutePositionEv
_ZTVN5daisy5scene14CTextSceneNodeE,35,0x00120024,_ZN5daisy5scene14CTextSceneNode7setTextEPKw
_ZTVN5daisy5scene14CTextSceneNodeE,36,0x00120046,_ZN5daisy5scene14CTextSceneNode12setTextColorEN2ox5video6SColorE
_ZTVN5daisy5scene14CTextSceneNodeE,37,0x00000000,
_ZTVN5daisy5scene19CTriangleBBSelectorE,0,0x00000000,
_ZTVN5daisy5scene19CTriangleBBSelectorE,1,0x002680e0,_ZTIN5daisy5scene19CTriangleBBSelectorE
_ZTVN5daisy5scene19CTriangleBBSelectorE,2,0x00120776,_ZN5daisy5scene19CTriangleBBSelectorD1Ev
_ZTVN5daisy5scene19CTriangleBBSelectorE,3,0x00120780,_ZN5daisy5scene19CTriangleBBSelectorD0Ev
_ZTVN5daisy5scene19CTriangleBBSelectorE,4,0x00120fee,_ZNK5daisy5scene17CTriangleSelector16getTriangleCountEv
_ZTVN5daisy5scene19CTriangleBBSelectorE,5,0x00120144,_ZN5daisy5scene19CTriangleBBSelector12getTrianglesEPN2ox4core11CTriangle3dIfEEiRiPKNS3_8CMatrix4E
_ZTVN5daisy5scene19CTriangleBBSelectorE,6,0x00120f8a,_ZN5daisy5scene17CTriangleSelector12getTrianglesEPN2ox4core11CTriangle3dIfEEiRiRKNS3_9CAabbox3dIfEEPKNS3_8CMatrix4E
_ZTVN5daisy5scene19CTriangleBBSelectorE,7,0x00120fbc,_ZN5daisy5scene17CTriangleSelector12getTrianglesEPN2ox4core11CTriangle3dIfEEiRiRKNS3_7CLine3dIfEEPKNS3_8CMatrix4E
_ZTVN5daisy5scene17CTriangleSelectorE,0,0x00000000,
_ZTVN5daisy5scene17CTriangleSelectorE,1,0x00268110,_ZTIN5daisy5scene17CTriangleSelectorE
_ZTVN5daisy5scene17CTriangleSelectorE,2,0x00120b74,_ZN5daisy5scene17CTriangleSelectorD1Ev
_ZTVN5daisy5scene17CTriangleSelectorE,3,0x00120b44,_ZN5daisy5scene17CTriangleSelectorD0Ev
_ZTVN5daisy5scene17CTriangleSelectorE,4,0x00120fee,_ZNK5daisy5scene17CTriangleSelector16getTriangleCountEv
_ZTVN5daisy5scene17CTriangleSelectorE,5,0x00120bcc,_ZN5daisy5scene17CTriangleSelector12getTrianglesEPN2ox4core11CTriangle3dIfEEiRiPKNS3_8CMatrix4E
_ZTVN5daisy5scene17CTriangleSelectorE,6,0x00120f8a,_ZN5daisy5scene17CTriangleSelector12getTrianglesEPN2ox4core11CTriangle3dIfEEiRiRKNS3_9CAabbox3dIfEEPKNS3_8CMatrix4E
_ZTVN5daisy5scene17CTriangleSelectorE,7,0x00120fbc,_ZN5daisy5scene17CTriangleSelector12getTrianglesEPN2ox4core11CTriangle3dIfEEiRiRKNS3_7CLine3dIfEEPKNS3_8CMatrix4E
_ZTVN5daisy5scene22CWaterSurfaceSceneNodeE,0,0x00000000,
_ZTVN5daisy5scene22CWaterSurfaceSceneNodeE,1,0x002681b0,_ZTIN5daisy5scene22CWaterSurfaceSceneNodeE
_ZTVN5daisy5scene22CWaterSurfaceSceneNodeE,2,0x00121684,_ZN5daisy5scene22CWaterSurfaceSceneNodeD1Ev
_ZTVN5daisy5scene22CWaterSurfaceSceneNodeE,3,0x00121654,_ZN5daisy5scene22CWaterSurfaceSceneNodeD0Ev
_ZTVN5daisy5scene22CWaterSurfaceSceneNodeE,4,0x001216e8,_ZN5daisy5scene22CWaterSurfaceSceneNode11OnPreRenderEv
_ZTVN5daisy5scene22CWaterSurfaceSceneNodeE,5,0x0011371e,_ZN2ox5scene10ISceneNode12OnPostRenderEj
_ZTVN5daisy5scene22CWaterSurfaceSceneNodeE,6,0x00100a48,_ZN5daisy5scene14CMeshSceneNode6renderEv
_ZTVN5daisy5scene22CWaterSurfaceSceneNodeE,7,0x00113794,_ZNK2ox5scene10ISceneNode7getNameEv
_ZTVN5daisy5scene22CWaterSurfaceSceneNodeE,8,0x001137a0,_ZN2ox5scene10ISceneNode7setNameEPKw
_ZTVN5daisy5scene22CWaterSurfaceSceneNodeE,9,0x00100c54,_ZNK5daisy5scene14CMeshSceneNode14getBoundingBoxEv
_ZTVN5daisy5scene22CWaterSurfaceSceneNodeE,10,0x001137c0,_ZNK2ox5scene10ISceneNode25getRelativeTransformationEv
_ZTVN5daisy5scene22CWaterSurfaceSceneNodeE,11,0x00113b04,_ZN2ox5scene10ISceneNode9isVisibleEv
_ZTVN5daisy5scene22CWaterSurfaceSceneNodeE,12,0x00113b16,_ZN2ox5scene10ISceneNode10setVisibleEb
_ZTVN5daisy5scene22CWaterSurfaceSceneNodeE,13,0x00113b28,_ZN2ox5scene10ISceneNode5getIDEv
_ZTVN5daisy5scene22CWaterSurfaceSceneNodeE,14,0x00113b36,_ZN2ox5scene10ISceneNode5setIDEi
_ZTVN5daisy5scene22CWaterSurfaceSceneNodeE,15,0x00113b48,_ZN2ox5scene10ISceneNode8addChildEPS1_
_ZTVN5daisy5scene22CWaterSurfaceSceneNodeE,16,0x00113b8e,_ZN2ox5scene10ISceneNode11removeChildEPS1_
_ZTVN5daisy5scene22CWaterSurfaceSceneNodeE,17,0x00113672,_ZN2ox5scene10ISceneNode9removeAllEv
_ZTVN5daisy5scene22CWaterSurfaceSceneNodeE,18,0x00113bde,_ZN2ox5scene10ISceneNode6removeEv
_ZTVN5daisy5scene22CWaterSurfaceSceneNodeE,19,0x00113c00,_ZN2ox5scene10ISceneNode11addAnimatorEPNS0_18ISceneNodeAnimatorE
_ZTVN5daisy5scene22CWaterSurfaceSceneNodeE,20,0x00113c3c,_ZN2ox5scene10ISceneNode14removeAnimatorEPNS0_18ISceneNodeAnimatorE
_ZTVN5daisy5scene22CWaterSurfaceSceneNodeE,21,0x00113c84,_ZN2ox5scene10ISceneNode15removeAnimatorsEv
_ZTVN5daisy5scene22CWaterSurfaceSceneNodeE,22,0x00100c7c,_ZN5daisy5scene14CMeshSceneNode11getMaterialEi
_ZTVN5daisy5scene22CWaterSurfaceSceneNodeE,23,0x00100cbc,_ZN5daisy5scene14CMeshSceneNode16getMaterialCountEv
_ZTVN5daisy5scene22CWaterSurfaceSceneNodeE,24,0x00113d00,_ZNK2ox5scene10ISceneNode8getScaleEv
_ZTVN5daisy5scene22CWaterSurfaceSceneNodeE,25,0x00113d2a,_ZN2ox5scene10ISceneNode8setScaleERKNS_4core9CVector3dIfEE
_ZTVN5daisy5scene22CWaterSurfaceSceneNodeE,26,0x00113d52,_ZNK2ox5scene10ISceneNode11getRotationEv
_ZTVN5daisy5scene22CWaterSurfaceSceneNodeE,27,0x00113d7c,_ZN2ox5scene10ISceneNode11setRotationERKNS_4core9CVector3dIfEE
_ZTVN5daisy5scene22CWaterSurfaceSceneNodeE,28,0x00113da4,_ZNK2ox5scene10ISceneNode11getPositionEv
_ZTVN5daisy5scene22CWaterSurfaceSceneNodeE,29,0x00113dce,_ZN2ox5scene10ISceneNode11setPositionERKNS_4core9CVector3dIfEE
_ZTVN5daisy5scene22CWaterSurfaceSceneNodeE,30,0x00113df6,_ZNK2ox5scene10ISceneNode19getAbsolutePositionEv
_ZTVN5daisy5scene22CWaterSurfaceSceneNodeE,31,0x00113e9e,_ZN2ox5scene10ISceneNode9setParentEPS1_
_ZTVN5daisy5scene22CWaterSurfaceSceneNodeE,32,0x00113ee6,_ZNK2ox5scene10ISceneNode19getTriangleSelectorEv
_ZTVN5daisy5scene22CWaterSurfaceSceneNodeE,33,0x00113ef4,_ZN2ox5scene10ISceneNode19setTriangleSelectorEPNS0_17ITriangleSelectorE
_ZTVN5daisy5scene22CWaterSurfaceSceneNodeE,34,0x00113f2c,_ZN2ox5scene10ISceneNode22updateAbsolutePositionEv
_ZTVN5daisy5scene22CWaterSurfaceSceneNodeE,35,0x00000000,
_ZTVN5daisy5scene17CXAnimationPlayerE,0,0x00000000,
_ZTVN5daisy5scene17CXAnimationPlayerE,1,0x00268208,_ZTIN5daisy5scene17CXAnimationPlayerE
_ZTVN5daisy5scene17CXAnimationPlayerE,2,0x00121d20,_ZN5daisy5scene17CXAnimationPlayerD1Ev
_ZTVN5daisy5scene17CXAnimationPlayerE,3,0x00121cf0,_ZN5daisy5scene17CXAnimationPlayerD0Ev
_ZTVN5daisy5scene17CXAnimationPlayerE,4,0x00121e7e,_ZN5daisy5scene17CXAnimationPlayer13getFrameCountEv
_ZTVN5daisy5scene17CXAnimationPlayerE,5,0x00121e9a,_ZN5daisy5scene17CXAnimationPlayer7getMeshEiiii
_ZTVN5daisy5scene17CXAnimationPlayerE,6,0x00122dc0,_ZNK5daisy5scene17CXAnimationPlayer14getBoundingBoxEv
_ZTVN5daisy5scene17CXAnimationPlayerE,7,0x00122dcc,_ZNK5daisy5scene17CXAnimationPlayer11getMeshTypeEv
_ZTVN5daisy5scene17CXAnimationPlayerE,8,0x0012468a,_ZN5daisy5scene17CXAnimationPlayer16getMatrixOfJointEii
_ZTVN5daisy5scene17CXAnimationPlayerE,9,0x001246d0,_ZNK5daisy5scene17CXAnimationPlayer13getJointCountEv
_ZTVN5daisy5scene17CXAnimationPlayerE,10,0x001246f8,_ZNK5daisy5scene17CXAnimationPlayer12getJointNameEi
_ZTVN5daisy5scene17CXAnimationPlayerE,11,0x0012473e,_ZNK5daisy5scene17CXAnimationPlayer14getJointNumberEPKc
_ZTVN5daisy5scene17CXAnimationPlayerE,12,0x001247e2,_ZN5daisy5scene17CXAnimationPlayer19getDrawableSkeletonEi
_ZTVN5daisy5scene17CXAnimationPlayerE,13,0x00124c2c,_ZNK5daisy5scene17CXAnimationPlayer17getAnimationCountEv
_ZTVN5daisy5scene17CXAnimationPlayerE,14,0x00124c54,_ZNK5daisy5scene17CXAnimationPlayer16getAnimationNameEi
_ZTVN5daisy5scene17CXAnimationPlayerE,15,0x00124c92,_ZN5daisy5scene17CXAnimationPlayer19setCurrentAnimationEi
_ZTVN5daisy5scene17CXAnimationPlayerE,16,0x00124cca,_ZN5daisy5scene17CXAnimationPlayer19setCurrentAnimationEPKc
_ZTVN5daisy5scene17CXAnimationPlayerE,17,0x00000000,
_ZTVN5daisy5scene12CXFileReaderE,0,0x00000000,
_ZTVN5daisy5scene12CXFileReaderE,1,0x00268228,_ZTIN5daisy5scene12CXFileReaderE
_ZTVN5daisy5scene12CXFileReaderE,2,0x0012b534,_ZN5daisy5scene12CXFileReaderD1Ev
_ZTVN5daisy5scene12CXFileReaderE,3,0x0012b504,_ZN5daisy5scene12CXFileReaderD0Ev
_ZTVN5daisy5scene16CXMeshFileLoaderE,0,0x00000000,
_ZTVN5daisy5scene16CXMeshFileLoaderE,1,0x00268258,_ZTIN5daisy5scene16CXMeshFileLoaderE
_ZTVN5daisy5scene16CXMeshFileLoaderE,2,0x001386dc,_ZN5daisy5scene16CXMeshFileLoaderD1Ev
_ZTVN5daisy5scene16CXMeshFileLoaderE,3,0x001386ac,_ZN5daisy5scene16CXMeshFileLoaderD0Ev
_ZTVN5daisy5scene16CXMeshFileLoaderE,4,0x00138742,_ZN5daisy5scene16CXMeshFileLoader24isALoadableFileExtensionEPKc
_ZTVN5daisy5scene16CXMeshFileLoaderE,5,0x00138770,_ZN5daisy5scene16CXMeshFileLoader10createMeshEPN2ox2io9IReadFileE
_ZTVN5daisy5video14CVideoModeListE,0,0x00000000,
_ZTVN5daisy5video14CVideoModeListE,1,0x00268298,_ZTIN5daisy5video14CVideoModeListE
_ZTVN5daisy5video14CVideoModeListE,2,0x0013894c,_ZN5daisy5video14CVideoModeListD1Ev
_ZTVN5daisy5video14CVideoModeListE,3,0x0013891c,_ZN5daisy5video14CVideoModeListD0Ev
_ZTVN5daisy5video14CVideoModeListE,4,0x001389c0,_ZNK5daisy5video14CVideoModeList17getVideoModeCountEv
_ZTVN5daisy5video14CVideoModeListE,5,0x001389e0,_ZNK5daisy5video14CVideoModeList22getVideoModeResolutionEi
_ZTVN5daisy5video14CVideoModeListE,6,0x00138a32,_ZNK5daisy5video14CVideoModeList17getVideoModeDepthEi
_ZTVN5daisy5video14CVideoModeListE,7,0x00138a6a,_ZNK5daisy5video14CVideoModeList20getDesktopResolutionEv
_ZTVN5daisy5video14CVideoModeListE,8,0x00138a82,_ZNK5daisy5video14CVideoModeList15getDesktopDepthEv
_ZTVN5daisy5video14CVideoModeListE,9,0x00000000,
_ZTVN5daisy5video19CCGMaterialRendererE,0,0x00000000,
_ZTVN5daisy5video19CCGMaterialRendererE,1,0x00268320,_ZTIN5daisy5video19CCGMaterialRendererE
_ZTVN5daisy5video19CCGMaterialRendererE,2,0x001396d8,_ZN5daisy5video19CCGMaterialRendererD1Ev
_ZTVN5daisy5video19CCGMaterialRendererE,3,0x001396a8,_ZN5daisy5video19CCGMaterialRendererD0Ev
_ZTVN5daisy5video19CCGMaterialRendererE,4,0x00159694,_ZN2ox5video17IMaterialRenderer13OnSetMaterialERNS0_9SMaterialERKS2_bPNS0_25IMaterialRendererServicesE
_ZTVN5daisy5video19CCGMaterialRendererE,5,0x00139e3e,_ZN5daisy5video19CCGMaterialRenderer8OnRenderEPN2ox5video25IMaterialRendererServicesENS3_13E_VERTEX_TYPEE
_ZTVN5daisy5video19CCGMaterialRendererE,6,0x0015969a,_ZN2ox5video17IMaterialRenderer15OnUnsetMaterialEv
_ZTVN5daisy5video19CCGMaterialRendererE,7,0x001596a0,_ZN2ox5video17IMaterialRenderer13isTransparentEv
_ZTVN5daisy5video19CCGMaterialRendererE,8,0x00000000,__cxa_pure_virtual
_ZTVN5daisy5video19CCGMaterialRendererE,9,0x00000000,__cxa_pure_virtual
_ZTVN5daisy5video19CCGMaterialRendererE,10,0x00139e7c,_ZN5daisy5video19CCGMaterialRenderer20setBasicRenderStatesERKN2ox5video9SMaterialES6_b
_ZTVN5daisy5video19CCGMaterialRendererE,11,0x00139ede,_ZN5daisy5video19CCGMaterialRenderer23setVertexShaderConstantEPKcPKfi
_ZTVN5daisy5video19CCGMaterialRendererE,12,0x00139f4e,_ZN5daisy5video19CCGMaterialRenderer23setVertexShaderConstantEPKfii
_ZTVN5daisy5video19CCGMaterialRendererE,13,0x00139f9c,_ZN5daisy5video19CCGMaterialRenderer22setPixelShaderConstantEPKcPKfi
_ZTVN5daisy5video19CCGMaterialRendererE,14,0x0013a00c,_ZN5daisy5video19CCGMaterialRenderer22setPixelShaderConstantEPKfii
_ZTVN5daisy5video19CCGMaterialRendererE,15,0x0013a05a,_ZN5daisy5video19CCGMaterialRenderer14getVideoDriverEv
_ZTVN5daisy5video19CCGMaterialRendererE,16,0xfffffff4,
_ZTVN5daisy5video19CCGMaterialRendererE,17,0x00268320,_ZTIN5daisy5video19CCGMaterialRendererE
_ZTVN5daisy5video19CCGMaterialRendererE,18,0x00139761,_ZThn12_N5daisy5video19CCGMaterialRendererD1Ev
_ZTVN5daisy5video19CCGMaterialRendererE,19,0x001396e1,_ZThn12_N5daisy5video19CCGMaterialRendererD0Ev
_ZTVN5daisy5video19CCGMaterialRendererE,20,0x00139ead,_ZThn12_N5daisy5video19CCGMaterialRenderer20setBasicRenderStatesERKN2ox5video9SMaterialES6_b
_ZTVN5daisy5video19CCGMaterialRendererE,21,0x00139f14,_ZThn12_N5daisy5video19CCGMaterialRenderer23setVertexShaderConstantEPKcPKfi
_ZTVN5daisy5video19CCGMaterialRendererE,22,0x00139f75,_ZThn12_N5daisy5video19CCGMaterialRenderer23setVertexShaderConstantEPKfii
_ZTVN5daisy5video19CCGMaterialRendererE,23,0x00139fd2,_ZThn12_N5daisy5video19CCGMaterialRenderer22setPixelShaderConstantEPKcPKfi
_ZTVN5daisy5video19CCGMaterialRendererE,24,0x0013a033,_ZThn12_N5daisy5video19CCGMaterialRenderer22setPixelShaderConstantEPKfii
_ZTVN5daisy5video19CCGMaterialRendererE,25,0x0013a065,_ZThn12_N5daisy5video19CCGMaterialRenderer14getVideoDriverEv
_ZTVN5daisy5video19CCGMaterialRendererE,26,0x00000000,
_ZTVN5daisy5video19CCGMaterialRendererE,27,0x00000000,
_ZTVN5daisy5video6CImageE,0,0x00000000,
_ZTVN5daisy5video6CImageE,1,0x00268388,_ZTIN5daisy5video6CImageE
_ZTVN5daisy5video6CImageE,2,0x0013af88,_ZN5daisy5video6CImageD1Ev
_ZTVN5daisy5video6CImageE,3,0x0013af58,_ZN5daisy5video6CImageD0Ev
_ZTVN5daisy5video6CImageE,4,0x0013afe0,_ZN5daisy5video6CImage4lockEv
_ZTVN5daisy5video6CImageE,5,0x0013afec,_ZN5daisy5video6CImage6unlockEv
_ZTVN5daisy5video6CImageE,6,0x0013aff2,_ZN5daisy5video6CImage12getDimensionEv
_ZTVN5daisy5video6CImageE,7,0x0013affe,_ZN5daisy5video6CImage15getBitsPerPixelEv
_ZTVN5daisy5video6CImageE,8,0x0013b00a,_ZN5daisy5video6CImage16getBytesPerPixelEv
_ZTVN5daisy5video6CImageE,9,0x0013b016,_ZN5daisy5video6CImage23getImageDataSizeInBytesEv
_ZTVN5daisy5video6CImageE,10,0x0013b02a,_ZN5daisy5video6CImage24getImageDataSizeInPixelsEv
_ZTVN5daisy5video6CImageE,11,0x0013b06a,_ZN5daisy5video6CImage8getPixelEii
_ZTVN5daisy5video6CImageE,12,0x0013b12a,_ZN5daisy5video6CImage14getColorFormatEv
_ZTVN5daisy5video6CImageE,13,0x0013b03a,_ZN5daisy5video6CImage10getRedMaskEv
_ZTVN5daisy5video6CImageE,14,0x0013b046,_ZN5daisy5video6CImage12getGreenMaskEv
_ZTVN5daisy5video6CImageE,15,0x0013b052,_ZN5daisy5video6CImage11getBlueMaskEv
_ZTVN5daisy5video6CImageE,16,0x0013b05e,_ZN5daisy5video6CImage12getAlphaMaskEv
_ZTVN5daisy5video6CImageE,17,0x00000000,
_ZTVN5daisy5video15CImageLoaderBmpE,0,0x00000000,
_ZTVN5daisy5video15CImageLoaderBmpE,1,0x002683c0,_ZTIN5daisy5video15CImageLoaderBmpE
_ZTVN5daisy5video15CImageLoaderBmpE,2,0x0013c09e,_ZN5daisy5video15CImageLoaderBmpD1Ev
_ZTVN5daisy5video15CImageLoaderBmpE,3,0x0013c084,_ZN5daisy5video15CImageLoaderBmpD0Ev
_ZTVN5daisy5video15CImageLoaderBmpE,4,0x0013c0e2,_ZN5daisy5video15CImageLoaderBmp24isALoadableFileExtensionEPKc
_ZTVN5daisy5video15CImageLoaderBmpE,5,0x0013c110,_ZN5daisy5video15CImageLoaderBmp21isALoadableFileFormatEPN2ox2io9IReadFileE
_ZTVN5daisy5video15CImageLoaderBmpE,6,0x0013c44a,_ZN5daisy5video15CImageLoaderBmp9loadImageEPN2ox2io9IReadFileE
_ZTVN5daisy5video15CImageLoaderBmpE,7,0x00000000,
_ZTVN5daisy5video15CImageLoaderJPGE,0,0x00000000,
_ZTVN5daisy5video15CImageLoaderJPGE,1,0x002683f0,_ZTIN5daisy5video15CImageLoaderJPGE
_ZTVN5daisy5video15CImageLoaderJPGE,2,0x0013c952,_ZN5daisy5video15CImageLoaderJPGD1Ev
_ZTVN5daisy5video15CImageLoaderJPGE,3,0x0013c948,_ZN5daisy5video15CImageLoaderJPGD0Ev
_ZTVN5daisy5video15CImageLoaderJPGE,4,0x0013c95e,_ZN5daisy5video15CImageLoaderJPG24isALoadableFileExtensionEPKc
_ZTVN5daisy5video15CImageLoaderJPGE,5,0x0013c9c0,_ZN5daisy5video15CImageLoaderJPG21isALoadableFileFormatEPN2ox2io9IReadFileE
_ZTVN5daisy5video15CImageLoaderJPGE,6,0x0013ca24,_ZN5daisy5video15CImageLoaderJPG9loadImageEPN2ox2io9IReadFileE
_ZTVN5daisy5video15CImageLoaderJPGE,7,0x00000000,
_ZTVN5daisy5video15CImageLoaderPCXE,0,0x00000000,
_ZTVN5daisy5video15CImageLoaderPCXE,1,0x00268420,_ZTIN5daisy5video15CImageLoaderPCXE
_ZTVN5daisy5video15CImageLoaderPCXE,2,0x0013cebe,_ZN5daisy5video15CImageLoaderPCXD1Ev
_ZTVN5daisy5video15CImageLoaderPCXE,3,0x0013cea4,_ZN5daisy5video15CImageLoaderPCXD0Ev
_ZTVN5daisy5video15CImageLoaderPCXE,4,0x0013cf02,_ZN5daisy5video15CImageLoaderPCX24isALoadableFileExtensionEPKc
_ZTVN5daisy5video15CImageLoaderPCXE,5,0x0013cf4c,_ZN5daisy5video15CImageLoaderPCX21isALoadableFileFormatEPN2ox2io9IReadFileE
_ZTVN5daisy5video15CImageLoaderPCXE,6,0x0013cf7c,_ZN5daisy5video15CImageLoaderPCX9loadImageEPN2ox2io9IReadFileE
_ZTVN5daisy5video15CImageLoaderPCXE,7,0x00000000,
_ZTVN5daisy5video15CImageLoaderPSDE,0,0x00000000,
_ZTVN5daisy5video15CImageLoaderPSDE,1,0x00268450,_ZTIN5daisy5video15CImageLoaderPSDE
_ZTVN5daisy5video15CImageLoaderPSDE,2,0x0013d518,_ZN5daisy5video15CImageLoaderPSDD1Ev
_ZTVN5daisy5video15CImageLoaderPSDE,3,0x0013d4e8,_ZN5daisy5video15CImageLoaderPSDD0Ev
_ZTVN5daisy5video15CImageLoaderPSDE,4,0x0013d570,_ZN5daisy5video15CImageLoaderPSD24isALoadableFileExtensionEPKc
_ZTVN5daisy5video15CImageLoaderPSDE,5,0x0013d59e,_ZN5daisy5video15CImageLoaderPSD21isALoadableFileFormatEPN2ox2io9IReadFileE
_ZTVN5daisy5video15CImageLoaderPSDE,6,0x0013d5d4,_ZN5daisy5video15CImageLoaderPSD9loadImageEPN2ox2io9IReadFileE
_ZTVN5daisy5video15CImageLoaderPSDE,7,0x00000000,
_ZTVN5daisy5video15CImageLoaderTGAE,0,0x00000000,
_ZTVN5daisy5video15CImageLoaderTGAE,1,0x00268480,_ZTIN5daisy5video15CImageLoaderTGAE
_ZTVN5daisy5video15CImageLoaderTGAE,2,0x0013dfd2,_ZN5daisy5video15CImageLoaderTGAD1Ev
_ZTVN5daisy5video15CImageLoaderTGAE,3,0x0013dfc8,_ZN5daisy5video15CImageLoaderTGAD0Ev
_ZTVN5daisy5video15CImageLoaderTGAE,4,0x0013dfde,_ZN5daisy5video15CImageLoaderTGA24isALoadableFileExtensionEPKc
_ZTVN5daisy5video15CImageLoaderTGAE,5,0x0013e120,_ZN5daisy5video15CImageLoaderTGA21isALoadableFileFormatEPN2ox2io9IReadFileE
_ZTVN5daisy5video15CImageLoaderTGAE,6,0x0013e156,_ZN5daisy5video15CImageLoaderTGA9loadImageEPN2ox2io9IReadFileE
_ZTVN5daisy5video15CImageLoaderTGAE,7,0x00000000,
_ZTVN5daisy5video16CParticlePackageE,0,0x00000000,
_ZTVN5daisy5video16CParticlePackageE,1,0x002684c8,_ZTIN5daisy5video16CParticlePackageE
_ZTVN5daisy5video16CParticlePackageE,2,0x0013e67c,_ZN5daisy5video16CParticlePackageD1Ev
_ZTVN5daisy5video16CParticlePackageE,3,0x0013e64c,_ZN5daisy5video16CParticlePackageD0Ev
_ZTVN5daisy5video16CParticlePackageE,4,0x0013e904,_ZN5daisy5video16CParticlePackage4loadEPN2ox2io9IReadFileE
_ZTVN5daisy5video16CParticlePackageE,5,0x0013f55c,_ZN5daisy5video16CParticlePackage16getParticleNamesEv
_ZTVN5daisy5video16CParticlePackageE,6,0x0013f568,_ZN5daisy5video16CParticlePackage17getParticleSoundsEv
_ZTVN5daisy5video16CParticlePackageE,7,0x0013e872,_ZN5daisy5video16CParticlePackage16setSpritePackageEPN2ox5video14ISpritePackageE
_ZTVN5daisy5video16CParticlePackageE,8,0x0013e7b0,_ZN5daisy5video16CParticlePackage19addNewParticleStateERKN2ox4core7CStringIcEE
_ZTVN5daisy5video16CParticlePackageE,9,0x0013e880,_ZN5daisy5video16CParticlePackage19removeParticleStateEPN2ox5video14IParticleStateE
_ZTVN5daisy5video16CParticlePackageE,10,0x0013f716,_ZN2ox5video16IParticlePackage17setCallbackEngineEPNS0_23IParticleEngineCallbackE
_ZTVN5daisy5video16CParticlePackageE,11,0x0013f724,_ZN2ox5video16IParticlePackage17getCallbackEngineEv
_ZTVN5daisy5video16CParticlePackageE,12,0x0013e830,_ZN5daisy5video16CParticlePackage24spriteFulfillsImportanceERKN2ox4core7CStringIcEE
_ZTVN5daisy5video16CParticlePackageE,13,0x00000000,
_ZTVN5daisy5video14CParticleStateE,0,0x00000000,
_ZTVN5daisy5video14CParticleStateE,1,0x00268530,_ZTIN5daisy5video14CParticleStateE
_ZTVN5daisy5video14CParticleStateE,2,0x0014041c,_ZN5daisy5video14CParticleStateD1Ev
_ZTVN5daisy5video14CParticleStateE,3,0x00140412,_ZN5daisy5video14CParticleStateD0Ev
_ZTVN5daisy5video14CParticleStateE,4,0x00140428,_ZN5daisy5video14CParticleState6removeEv
_ZTVN5daisy5video14CParticleStateE,5,0x001404ba,_ZN5daisy5video14CParticleState6updateEfRN2ox4core9CVector3dIfEE
_ZTVN5daisy5video14CParticleStateE,6,0x00141264,_ZN5daisy5video14CParticleState8render2DERKN2ox4core11CPosition2dIfEEf
_ZTVN5daisy5video14CParticleStateE,7,0x001413cc,_ZN5daisy5video14CParticleState14render2DShadowERKN2ox4core11CPosition2dIfEEff
_ZTVN5daisy5video14CParticleStateE,8,0x0014137c,_ZN5daisy5video14CParticleState8render3DERKN2ox4core9CVector3dIfEE
_ZTVN5daisy5video14CParticleStateE,9,0x0014143c,_ZN5daisy5video14CParticleState15getCurrentSpeedEv
_ZTVN5daisy5video14CParticleStateE,10,0x001414ae,_ZN5daisy5video14CParticleState12notifyBounceERN2ox4core9CVector3dIfEERKS5_
_ZTVN5daisy5video14CParticleStateE,11,0x001411aa,_ZN5daisy5video14CParticleState10addToSpeedERKN2ox4core9CVector3dIfEE
_ZTVN5daisy5video14CParticleStateE,12,0x001411e2,_ZN5daisy5video14CParticleState15setCurrentSpeedERKN2ox4core9CVector3dIfEE
_ZTVN5daisy5video14CParticleStateE,13,0x0014045a,_ZN5daisy5video14CParticleState15getParticleNameEv
_ZTVN5daisy5video14CParticleStateE,14,0x0014047a,_ZN5daisy5video14CParticleState16getAnimationNameEv
_ZTVN5daisy5video14CParticleStateE,15,0x001404a2,_ZN5daisy5video14CParticleState15getCurrentColorEv
_ZTVN5daisy5video14CParticleStateE,16,0x001404ae,_ZN5daisy5video14CParticleState15getCurrentScaleEv
_ZTVN5daisy5video14CParticleStateE,17,0x00141448,_ZN5daisy5video14CParticleState14isGroundSpriteEv
_ZTVN5daisy5video14CParticleStateE,18,0x0014147a,_ZNK5daisy5video14CParticleState15getWindModifierEv
_ZTVN5daisy5video14CParticleStateE,19,0x00141464,_ZNK5daisy5video14CParticleState21getParticleImportanceEv
_ZTVN5daisy5video21CSpriteAnimationImageE,0,0x00000000,
_ZTVN5daisy5video21CSpriteAnimationImageE,1,0x00268590,_ZTIN5daisy5video21CSpriteAnimationImageE
_ZTVN5daisy5video21CSpriteAnimationImageE,2,0x001416e8,_ZN5daisy5video21CSpriteAnimationImageD1Ev
_ZTVN5daisy5video21CSpriteAnimationImageE,3,0x001416de,_ZN5daisy5video21CSpriteAnimationImageD0Ev
_ZTVN5daisy5video21CSpriteAnimationImageE,4,0x00142990,_ZN2ox5video21ISpriteAnimationImage6removeEv
_ZTVN5daisy5video21CSpriteAnimationImageE,5,0x001416f4,_ZN5daisy5video21CSpriteAnimationImage4drawERKN2ox4core11CPosition2dIiEEPKNS3_5CRectIiEENS2_5video6SColorE
_ZTVN5daisy5video21CSpriteAnimationImageE,6,0x001418d4,_ZN5daisy5video21CSpriteAnimationImage18drawMultipleColorsERKN2ox4core11CAffineRectIfEERKNS2_5video13SColorCornersE
_ZTVN5daisy5video21CSpriteAnimationImageE,7,0x0014185e,_ZN5daisy5video21CSpriteAnimationImage16drawCornerColorsERKN2ox4core11CAffineRectIfEERKNS2_5video13SColorCornersE
_ZTVN5daisy5video21CSpriteAnimationImageE,8,0x00141c9a,_ZN5daisy5video21CSpriteAnimationImage10drawScaledERKN2ox4core11CPosition2dIfEEfNS2_5video6SColorE
_ZTVN5daisy5video21CSpriteAnimationImageE,9,0x00141d76,_ZN5daisy5video21CSpriteAnimationImage11drawRotatedERKN2ox4core11CPosition2dIfEEffNS2_5video6SColorE
_ZTVN5daisy5video21CSpriteAnimationImageE,10,0x0014175e,_ZN5daisy5video21CSpriteAnimationImage12drawMirroredERKN2ox4core11CPosition2dIfEEfNS2_5video6SColorE
_ZTVN5daisy5video21CSpriteAnimationImageE,11,0x00141f0e,_ZN5daisy5video21CSpriteAnimationImage13drawFreeShapeERKN2ox4core11CPosition2dIfEES7_S7_S7_NS2_5video6SColorE
_ZTVN5daisy5video21CSpriteAnimationImageE,12,0x00141f76,_ZN5daisy5video21CSpriteAnimationImage6draw3dERKN2ox4core9CVector3dIfEEffbNS2_5video6SColorE
_ZTVN5daisy5video21CSpriteAnimationImageE,13,0x0014241c,_ZN5daisy5video21CSpriteAnimationImage9getOffsetEv
_ZTVN5daisy5video21CSpriteAnimationImageE,14,0x00142434,_ZN5daisy5video21CSpriteAnimationImage17getOriginalOffsetEv
_ZTVN5daisy5video21CSpriteAnimationImageE,15,0x0014244c,_ZN5daisy5video21CSpriteAnimationImage7getSizeEv
_ZTVN5daisy5video21CSpriteAnimationImageE,16,0x0014246a,_ZN5daisy5video21CSpriteAnimationImage15getOriginalSizeEv
_ZTVN5daisy5video21CSpriteAnimationImageE,17,0x00142482,_ZN5daisy5video21CSpriteAnimationImage10getTextureEv
_ZTVN5daisy5video21CSpriteAnimationImageE,18,0x0014248e,_ZN5daisy5video21CSpriteAnimationImage18getTexturePositionEv
_ZTVN5daisy5video21CSpriteAnimationImageE,19,0x001424b2,_ZN5daisy5video21CSpriteAnimationImage10getImageIdEv
_ZTVN5daisy5video27CSpriteAnimationImageBundleE,0,0x00000000,
_ZTVN5daisy5video27CSpriteAnimationImageBundleE,1,0x002685f0,_ZTIN5daisy5video27CSpriteAnimationImageBundleE
_ZTVN5daisy5video27CSpriteAnimationImageBundleE,2,0x00142698,_ZN5daisy5video27CSpriteAnimationImageBundleD1Ev
_ZTVN5daisy5video27CSpriteAnimationImageBundleE,3,0x00142668,_ZN5daisy5video27CSpriteAnimationImageBundleD0Ev
_ZTVN5daisy5video27CSpriteAnimationImageBundleE,4,0x00142990,_ZN2ox5video21ISpriteAnimationImage6removeEv
_ZTVN5daisy5video27CSpriteAnimationImageBundleE,5,0x001426f0,_ZN5daisy5video27CSpriteAnimationImageBundle4drawERKN2ox4core11CPosition2dIiEEPKNS3_5CRectIiEENS2_5video6SColorE
_ZTVN5daisy5video27CSpriteAnimationImageBundleE,6,0x001427fe,_ZN5daisy5video27CSpriteAnimationImageBundle18drawMultipleColorsERKN2ox4core11CAffineRectIfEERKNS2_5video13SColorCornersE
_ZTVN5daisy5video27CSpriteAnimationImageBundleE,7,0x00142804,_ZN5daisy5video27CSpriteAnimationImageBundle16drawCornerColorsERKN2ox4core11CAffineRectIfEERKNS2_5video13SColorCornersE
_ZTVN5daisy5video27CSpriteAnimationImageBundleE,8,0x0014280a,_ZN5daisy5video27CSpriteAnimationImageBundle10drawScaledERKN2ox4core11CPosition2dIfEEfNS2_5video6SColorE
_ZTVN5daisy5video27CSpriteAnimationImageBundleE,9,0x00142810,_ZN5daisy5video27CSpriteAnimationImageBundle11drawRotatedERKN2ox4core11CPosition2dIfEEffNS2_5video6SColorE
_ZTVN5daisy5video27CSpriteAnimationImageBundleE,10,0x001427f8,_ZN5daisy5video27CSpriteAnimationImageBundle12drawMirroredERKN2ox4core11CPosition2dIfEEfNS2_5video6SColorE
_ZTVN5daisy5video27CSpriteAnimationImageBundleE,11,0x00142816,_ZN5daisy5video27CSpriteAnimationImageBundle13drawFreeShapeERKN2ox4core11CPosition2dIfEES7_S7_S7_NS2_5video6SColorE
_ZTVN5daisy5video27CSpriteAnimationImageBundleE,12,0x0014281c,_ZN5daisy5video27CSpriteAnimationImageBundle6draw3dERKN2ox4core9CVector3dIfEEffbNS2_5video6SColorE
_ZTVN5daisy5video27CSpriteAnimationImageBundleE,13,0x00142822,_ZN5daisy5video27CSpriteAnimationImageBundle9getOffsetEv
_ZTVN5daisy5video27CSpriteAnimationImageBundleE,14,0x0014283a,_ZN5daisy5video27CSpriteAnimationImageBundle17getOriginalOffsetEv
_ZTVN5daisy5video27CSpriteAnimationImageBundleE,15,0x00142852,_ZN5daisy5video27CSpriteAnimationImageBundle7getSizeEv
_ZTVN5daisy5video27CSpriteAnimationImageBundleE,16,0x001428ba,_ZN5daisy5video27CSpriteAnimationImageBundle15getOriginalSizeEv
_ZTVN5daisy5video27CSpriteAnimationImageBundleE,17,0x001428da,_ZN5daisy5video27CSpriteAnimationImageBundle10getTextureEv
_ZTVN5daisy5video27CSpriteAnimationImageBundleE,18,0x001428e8,_ZN5daisy5video27CSpriteAnimationImageBundle18getTexturePositionEv
_ZTVN5daisy5video27CSpriteAnimationImageBundleE,19,0x001429b2,_ZN5daisy5video27CSpriteAnimationImageBundle10getImageIdEv
_ZTVN5daisy5video21CSpriteAnimationStateE,0,0x00000000,
_ZTVN5daisy5video21CSpriteAnimationStateE,1,0x00268668,_ZTIN5daisy5video21CSpriteAnimationStateE
_ZTVN5daisy5video21CSpriteAnimationStateE,2,0x00142e50,_ZN5daisy5video21CSpriteAnimationStateD1Ev
_ZTVN5daisy5video21CSpriteAnimationStateE,3,0x00142e20,_ZN5daisy5video21CSpriteAnimationStateD0Ev
_ZTVN5daisy5video21CSpriteAnimationStateE,4,0x00142ea8,_ZN5daisy5video21CSpriteAnimationState6removeEv
_ZTVN5daisy5video21CSpriteAnimationStateE,5,0x00142ef8,_ZN5daisy5video21CSpriteAnimationState5resetEv
_ZTVN5daisy5video21CSpriteAnimationStateE,6,0x00142f36,_ZN5daisy5video21CSpriteAnimationState6updateEf
_ZTVN5daisy5video21CSpriteAnimationStateE,7,0x0014309e,_ZN5daisy5video21CSpriteAnimationState4drawERKN2ox4core11CPosition2dIiEEPKNS3_5CRectIiEENS2_5video6SColorE
_ZTVN5daisy5video21CSpriteAnimationStateE,8,0x0014311a,_ZN5daisy5video21CSpriteAnimationState18drawMultipleColorsERKN2ox4core11CAffineRectIfEERKNS2_5video13SColorCornersE
_ZTVN5daisy5video21CSpriteAnimationStateE,9,0x00143148,_ZN5daisy5video21CSpriteAnimationState16drawCornerColorsERKN2ox4core11CAffineRectIfEERKNS2_5video13SColorCornersE
_ZTVN5daisy5video21CSpriteAnimationStateE,10,0x00143176,_ZN5daisy5video21CSpriteAnimationState10drawScaledERKN2ox4core11CPosition2dIfEEfNS2_5video6SColorE
_ZTVN5daisy5video21CSpriteAnimationStateE,11,0x001431b6,_ZN5daisy5video21CSpriteAnimationState11drawRotatedERKN2ox4core11CPosition2dIfEEffNS2_5video6SColorE
_ZTVN5daisy5video21CSpriteAnimationStateE,12,0x001430da,_ZN5daisy5video21CSpriteAnimationState12drawMirroredERKN2ox4core11CPosition2dIfEEfNS2_5video6SColorE
_ZTVN5daisy5video21CSpriteAnimationStateE,13,0x00143202,_ZN5daisy5video21CSpriteAnimationState13drawFreeShapeERKN2ox4core11CPosition2dIfEES7_S7_S7_NS2_5video6SColorE
_ZTVN5daisy5video21CSpriteAnimationStateE,14,0x0014324c,_ZN5daisy5video21CSpriteAnimationState6draw3dERKN2ox4core9CVector3dIfEEffbNS2_5video6SColorE
_ZTVN5daisy5video21CSpriteAnimationStateE,15,0x001432a2,_ZN5daisy5video21CSpriteAnimationState14getFrameOffsetEi
_ZTVN5daisy5video21CSpriteAnimationStateE,16,0x001432ee,_ZN5daisy5video21CSpriteAnimationState22getFrameOriginalOffsetEi
_ZTVN5daisy5video21CSpriteAnimationStateE,17,0x0014333a,_ZN5daisy5video21CSpriteAnimationState12getFrameSizeEi
_ZTVN5daisy5video21CSpriteAnimationStateE,18,0x00143386,_ZN5daisy5video21CSpriteAnimationState20getFrameOriginalSizeEi
_ZTVN5daisy5video21CSpriteAnimationStateE,19,0x001433d2,_ZN5daisy5video21CSpriteAnimationState15getFrameTextureEi
_ZTVN5daisy5video21CSpriteAnimationStateE,20,0x00143406,_ZN5daisy5video21CSpriteAnimationState23getFrameTexturePositionEi
_ZTVN5daisy5video21CSpriteAnimationStateE,21,0x00143460,_ZN2ox5video21ISpriteAnimationState7setFlagEib
_ZTVN5daisy5video21CSpriteAnimationStateE,22,0x0014347e,_ZN2ox5video21ISpriteAnimationState7hasFlagEi
_ZTVN5daisy5video21CSpriteAnimationStateE,23,0x00142ff4,_ZN5daisy5video21CSpriteAnimationState4readEPN2ox2io9IReadFileE
_ZTVN5daisy5video21CSpriteAnimationStateE,24,0x0014304a,_ZN5daisy5video21CSpriteAnimationState5writeEPN2ox2io10IWriteFileE
_ZTVN5daisy5video21CSpriteAnimationStateE,25,0x00000000,
_ZTVN5daisy5video14CSpritePackageE,0,0x00000000,
_ZTVN5daisy5video14CSpritePackageE,1,0x002686c0,_ZTIN5daisy5video14CSpritePackageE
_ZTVN5daisy5video14CSpritePackageE,2,0x001436a0,_ZN5daisy5video14CSpritePackageD1Ev
_ZTVN5daisy5video14CSpritePackageE,3,0x00143670,_ZN5daisy5video14CSpritePackageD0Ev
_ZTVN5daisy5video14CSpritePackageE,4,0x00143908,_ZN5daisy5video14CSpritePackage19updateAllAnimationsEf
_ZTVN5daisy5video14CSpritePackageE,5,0x00143956,_ZN5daisy5video14CSpritePackage14getTextureListEv
_ZTVN5daisy5video14CSpritePackageE,6,0x00143962,_ZN5daisy5video14CSpritePackage16getAnimationListEv
_ZTVN5daisy5video14CSpritePackageE,7,0x00143ee4,_ZN5daisy5video14CSpritePackage10getTextureEi
_ZTVN5daisy5video14CSpritePackageE,8,0x00144464,_ZN5daisy5video14CSpritePackage10getTextureERKN2ox4core7CStringIcEE
_ZTVN5daisy5video14CSpritePackageE,9,0x001439b0,_ZN5daisy5video14CSpritePackage20addNewAnimationStateERKN2ox4core7CStringIcEE
_ZTVN5daisy5video14CSpritePackageE,10,0x00143a60,_ZN5daisy5video14CSpritePackage20addNewAnimationStateEi
_ZTVN5daisy5video14CSpritePackageE,11,0x00143b16,_ZN5daisy5video14CSpritePackage20removeAnimationStateEPN2ox5video21ISpriteAnimationStateE
_ZTVN5daisy5video14CSpritePackageE,12,0x00143c24,_ZN5daisy5video14CSpritePackage11addNewImageEi
_ZTVN5daisy5video14CSpritePackageE,13,0x00143e54,_ZN5daisy5video14CSpritePackage11removeImageEPN2ox5video21ISpriteAnimationImageE
_ZTVN5daisy5video14CSpritePackageE,14,0x0014396e,_ZN5daisy5video14CSpritePackage20animationStateExistsERKN2ox4core7CStringIcEE
_ZTVN5daisy5video14CSpritePackageE,15,0x00000000,
_ZTVN5daisy5video10CVideoNullE,0,0x00000000,
_ZTVN5daisy5video10CVideoNullE,1,0x00268930,_ZTIN5daisy5video10CVideoNullE
_ZTVN5daisy5video10CVideoNullE,2,0x0014985a,_ZN5daisy5video10CVideoNullD1Ev
_ZTVN5daisy5video10CVideoNullE,3,0x0014982a,_ZN5daisy5video10CVideoNullD0Ev
_ZTVN5daisy5video10CVideoNullE,4,0x00149b12,_ZN5daisy5video10CVideoNull10beginSceneEbbN2ox5video6SColorE
_ZTVN5daisy5video10CVideoNullE,5,0x0016500c,_ZN5daisy5video10CVideoNull11clearScreenEbN2ox5video6SColorE
_ZTVN5daisy5video10CVideoNullE,6,0x00149b34,_ZN5daisy5video10CVideoNull8endSceneEv
_ZTVN5daisy5video10CVideoNullE,7,0x00149b78,_ZN5daisy5video10CVideoNull12queryFeatureEN2ox5video22E_VIDEO_DRIVER_FEATUREE
_ZTVN5daisy5video10CVideoNullE,8,0x00149b80,_ZN5daisy5video10CVideoNull12setTransformEN2ox5video22E_TRANSFORMATION_STATEERKNS2_4core8CMatrix4E
_ZTVN5daisy5video10CVideoNullE,9,0x00149b86,_ZN5daisy5video10CVideoNull12getTransformEN2ox5video22E_TRANSFORMATION_STATEE
_ZTVN5daisy5video10CVideoNullE,10,0x00149c1a,_ZN5daisy5video10CVideoNull11setMaterialERKN2ox5video9SMaterialE
_ZTVN5daisy5video10CVideoNullE,11,0x0014d7aa,_ZN5daisy5video10CVideoNull22useMaterialShaderFor2DEb
_ZTVN5daisy5video10CVideoNullE,12,0x00165018,_ZN5daisy5video10CVideoNull11flushRenderEv
_ZTVN5daisy5video10CVideoNullE,13,0x0014a558,_ZN5daisy5video10CVideoNull10getTextureEPKc
_ZTVN5daisy5video10CVideoNullE,14,0x0014a85a,_ZN5daisy5video10CVideoNull10getTextureEPN2ox2io9IReadFileE
_ZTVN5daisy5video10CVideoNullE,15,0x0014a972,_ZN5daisy5video10CVideoNull10addTextureERKN2ox4core12CDimension2dIiEEPKcNS2_5video13ECOLOR_FORMATE
_ZTVN5daisy5video10CVideoNullE,16,0x0014a918,_ZN5daisy5video10CVideoNull10addTextureEPKcPN2ox5video6IImageE
_ZTVN5daisy5video10CVideoNullE,17,0x00149c20,_ZN5daisy5video10CVideoNull13removeTextureEPN2ox5video8ITextureE
_ZTVN5daisy5video10CVideoNullE,18,0x00149c9a,_ZN5daisy5video10CVideoNull13removeTextureEPKc
_ZTVN5daisy5video10CVideoNullE,19,0x00149d6e,_ZN5daisy5video10CVideoNull17removeAllTexturesEv
_ZTVN5daisy5video10CVideoNullE,20,0x0014a900,_ZN5daisy5video10CVideoNull14getNumTexturesEv
_ZTVN5daisy5video10CVideoNullE,21,0x00149d78,_ZN5daisy5video10CVideoNull16getSpritePackageEPKcb
_ZTVN5daisy5video10CVideoNullE,22,0x0014a148,_ZN5daisy5video10CVideoNull19removeSpritePackageEPKc
_ZTVN5daisy5video10CVideoNullE,23,0x0014a2f0,_ZN5daisy5video10CVideoNull23removeAllSpritePackagesEv
_ZTVN5daisy5video10CVideoNullE,24,0x00149f66,_ZN5daisy5video10CVideoNull18getParticlePackageEPKc
_ZTVN5daisy5video10CVideoNullE,25,0x0014a21c,_ZN5daisy5video10CVideoNull21removeParticlePackageEPKc
_ZTVN5daisy5video10CVideoNullE,26,0x0014a35a,_ZN5daisy5video10CVideoNull25removeAllParticlePackagesEv
_ZTVN5daisy5video10CVideoNullE,27,0x0014b64c,_ZN5daisy5video10CVideoNull19makeColorKeyTextureEPN2ox5video8ITextureENS3_6SColorE
_ZTVN5daisy5video10CVideoNullE,28,0x0014b7f8,_ZN5daisy5video10CVideoNull19makeColorKeyTextureEPN2ox5video8ITextureENS2_4core11CPosition2dIiEE
_ZTVN5daisy5video10CVideoNullE,29,0x0014aa60,_ZN5daisy5video10CVideoNull25createRenderTargetTextureERKN2ox4core12CDimension2dIiEE
_ZTVN5daisy5video10CVideoNullE,30,0x0014aa68,_ZN5daisy5video10CVideoNull19createScreenTextureERKN2ox4core12CDimension2dIiEE
_ZTVN5daisy5video10CVideoNullE,31,0x0014aa58,_ZN5daisy5video10CVideoNull15setRenderTargetEPN2ox5video8ITextureEbbNS3_6SColorE
_ZTVN5daisy5video10CVideoNullE,32,0x0014aa92,_ZN5daisy5video10CVideoNull11setViewPortERKN2ox4core5CRectIiEE
_ZTVN5daisy5video10CVideoNullE,33,0x0014aa98,_ZNK5daisy5video10CVideoNull11getViewPortEv
_ZTVN5daisy5video10CVideoNullE,34,0x0014aaa6,_ZN5daisy5video10CVideoNull23drawIndexedTriangleListEPKN2ox5video9S3DVertexEiPKti
_ZTVN5daisy5video10CVideoNullE,35,0x0014aab8,_ZN5daisy5video10CVideoNull23drawIndexedTriangleListEPKN2ox5video17S3DVertex2TCoordsEiPKti
_ZTVN5daisy5video10CVideoNullE,36,0x0014aadc,_ZN5daisy5video10CVideoNull22drawIndexedTriangleFanEPKN2ox5video9S3DVertexEiPKti
_ZTVN5daisy5video10CVideoNullE,37,0x0014aaca,_ZN5daisy5video10CVideoNull22drawIndexedTriangleFanEPKN2ox5video17S3DVertex2TCoordsEiPKti
_ZTVN5daisy5video10CVideoNullE,38,0x0014aaee,_ZN5daisy5video10CVideoNull10draw3DLineERKN2ox4core9CVector3dIfEES7_NS2_5video6SColorE
_ZTVN5daisy5video10CVideoNullE,39,0x0014acfa,_ZN5daisy5video10CVideoNull14draw3DTriangleERKN2ox4core11CTriangle3dIfEENS2_5video6SColorE
_ZTVN5daisy5video10CVideoNullE,40,0x0014ad88,_ZN5daisy5video10CVideoNull9draw3DBoxEN2ox4core9CAabbox3dIfEENS2_5video6SColorE
_ZTVN5daisy5video10CVideoNullE,41,0x0014afe2,_ZN5daisy5video10CVideoNull11draw2DImageEPN2ox5video8ITextureERKNS2_4core11CPosition2dIiEE
_ZTVN5daisy5video10CVideoNullE,42,0x0014afee,_ZN5daisy5video10CVideoNull11draw2DImageEPN2ox5video8ITextureERKNS2_4core11CPosition2dIiEERKNS6_5CRectIiEEPSD_NS3_6SColorEb
_ZTVN5daisy5video10CVideoNullE,43,0x0016501e,_ZN5daisy5video10CVideoNull17drawScaled2DImageEPN2ox5video8ITextureERKNS2_4core11CPosition2dIfEERKNS6_5CRectIiEEfNS3_6SColorEb
_ZTVN5daisy5video10CVideoNullE,44,0x0014afe8,_ZN5daisy5video10CVideoNull11draw2DImageEPN2ox5video8ITextureERKNS2_4core11CPosition2dIiEERKNS6_5CRectIiEEPSD_PNS3_6SColorEb
_ZTVN5daisy5video10CVideoNullE,45,0x00165024,_ZN5daisy5video10CVideoNull11draw2DImageEPN2ox5video8ITextureERKNS2_4core11CPosition2dIiEESA_SA_SA_RKNS6_5CRectIiEEPNS3_6SColorEb
_ZTVN5daisy5video10CVideoNullE,46,0x0016502a,_ZN5daisy5video10CVideoNull11draw2DImageEPN2ox5video8ITextureERKNS2_4core11CPosition2dIfEESA_SA_SA_RKNS6_5CRectIiEEPKNS3_11SColorArrayEb
_ZTVN5daisy5video10CVideoNullE,47,0x0014aff4,_ZN5daisy5video10CVideoNull15draw2DRectangleEN2ox5video6SColorERKNS2_4core5CRectIiEEPS8_
_ZTVN5daisy5video10CVideoNullE,48,0x00165030,_ZN5daisy5video10CVideoNull18draw2DTriangleListEPN2ox5video8ITextureEPNS2_4core11CPosition2dIfEES9_PNS3_6SColorEPiii
_ZTVN5daisy5video10CVideoNullE,49,0x0014affa,_ZN5daisy5video10CVideoNull10draw2DLineERKN2ox4core11CPosition2dIiEES7_NS2_5video6SColorE
_ZTVN5daisy5video10CVideoNullE,50,0x0014b000,_ZN5daisy5video10CVideoNull15draw2DLineFloatERKN2ox4core11CPosition2dIfEES7_NS2_5video6SColorE
_ZTVN5daisy5video10CVideoNullE,51,0x0014b006,_ZN5daisy5video10CVideoNull12draw2DBezierERKN2ox4core9CVector2dIfEES7_S7_S7_fNS2_5video6SColorE
_ZTVN5daisy5video10CVideoNullE,52,0x0014b208,_ZN5daisy5video10CVideoNull13draw2DHermiteERKN2ox4core9CVector2dIfEES7_S7_S7_fNS2_5video6SColorE
_ZTVN5daisy5video10CVideoNullE,53,0x0014b59a,_ZN5daisy5video10CVideoNull23drawStencilShadowVolumeEPKN2ox4core9CVector3dIfEEib
_ZTVN5daisy5video10CVideoNullE,54,0x0014b5a0,_ZN5daisy5video10CVideoNull17drawStencilShadowEbN2ox5video6SColorES4_S4_S4_
_ZTVN5daisy5video10CVideoNullE,55,0x0014bd12,_ZN5daisy5video10CVideoNull14drawMeshBufferEPN2ox5scene11IMeshBufferE
_ZTVN5daisy5video10CVideoNullE,56,0x0014bcbe,_ZN5daisy5video10CVideoNull6setFogEN2ox5video6SColorEbfffbb
_ZTVN5daisy5video10CVideoNullE,57,0x0014b47c,_ZN5daisy5video10CVideoNull13getScreenSizeEv
_ZTVN5daisy5video10CVideoNullE,58,0x0014b49a,_ZN5daisy5video10CVideoNull21getPhysicalScreenSizeEv
_ZTVN5daisy5video10CVideoNullE,59,0x0014b54a,_ZN5daisy5video10CVideoNull6getFPSEv
_ZTVN5daisy5video10CVideoNullE,60,0x0014b566,_ZN5daisy5video10CVideoNull20getNumStatusSwitchesEv
_ZTVN5daisy5video10CVideoNullE,61,0x0014b574,_ZN5daisy5video10CVideoNull22getPrimitiveCountDrawnEv
_ZTVN5daisy5video10CVideoNullE,62,0x0014b5a6,_ZN5daisy5video10CVideoNull22deleteAllDynamicLightsEv
_ZTVN5daisy5video10CVideoNullE,63,0x0014b5ba,_ZN5daisy5video10CVideoNull15addDynamicLightERKN2ox5video6SLightE
_ZTVN5daisy5video10CVideoNullE,64,0x0014b582,_ZN5daisy5video10CVideoNull15setAmbientLightERKN2ox5video7SColorfE
_ZTVN5daisy5video10CVideoNullE,65,0x0014b5dc,_ZN5daisy5video10CVideoNull28getMaximalDynamicLightAmountEv
_ZTVN5daisy5video10CVideoNullE,66,0x0014b5e4,_ZN5daisy5video10CVideoNull20getDynamicLightCountEv
_ZTVN5daisy5video10CVideoNullE,67,0x0014b60c,_ZN5daisy5video10CVideoNull15getDynamicLightEi
_ZTVN5daisy5video10CVideoNullE,68,0x0014b588,_ZN5daisy5video10CVideoNull7getNameEv
_ZTVN5daisy5video10CVideoNullE,69,0x00149ae2,_ZN5daisy5video10CVideoNull22addExternalImageLoaderEPN2ox5video12IImageLoaderE
_ZTVN5daisy5video10CVideoNullE,70,0x0014b996,_ZN5daisy5video10CVideoNull24getMaximalPrimitiveCountEv
_ZTVN5daisy5video10CVideoNullE,71,0x0014ba24,_ZN5daisy5video10CVideoNull22setTextureCreationFlagEN2ox5video23E_TEXTURE_CREATION_FLAGEb
_ZTVN5daisy5video10CVideoNullE,72,0x0014badc,_ZN5daisy5video10CVideoNull22getTextureCreationFlagEN2ox5video23E_TEXTURE_CREATION_FLAGE
_ZTVN5daisy5video10CVideoNullE,73,0x0014baf4,_ZN5daisy5video10CVideoNull19createImageFromFileEPKc
_ZTVN5daisy5video10CVideoNullE,74,0x0014bb74,_ZN5daisy5video10CVideoNull19createImageFromFileEPN2ox2io9IReadFileE
_ZTVN5daisy5video10CVideoNullE,75,0x0014bc70,_ZN5daisy5video10CVideoNull19createImageFromDataEN2ox5video13ECOLOR_FORMATERKNS2_4core12CDimension2dIiEEPv
_ZTVN5daisy5video10CVideoNullE,76,0x0014bda4,_ZN5daisy5video10CVideoNull8OnResizeERKN2ox4core12CDimension2dIiEE
_ZTVN5daisy5video10CVideoNullE,77,0x0014be5e,_ZN5daisy5video10CVideoNull19addMaterialRendererEPN2ox5video17IMaterialRendererEPKc
_ZTVN5daisy5video10CVideoNullE,78,0x0014bf40,_ZN5daisy5video10CVideoNull23setMaterialRendererNameEiPKc
_ZTVN5daisy5video10CVideoNullE,79,0x0014bfaa,_ZN5daisy5video10CVideoNull19getMaterialRendererEi
_ZTVN5daisy5video10CVideoNullE,80,0x0014bf80,_ZN5daisy5video10CVideoNull19getExposedVideoDataEv
_ZTVN5daisy5video10CVideoNullE,81,0x0014bfa2,_ZN5daisy5video10CVideoNull13getDriverTypeEv
_ZTVN5daisy5video10CVideoNullE,82,0x0014d7b0,_ZN5daisy5video10CVideoNull12isFullscreenEv
_ZTVN5daisy5video10CVideoNullE,83,0x00165036,_ZN5daisy5video10CVideoNull13setFullscreenEb
_ZTVN5daisy5video10CVideoNullE,84,0x0016503e,_ZN5daisy5video10CVideoNull14setScissorRectEPN2ox4core5CRectIiEE
_ZTVN5daisy5video10CVideoNullE,85,0x0014b4b8,_ZN5daisy5video10CVideoNull19setRenderScreenSizeEii
_ZTVN5daisy5video10CVideoNullE,86,0x0014b512,_ZN5daisy5video10CVideoNull21setForcePointSamplingEb
_ZTVN5daisy5video10CVideoNullE,87,0x0014bfdc,_ZN5daisy5video10CVideoNull25getGPUProgrammingServicesEv
_ZTVN5daisy5video10CVideoNullE,88,0x0014bfe4,_ZN5daisy5video10CVideoNull25getPostProcessingServicesEv
_ZTVN5daisy5video10CVideoNullE,89,0x00165044,_ZN5daisy5video10CVideoNull13getFileSystemEv
_ZTVN5daisy5video10CVideoNullE,90,0x00165052,_ZN5daisy5video10CVideoNull18saveJpegScreenshotEPKcS3_
_ZTVN5daisy5video10CVideoNullE,91,0x0014bfec,_ZN5daisy5video10CVideoNull26addHighLevelShaderMaterialEPKcS3_N2ox5video20E_VERTEX_SHADER_TYPEES3_S3_NS5_19E_PIXEL_SHADER_TYPEEPNS5_26IShaderConstantSetCallBackENS5_15E_MATERIAL_TYPEEi
_ZTVN5daisy5video10CVideoNullE,92,0x0014c044,_ZN5daisy5video10CVideoNull35addHighLevelShaderMaterialFromFilesEPKcS3_N2ox5video20E_VERTEX_SHADER_TYPEES3_S3_NS5_19E_PIXEL_SHADER_TYPEEPNS5_26IShaderConstantSetCallBackENS5_15E_MATERIAL_TYPEEi
_ZTVN5daisy5video10CVideoNullE,93,0x0014c1ee,_ZN5daisy5video10CVideoNull35addHighLevelShaderMaterialFromFilesEPN2ox2io9IReadFileEPKcNS2_5video20E_VERTEX_SHADER_TYPEES5_S7_NS8_19E_PIXEL_SHADER_TYPEEPNS8_26IShaderConstantSetCallBackENS8_15E_MATERIAL_TYPEEi
_ZTVN5daisy5video10CVideoNullE,94,0x0014c350,_ZN5daisy5video10CVideoNull17addShaderMaterialEPKcS3_PN2ox5video26IShaderConstantSetCallBackENS5_15E_MATERIAL_TYPEEi
_ZTVN5daisy5video10CVideoNullE,95,0x0014c3a8,_ZN5daisy5video10CVideoNull26addShaderMaterialFromFilesEPN2ox2io9IReadFileES5_PNS2_5video26IShaderConstantSetCallBackENS6_15E_MATERIAL_TYPEEi
_ZTVN5daisy5video10CVideoNullE,96,0x0014c4d2,_ZN5daisy5video10CVideoNull26addShaderMaterialFromFilesEPKcS3_PN2ox5video26IShaderConstantSetCallBackENS5_15E_MATERIAL_TYPEEi
_ZTVN5daisy5video10CVideoNullE,97,0x0014c63c,_ZN5daisy5video10CVideoNull19addCgShaderMaterialEPKcS3_S3_S3_PN2ox5video26IShaderConstantSetCallBackENS5_15E_MATERIAL_TYPEEbi
_ZTVN5daisy5video10CVideoNullE,98,0x0014c694,_ZN5daisy5video10CVideoNull28addCgShaderMaterialFromFilesEPKcS3_S3_S3_PN2ox5video26IShaderConstantSetCallBackENS5_15E_MATERIAL_TYPEEbi
_ZTVN5daisy5video10CVideoNullE,99,0x0014c836,_ZN5daisy5video10CVideoNull28addCgShaderMaterialFromFilesEPN2ox2io9IReadFileEPKcS5_S7_PNS2_5video26IShaderConstantSetCallBackENS8_15E_MATERIAL_TYPEEbi
_ZTVN5daisy5video10CVideoNullE,100,0x0014c990,_ZN5daisy5video10CVideoNull18allocatePPSurfacesEj
_ZTVN5daisy5video10CVideoNullE,101,0x0014ca9a,_ZN5daisy5video10CVideoNull14freePPSurfacesEv
_ZTVN5daisy5video10CVideoNullE,102,0x0014cb32,_ZN5daisy5video10CVideoNull19captureScreenBufferEj
_ZTVN5daisy5video10CVideoNullE,103,0x0014cbcc,_ZN5daisy5video10CVideoNull19captureScreenBufferEjRKN2ox4core5CRectIiEE
_ZTVN5daisy5video10CVideoNullE,104,0x0014cc1a,_ZN5daisy5video10CVideoNull17getCapturedBufferEj
_ZTVN5daisy5video10CVideoNullE,105,0x0014cc56,_ZN5daisy5video10CVideoNull11runPPShaderEi
_ZTVN5daisy5video10CVideoNullE,106,0x0014cd1e,_ZN5daisy5video10CVideoNull11runPPShaderEiRN2ox4core5CRectIiEEPS5_S7_j
_ZTVN5daisy5video10CVideoNullE,107,0x0014cf40,_ZN5daisy5video10CVideoNull15setInputTextureEiPN2ox5video8ITextureE
_ZTVN5daisy5video10CVideoNullE,108,0x0014cd18,_ZN5daisy5video10CVideoNull11drawPPImageERKN2ox4core5CRectIiEES7_RKNS3_12CDimension2dIiEEPS6_PSA_
_ZTVN5daisy5video10CVideoNullE,109,0x0016505a,_ZN5daisy5video10CVideoNull19renderStatusChangedEPN2ox5video8ITextureEbbi
_ZTVN5daisy5video10CVideoNullE,110,0x00165062,_ZN5daisy5video10CVideoNull16flush2dRenderingEv
_ZTVN5daisy5video10CVideoNullE,111,0x0014b408,_ZN5daisy5video10CVideoNull18update2dViewValuesEii
_ZTVN5daisy5video10CVideoNullE,112,0x0014a3c4,_ZN5daisy5video10CVideoNull17findSpritePackageEPKc
_ZTVN5daisy5video10CVideoNullE,113,0x0014a48e,_ZN5daisy5video10CVideoNull19findParticlePackageEPKc
_ZTVN5daisy5video10CVideoNullE,114,0x0014aa18,_ZN5daisy5video10CVideoNull28createDeviceDependentTextureEPN2ox5video6IImageE
_ZTVN5daisy5video10CVideoNullE,115,0xfffffff4,
_ZTVN5daisy5video10CVideoNullE,116,0x00268930,_ZTIN5daisy5video10CVideoNullE
_ZTVN5daisy5video10CVideoNullE,117,0x0014c018,_ZThn12_N5daisy5video10CVideoNull26addHighLevelShaderMaterialEPKcS3_N2ox5video20E_VERTEX_SHADER_TYPEES3_S3_NS5_19E_PIXEL_SHADER_TYPEEPNS5_26IShaderConstantSetCallBackENS5_15E_MATERIAL_TYPEEi
_ZTVN5daisy5video10CVideoNullE,118,0x0014c196,_ZThn12_N5daisy5video10CVideoNull35addHighLevelShaderMaterialFromFilesEPKcS3_N2ox5video20E_VERTEX_SHADER_TYPEES3_S3_NS5_19E_PIXEL_SHADER_TYPEEPNS5_26IShaderConstantSetCallBackENS5_15E_MATERIAL_TYPEEi
_ZTVN5daisy5video10CVideoNullE,119,0x0014c2f7,_ZThn12_N5daisy5video10CVideoNull35addHighLevelShaderMaterialFromFilesEPN2ox2io9IReadFileEPKcNS2_5video20E_VERTEX_SHADER_TYPEES5_S7_NS8_19E_PIXEL_SHADER_TYPEEPNS8_26IShaderConstantSetCallBackENS8_15E_MATERIAL_TYPEEi
_ZTVN5daisy5video10CVideoNullE,120,0x0014c37c,_ZThn12_N5daisy5video10CVideoNull17addShaderMaterialEPKcS3_PN2ox5video26IShaderConstantSetCallBackENS5_15E_MATERIAL_TYPEEi
_ZTVN5daisy5video10CVideoNullE,121,0x0014c495,_ZThn12_N5daisy5video10CVideoNull26addShaderMaterialFromFilesEPN2ox2io9IReadFileES5_PNS2_5video26IShaderConstantSetCallBackENS6_15E_MATERIAL_TYPEEi
_ZTVN5daisy5video10CVideoNullE,122,0x0014c600,_ZThn12_N5daisy5video10CVideoNull26addShaderMaterialFromFilesEPKcS3_PN2ox5video26IShaderConstantSetCallBackENS5_15E_MATERIAL_TYPEEi
_ZTVN5daisy5video10CVideoNullE,123,0x0014c668,_ZThn12_N5daisy5video10CVideoNull19addCgShaderMaterialEPKcS3_S3_S3_PN2ox5video26IShaderConstantSetCallBackENS5_15E_MATERIAL_TYPEEbi
_ZTVN5daisy5video10CVideoNullE,124,0x0014c7e2,_ZThn12_N5daisy5video10CVideoNull28addCgShaderMaterialFromFilesEPKcS3_S3_S3_PN2ox5video26IShaderConstantSetCallBackENS5_15E_MATERIAL_TYPEEbi
_ZTVN5daisy5video10CVideoNullE,125,0x0014c93b,_ZThn12_N5daisy5video10CVideoNull28addCgShaderMaterialFromFilesEPN2ox2io9IReadFileEPKcS5_S7_PNS2_5video26IShaderConstantSetCallBackENS8_15E_MATERIAL_TYPEEbi
_ZTVN5daisy5video10CVideoNullE,126,0xfffffff0,
_ZTVN5daisy5video10CVideoNullE,127,0x00268930,_ZTIN5daisy5video10CVideoNullE
_ZTVN5daisy5video10CVideoNullE,128,0x0014ca7a,_ZThn16_N5daisy5video10CVideoNull18allocatePPSurfacesEj
_ZTVN5daisy5video10CVideoNullE,129,0x0014cb18,_ZThn16_N5daisy5video10CVideoNull14freePPSurfacesEv
_ZTVN5daisy5video10CVideoNullE,130,0x0014cb7d,_ZThn16_N5daisy5video10CVideoNull19captureScreenBufferEj
_ZTVN5daisy5video10CVideoNullE,131,0x0014cbf3,_ZThn16_N5daisy5video10CVideoNull19captureScreenBufferEjRKN2ox4core5CRectIiEE
_ZTVN5daisy5video10CVideoNullE,132,0x0014cc38,_ZThn16_N5daisy5video10CVideoNull17getCapturedBufferEj
_ZTVN5daisy5video10CVideoNullE,133,0x0014ccb5,_ZThn16_N5daisy5video10CVideoNull11runPPShaderEi
_ZTVN5daisy5video10CVideoNullE,134,0x0014cf03,_ZThn16_N5daisy5video10CVideoNull11runPPShaderEiRN2ox4core5CRectIiEEPS5_S7_j
_ZTVN5daisy5video10CVideoNullE,135,0x0014cfae,_ZThn16_N5daisy5video10CVideoNull15setInputTextureEiPN2ox5video8ITextureE
_ZTVN5daisy5video25COpenGLCGMaterialRendererE,0,0x00000000,
_ZTVN5daisy5video25COpenGLCGMaterialRendererE,1,0x002689c8,_ZTIN5daisy5video25COpenGLCGMaterialRendererE
_ZTVN5daisy5video25COpenGLCGMaterialRendererE,2,0x00151164,_ZN5daisy5video25COpenGLCGMaterialRendererD1Ev
_ZTVN5daisy5video25COpenGLCGMaterialRendererE,3,0x00151134,_ZN5daisy5video25COpenGLCGMaterialRendererD0Ev
_ZTVN5daisy5video25COpenGLCGMaterialRendererE,4,0x001511a8,_ZN5daisy5video25COpenGLCGMaterialRenderer13OnSetMaterialERN2ox5video9SMaterialERKS4_bPNS3_25IMaterialRendererServicesE
_ZTVN5daisy5video25COpenGLCGMaterialRendererE,5,0x00139e3e,_ZN5daisy5video19CCGMaterialRenderer8OnRenderEPN2ox5video25IMaterialRendererServicesENS3_13E_VERTEX_TYPEE
_ZTVN5daisy5video25COpenGLCGMaterialRendererE,6,0x001512a2,_ZN5daisy5video25COpenGLCGMaterialRenderer15OnUnsetMaterialEv
_ZTVN5daisy5video25COpenGLCGMaterialRendererE,7,0x00151342,_ZN5daisy5video25COpenGLCGMaterialRenderer13isTransparentEv
_ZTVN5daisy5video25COpenGLCGMaterialRendererE,8,0x00151366,_ZN5daisy5video25COpenGLCGMaterialRenderer20createCGVertexShaderEPKcS3_P10_CGcontextb
_ZTVN5daisy5video25COpenGLCGMaterialRendererE,9,0x00151408,_ZN5daisy5video25COpenGLCGMaterialRenderer19createCGPixelShaderEPKcS3_P10_CGcontextb
_ZTVN5daisy5video25COpenGLCGMaterialRendererE,10,0x00139e7c,_ZN5daisy5video19CCGMaterialRenderer20setBasicRenderStatesERKN2ox5video9SMaterialES6_b
_ZTVN5daisy5video25COpenGLCGMaterialRendererE,11,0x00139ede,_ZN5daisy5video19CCGMaterialRenderer23setVertexShaderConstantEPKcPKfi
_ZTVN5daisy5video25COpenGLCGMaterialRendererE,12,0x00139f4e,_ZN5daisy5video19CCGMaterialRenderer23setVertexShaderConstantEPKfii
_ZTVN5daisy5video25COpenGLCGMaterialRendererE,13,0x00139f9c,_ZN5daisy5video19CCGMaterialRenderer22setPixelShaderConstantEPKcPKfi
_ZTVN5daisy5video25COpenGLCGMaterialRendererE,14,0x0013a00c,_ZN5daisy5video19CCGMaterialRenderer22setPixelShaderConstantEPKfii
_ZTVN5daisy5video25COpenGLCGMaterialRendererE,15,0x0013a05a,_ZN5daisy5video19CCGMaterialRenderer14getVideoDriverEv
_ZTVN5daisy5video25COpenGLCGMaterialRendererE,16,0xfffffff4,
_ZTVN5daisy5video25COpenGLCGMaterialRendererE,17,0x002689c8,_ZTIN5daisy5video25COpenGLCGMaterialRendererE
_ZTVN5daisy5video25COpenGLCGMaterialRendererE,18,0x0015118f,_ZThn12_N5daisy5video25COpenGLCGMaterialRendererD1Ev
_ZTVN5daisy5video25COpenGLCGMaterialRendererE,19,0x0015116d,_ZThn12_N5daisy5video25COpenGLCGMaterialRendererD0Ev
_ZTVN5daisy5video25COpenGLCGMaterialRendererE,20,0x00139ead,_ZThn12_N5daisy5video19CCGMaterialRenderer20setBasicRenderStatesERKN2ox5video9SMaterialES6_b
_ZTVN5daisy5video25COpenGLCGMaterialRendererE,21,0x00139f14,_ZThn12_N5daisy5video19CCGMaterialRenderer23setVertexShaderConstantEPKcPKfi
_ZTVN5daisy5video25COpenGLCGMaterialRendererE,22,0x00139f75,_ZThn12_N5daisy5video19CCGMaterialRenderer23setVertexShaderConstantEPKfii
_ZTVN5daisy5video25COpenGLCGMaterialRendererE,23,0x00139fd2,_ZThn12_N5daisy5video19CCGMaterialRenderer22setPixelShaderConstantEPKcPKfi
_ZTVN5daisy5video25COpenGLCGMaterialRendererE,24,0x0013a033,_ZThn12_N5daisy5video19CCGMaterialRenderer22setPixelShaderConstantEPKfii
_ZTVN5daisy5video25COpenGLCGMaterialRendererE,25,0x0013a065,_ZThn12_N5daisy5video19CCGMaterialRenderer14getVideoDriverEv
_ZTVN5daisy5video29COpenGLShaderMaterialRendererE,0,0x00000000,
_ZTVN5daisy5video29COpenGLShaderMaterialRendererE,1,0x00268a00,_ZTIN5daisy5video29COpenGLShaderMaterialRendererE
_ZTVN5daisy5video29COpenGLShaderMaterialRendererE,2,0x0015182a,_ZN5daisy5video29COpenGLShaderMaterialRendererD1Ev
_ZTVN5daisy5video29COpenGLShaderMaterialRendererE,3,0x001517fa,_ZN5daisy5video29COpenGLShaderMaterialRendererD0Ev
_ZTVN5daisy5video29COpenGLShaderMaterialRendererE,4,0x001518dc,_ZN5daisy5video29COpenGLShaderMaterialRenderer13OnSetMaterialERN2ox5video9SMaterialERKS4_bPNS3_25IMaterialRendererServicesE
_ZTVN5daisy5video29COpenGLShaderMaterialRendererE,5,0x0015964c,_ZN2ox5video17IMaterialRenderer8OnRenderEPNS0_25IMaterialRendererServicesENS0_13E_VERTEX_TYPEE
_ZTVN5daisy5video29COpenGLShaderMaterialRendererE,6,0x001519bc,_ZN5daisy5video29COpenGLShaderMaterialRenderer15OnUnsetMaterialEv
_ZTVN5daisy5video29COpenGLShaderMaterialRendererE,7,0x001519fe,_ZN5daisy5video29COpenGLShaderMaterialRenderer13isTransparentEv
_ZTVN5daisy5video25COpenGLSLMaterialRendererE,0,0x00000000,
_ZTVN5daisy5video25COpenGLSLMaterialRendererE,1,0x00268a70,_ZTIN5daisy5video25COpenGLSLMaterialRendererE
_ZTVN5daisy5video25COpenGLSLMaterialRendererE,2,0x00151cf8,_ZN5daisy5video25COpenGLSLMaterialRendererD1Ev
_ZTVN5daisy5video25COpenGLSLMaterialRendererE,3,0x00151cc8,_ZN5daisy5video25COpenGLSLMaterialRendererD0Ev
_ZTVN5daisy5video25COpenGLSLMaterialRendererE,4,0x0015220e,_ZN5daisy5video25COpenGLSLMaterialRenderer13OnSetMaterialERN2ox5video9SMaterialERKS4_bPNS3_25IMaterialRendererServicesE
_ZTVN5daisy5video25COpenGLSLMaterialRendererE,5,0x001521d6,_ZN5daisy5video25COpenGLSLMaterialRenderer8OnRenderEPN2ox5video25IMaterialRendererServicesENS3_13E_VERTEX_TYPEE
_ZTVN5daisy5video25COpenGLSLMaterialRendererE,6,0x00152318,_ZN5daisy5video25COpenGLSLMaterialRenderer15OnUnsetMaterialEv
_ZTVN5daisy5video25COpenGLSLMaterialRendererE,7,0x0015234a,_ZN5daisy5video25COpenGLSLMaterialRenderer13isTransparentEv
_ZTVN5daisy5video25COpenGLSLMaterialRendererE,8,0x0015236e,_ZN5daisy5video25COpenGLSLMaterialRenderer20setBasicRenderStatesERKN2ox5video9SMaterialES6_b
_ZTVN5daisy5video25COpenGLSLMaterialRendererE,9,0x001523d6,_ZN5daisy5video25COpenGLSLMaterialRenderer23setVertexShaderConstantEPKcPKfi
_ZTVN5daisy5video25COpenGLSLMaterialRendererE,10,0x00152436,_ZN5daisy5video25COpenGLSLMaterialRenderer23setVertexShaderConstantEPKfii
_ZTVN5daisy5video25COpenGLSLMaterialRendererE,11,0x00152484,_ZN5daisy5video25COpenGLSLMaterialRenderer22setPixelShaderConstantEPKcPKfi
_ZTVN5daisy5video25COpenGLSLMaterialRendererE,12,0x0015271e,_ZN5daisy5video25COpenGLSLMaterialRenderer22setPixelShaderConstantEPKfii
_ZTVN5daisy5video25COpenGLSLMaterialRendererE,13,0x0015276c,_ZN5daisy5video25COpenGLSLMaterialRenderer14getVideoDriverEv
_ZTVN5daisy5video25COpenGLSLMaterialRendererE,14,0xfffffff4,
_ZTVN5daisy5video25COpenGLSLMaterialRendererE,15,0x00268a70,_ZTIN5daisy5video25COpenGLSLMaterialRendererE
_ZTVN5daisy5video25COpenGLSLMaterialRendererE,16,0x00151dd9,_ZThn12_N5daisy5video25COpenGLSLMaterialRendererD1Ev
_ZTVN5daisy5video25COpenGLSLMaterialRendererE,17,0x00151d01,_ZThn12_N5daisy5video25COpenGLSLMaterialRendererD0Ev
_ZTVN5daisy5video25COpenGLSLMaterialRendererE,18,0x001523a2,_ZThn12_N5daisy5video25COpenGLSLMaterialRenderer20setBasicRenderStatesERKN2ox5video9SMaterialES6_b
_ZTVN5daisy5video25COpenGLSLMaterialRendererE,19,0x00152404,_ZThn12_N5daisy5video25COpenGLSLMaterialRenderer23setVertexShaderConstantEPKcPKfi
_ZTVN5daisy5video25COpenGLSLMaterialRendererE,20,0x0015245d,_ZThn12_N5daisy5video25COpenGLSLMaterialRenderer23setVertexShaderConstantEPKfii
_ZTVN5daisy5video25COpenGLSLMaterialRendererE,21,0x001526ec,_ZThn12_N5daisy5video25COpenGLSLMaterialRenderer22setPixelShaderConstantEPKcPKfi
_ZTVN5daisy5video25COpenGLSLMaterialRendererE,22,0x00152745,_ZThn12_N5daisy5video25COpenGLSLMaterialRenderer22setPixelShaderConstantEPKfii
_ZTVN5daisy5video25COpenGLSLMaterialRendererE,23,0x00152777,_ZThn12_N5daisy5video25COpenGLSLMaterialRenderer14getVideoDriverEv
_ZTVN5daisy5video14COpenGLTextureE,0,0x00000000,
_ZTVN5daisy5video14COpenGLTextureE,1,0x00268ac0,_ZTIN5daisy5video14COpenGLTextureE
_ZTVN5daisy5video14COpenGLTextureE,2,0x00153018,_ZN5daisy5video14COpenGLTextureD1Ev
_ZTVN5daisy5video14COpenGLTextureE,3,0x00152fe8,_ZN5daisy5video14COpenGLTextureD0Ev
_ZTVN5daisy5video14COpenGLTextureE,4,0x0015306a,_ZN5daisy5video14COpenGLTexture4lockEv
_ZTVN5daisy5video14COpenGLTextureE,5,0x00153076,_ZN5daisy5video14COpenGLTexture6unlockEv
_ZTVN5daisy5video14COpenGLTextureE,6,0x00153080,_ZN5daisy5video14COpenGLTexture15getOriginalSizeEv
_ZTVN5daisy5video14COpenGLTextureE,7,0x0015308c,_ZN5daisy5video14COpenGLTexture7getSizeEv
_ZTVN5daisy5video14COpenGLTextureE,8,0x00153098,_ZN5daisy5video14COpenGLTexture13getDriverTypeEv
_ZTVN5daisy5video14COpenGLTextureE,9,0x001530a2,_ZN5daisy5video14COpenGLTexture14getColorFormatEv
_ZTVN5daisy5video14COpenGLTextureE,10,0x001530ac,_ZN5daisy5video14COpenGLTexture8getPitchEv
_ZTVN5daisy5video14COpenGLTextureE,11,0x00000000,
_ZTVN5daisy5video12CVideoOpenGLE,0,0x00000000,
_ZTVN5daisy5video12CVideoOpenGLE,1,0x00268d30,_ZTIN5daisy5video12CVideoOpenGLE
_ZTVN5daisy5video12CVideoOpenGLE,2,0x00153eb6,_ZN5daisy5video12CVideoOpenGLD1Ev
_ZTVN5daisy5video12CVideoOpenGLE,3,0x00153e86,_ZN5daisy5video12CVideoOpenGLD0Ev
_ZTVN5daisy5video12CVideoOpenGLE,4,0x00153fa2,_ZN5daisy5video12CVideoOpenGL10beginSceneEbbN2ox5video6SColorE
_ZTVN5daisy5video12CVideoOpenGLE,5,0x00154068,_ZN5daisy5video12CVideoOpenGL11clearScreenEbN2ox5video6SColorE
_ZTVN5daisy5video12CVideoOpenGLE,6,0x00153f7a,_ZN5daisy5video12CVideoOpenGL8endSceneEv
_ZTVN5daisy5video12CVideoOpenGLE,7,0x00156a24,_ZN5daisy5video12CVideoOpenGL12queryFeatureEN2ox5video22E_VIDEO_DRIVER_FEATUREE
_ZTVN5daisy5video12CVideoOpenGLE,8,0x00154178,_ZN5daisy5video12CVideoOpenGL12setTransformEN2ox5video22E_TRANSFORMATION_STATEERKNS2_4core8CMatrix4E
_ZTVN5daisy5video12CVideoOpenGLE,9,0x001540f6,_ZN5daisy5video12CVideoOpenGL12getTransformEN2ox5video22E_TRANSFORMATION_STATEE
_ZTVN5daisy5video12CVideoOpenGLE,10,0x00156bca,_ZN5daisy5video12CVideoOpenGL11setMaterialERKN2ox5video9SMaterialE
_ZTVN5daisy5video12CVideoOpenGLE,11,0x001592d8,_ZN5daisy5video12CVideoOpenGL22useMaterialShaderFor2DEb
_ZTVN5daisy5video12CVideoOpenGLE,12,0x001592f0,_ZN5daisy5video12CVideoOpenGL11flushRenderEv
_ZTVN5daisy5video12CVideoOpenGLE,13,0x0014a558,_ZN5daisy5video10CVideoNull10getTextureEPKc
_ZTVN5daisy5video12CVideoOpenGLE,14,0x0014a85a,_ZN5daisy5video10CVideoNull10getTextureEPN2ox2io9IReadFileE
_ZTVN5daisy5video12CVideoOpenGLE,15,0x0014a972,_ZN5daisy5video10CVideoNull10addTextureERKN2ox4core12CDimension2dIiEEPKcNS2_5video13ECOLOR_FORMATE
_ZTVN5daisy5video12CVideoOpenGLE,16,0x0014a918,_ZN5daisy5video10CVideoNull10addTextureEPKcPN2ox5video6IImageE
_ZTVN5daisy5video12CVideoOpenGLE,17,0x00149c20,_ZN5daisy5video10CVideoNull13removeTextureEPN2ox5video8ITextureE
_ZTVN5daisy5video12CVideoOpenGLE,18,0x00149c9a,_ZN5daisy5video10CVideoNull13removeTextureEPKc
_ZTVN5daisy5video12CVideoOpenGLE,19,0x00149d6e,_ZN5daisy5video10CVideoNull17removeAllTexturesEv
_ZTVN5daisy5video12CVideoOpenGLE,20,0x0014a900,_ZN5daisy5video10CVideoNull14getNumTexturesEv
_ZTVN5daisy5video12CVideoOpenGLE,21,0x00149d78,_ZN5daisy5video10CVideoNull16getSpritePackageEPKcb
_ZTVN5daisy5video12CVideoOpenGLE,22,0x0014a148,_ZN5daisy5video10CVideoNull19removeSpritePackageEPKc
_ZTVN5daisy5video12CVideoOpenGLE,23,0x0014a2f0,_ZN5daisy5video10CVideoNull23removeAllSpritePackagesEv
_ZTVN5daisy5video12CVideoOpenGLE,24,0x00149f66,_ZN5daisy5video10CVideoNull18getParticlePackageEPKc
_ZTVN5daisy5video12CVideoOpenGLE,25,0x0014a21c,_ZN5daisy5video10CVideoNull21removeParticlePackageEPKc
_ZTVN5daisy5video12CVideoOpenGLE,26,0x0014a35a,_ZN5daisy5video10CVideoNull25removeAllParticlePackagesEv
_ZTVN5daisy5video12CVideoOpenGLE,27,0x0014b64c,_ZN5daisy5video10CVideoNull19makeColorKeyTextureEPN2ox5video8ITextureENS3_6SColorE
_ZTVN5daisy5video12CVideoOpenGLE,28,0x0014b7f8,_ZN5daisy5video10CVideoNull19makeColorKeyTextureEPN2ox5video8ITextureENS2_4core11CPosition2dIiEE
_ZTVN5daisy5video12CVideoOpenGLE,29,0x0014aa60,_ZN5daisy5video10CVideoNull25createRenderTargetTextureERKN2ox4core12CDimension2dIiEE
_ZTVN5daisy5video12CVideoOpenGLE,30,0x00158724,_ZN5daisy5video12CVideoOpenGL19createScreenTextureERKN2ox4core12CDimension2dIiEE
_ZTVN5daisy5video12CVideoOpenGLE,31,0x0015876e,_ZN5daisy5video12CVideoOpenGL15setRenderTargetEPN2ox5video8ITextureEbbNS3_6SColorE
_ZTVN5daisy5video12CVideoOpenGLE,32,0x0015741e,_ZN5daisy5video12CVideoOpenGL11setViewPortERKN2ox4core5CRectIiEE
_ZTVN5daisy5video12CVideoOpenGLE,33,0x0014aa98,_ZNK5daisy5video10CVideoNull11getViewPortEv
_ZTVN5daisy5video12CVideoOpenGLE,34,0x001542c0,_ZN5daisy5video12CVideoOpenGL23drawIndexedTriangleListEPKN2ox5video9S3DVertexEiPKti
_ZTVN5daisy5video12CVideoOpenGLE,35,0x0015474a,_ZN5daisy5video12CVideoOpenGL23drawIndexedTriangleListEPKN2ox5video17S3DVertex2TCoordsEiPKti
_ZTVN5daisy5video12CVideoOpenGLE,36,0x001549a2,_ZN5daisy5video12CVideoOpenGL22drawIndexedTriangleFanEPKN2ox5video9S3DVertexEiPKti
_ZTVN5daisy5video12CVideoOpenGLE,37,0x00154b78,_ZN5daisy5video12CVideoOpenGL22drawIndexedTriangleFanEPKN2ox5video17S3DVertex2TCoordsEiPKti
_ZTVN5daisy5video12CVideoOpenGLE,38,0x00157ba0,_ZN5daisy5video12CVideoOpenGL10draw3DLineERKN2ox4core9CVector3dIfEES7_NS2_5video6SColorE
_ZTVN5daisy5video12CVideoOpenGLE,39,0x0014acfa,_ZN5daisy5video10CVideoNull14draw3DTriangleERKN2ox4core11CTriangle3dIfEENS2_5video6SColorE
_ZTVN5daisy5video12CVideoOpenGLE,40,0x0014ad88,_ZN5daisy5video10CVideoNull9draw3DBoxEN2ox4core9CAabbox3dIfEENS2_5video6SColorE
_ZTVN5daisy5video12CVideoOpenGLE,41,0x00154dd6,_ZN5daisy5video12CVideoOpenGL11draw2DImageEPN2ox5video8ITextureERKNS2_4core11CPosition2dIiEE
_ZTVN5daisy5video12CVideoOpenGLE,42,0x00154e50,_ZN5daisy5video12CVideoOpenGL11draw2DImageEPN2ox5video8ITextureERKNS2_4core11CPosition2dIiEERKNS6_5CRectIiEEPSD_NS3_6SColorEb
_ZTVN5daisy5video12CVideoOpenGLE,43,0x001558c6,_ZN5daisy5video12CVideoOpenGL17drawScaled2DImageEPN2ox5video8ITextureERKNS2_4core11CPosition2dIfEERKNS6_5CRectIiEEfNS3_6SColorEb
_ZTVN5daisy5video12CVideoOpenGLE,44,0x00155404,_ZN5daisy5video12CVideoOpenGL11draw2DImageEPN2ox5video8ITextureERKNS2_4core11CPosition2dIiEERKNS6_5CRectIiEEPSD_PNS3_6SColorEb
_ZTVN5daisy5video12CVideoOpenGLE,45,0x001559aa,_ZN5daisy5video12CVideoOpenGL11draw2DImageEPN2ox5video8ITextureERKNS2_4core11CPosition2dIiEESA_SA_SA_RKNS6_5CRectIiEEPNS3_6SColorEb
_ZTVN5daisy5video12CVideoOpenGLE,46,0x00155db6,_ZN5daisy5video12CVideoOpenGL11draw2DImageEPN2ox5video8ITextureERKNS2_4core11CPosition2dIfEESA_SA_SA_RKNS6_5CRectIiEEPKNS3_11SColorArrayEb
_ZTVN5daisy5video12CVideoOpenGLE,47,0x00156816,_ZN5daisy5video12CVideoOpenGL15draw2DRectangleEN2ox5video6SColorERKNS2_4core5CRectIiEEPS8_
_ZTVN5daisy5video12CVideoOpenGLE,48,0x00165030,_ZN5daisy5video10CVideoNull18draw2DTriangleListEPN2ox5video8ITextureEPNS2_4core11CPosition2dIfEES9_PNS3_6SColorEPiii
_ZTVN5daisy5video12CVideoOpenGLE,49,0x00156196,_ZN5daisy5video12CVideoOpenGL10draw2DLineERKN2ox4core11CPosition2dIiEES7_NS2_5video6SColorE
_ZTVN5daisy5video12CVideoOpenGLE,50,0x00156688,_ZN5daisy5video12CVideoOpenGL15draw2DLineFloatERKN2ox4core11CPosition2dIfEES7_NS2_5video6SColorE
_ZTVN5daisy5video12CVideoOpenGLE,51,0x0014b006,_ZN5daisy5video10CVideoNull12draw2DBezierERKN2ox4core9CVector2dIfEES7_S7_S7_fNS2_5video6SColorE
_ZTVN5daisy5video12CVideoOpenGLE,52,0x0014b208,_ZN5daisy5video10CVideoNull13draw2DHermiteERKN2ox4core9CVector2dIfEES7_S7_S7_fNS2_5video6SColorE
_ZTVN5daisy5video12CVideoOpenGLE,53,0x001574ae,_ZN5daisy5video12CVideoOpenGL23drawStencilShadowVolumeEPKN2ox4core9CVector3dIfEEib
_ZTVN5daisy5video12CVideoOpenGLE,54,0x0015780c,_ZN5daisy5video12CVideoOpenGL17drawStencilShadowEbN2ox5video6SColorES4_S4_S4_
_ZTVN5daisy5video12CVideoOpenGLE,55,0x0014bd12,_ZN5daisy5video10CVideoNull14drawMeshBufferEPN2ox5scene11IMeshBufferE
_ZTVN5daisy5video12CVideoOpenGLE,56,0x00157a64,_ZN5daisy5video12CVideoOpenGL6setFogEN2ox5video6SColorEbfffbb
_ZTVN5daisy5video12CVideoOpenGLE,57,0x0014b47c,_ZN5daisy5video10CVideoNull13getScreenSizeEv
_ZTVN5daisy5video12CVideoOpenGLE,58,0x0014b49a,_ZN5daisy5video10CVideoNull21getPhysicalScreenSizeEv
_ZTVN5daisy5video12CVideoOpenGLE,59,0x0014b54a,_ZN5daisy5video10CVideoNull6getFPSEv
_ZTVN5daisy5video12CVideoOpenGLE,60,0x0014b566,_ZN5daisy5video10CVideoNull20getNumStatusSwitchesEv
_ZTVN5daisy5video12CVideoOpenGLE,61,0x0014b574,_ZN5daisy5video10CVideoNull22getPrimitiveCountDrawnEv
_ZTVN5daisy5video12CVideoOpenGLE,62,0x00157188,_ZN5daisy5video12CVideoOpenGL22deleteAllDynamicLightsEv
_ZTVN5daisy5video12CVideoOpenGLE,63,0x001571d0,_ZN5daisy5video12CVideoOpenGL15addDynamicLightERKN2ox5video6SLightE
_ZTVN5daisy5video12CVideoOpenGLE,64,0x001573d6,_ZN5daisy5video12CVideoOpenGL15setAmbientLightERKN2ox5video7SColorfE
_ZTVN5daisy5video12CVideoOpenGLE,65,0x001573cc,_ZN5daisy5video12CVideoOpenGL28getMaximalDynamicLightAmountEv
_ZTVN5daisy5video12CVideoOpenGLE,66,0x0014b5e4,_ZN5daisy5video10CVideoNull20getDynamicLightCountEv
_ZTVN5daisy5video12CVideoOpenGLE,67,0x0014b60c,_ZN5daisy5video10CVideoNull15getDynamicLightEi
_ZTVN5daisy5video12CVideoOpenGLE,68,0x00157176,_ZN5daisy5video12CVideoOpenGL7getNameEv
_ZTVN5daisy5video12CVideoOpenGLE,69,0x00149ae2,_ZN5daisy5video10CVideoNull22addExternalImageLoaderEPN2ox5video12IImageLoaderE
_ZTVN5daisy5video12CVideoOpenGLE,70,0x0014b996,_ZN5daisy5video10CVideoNull24getMaximalPrimitiveCountEv
_ZTVN5daisy5video12CVideoOpenGLE,71,0x0014ba24,_ZN5daisy5video10CVideoNull22setTextureCreationFlagEN2ox5video23E_TEXTURE_CREATION_FLAGEb
_ZTVN5daisy5video12CVideoOpenGLE,72,0x0014badc,_ZN5daisy5video10CVideoNull22getTextureCreationFlagEN2ox5video23E_TEXTURE_CREATION_FLAGE
_ZTVN5daisy5video12CVideoOpenGLE,73,0x0014baf4,_ZN5daisy5video10CVideoNull19createImageFromFileEPKc
_ZTVN5daisy5video12CVideoOpenGLE,74,0x0014bb74,_ZN5daisy5video10CVideoNull19createImageFromFileEPN2ox2io9IReadFileE
_ZTVN5daisy5video12CVideoOpenGLE,75,0x0014bc70,_ZN5daisy5video10CVideoNull19createImageFromDataEN2ox5video13ECOLOR_FORMATERKNS2_4core12CDimension2dIiEEPv
_ZTVN5daisy5video12CVideoOpenGLE,76,0x00157c74,_ZN5daisy5video12CVideoOpenGL8OnResizeERKN2ox4core12CDimension2dIiEE
_ZTVN5daisy5video12CVideoOpenGLE,77,0x0014be5e,_ZN5daisy5video10CVideoNull19addMaterialRendererEPN2ox5video17IMaterialRendererEPKc
_ZTVN5daisy5video12CVideoOpenGLE,78,0x0014bf40,_ZN5daisy5video10CVideoNull23setMaterialRendererNameEiPKc
_ZTVN5daisy5video12CVideoOpenGLE,79,0x0014bfaa,_ZN5daisy5video10CVideoNull19getMaterialRendererEi
_ZTVN5daisy5video12CVideoOpenGLE,80,0x0014bf80,_ZN5daisy5video10CVideoNull19getExposedVideoDataEv
_ZTVN5daisy5video12CVideoOpenGLE,81,0x00157cb4,_ZN5daisy5video12CVideoOpenGL13getDriverTypeEv
_ZTVN5daisy5video12CVideoOpenGLE,82,0x00158782,_ZN5daisy5video12CVideoOpenGL12isFullscreenEv
_ZTVN5daisy5video12CVideoOpenGLE,83,0x00158794,_ZN5daisy5video12CVideoOpenGL13setFullscreenEb
_ZTVN5daisy5video12CVideoOpenGLE,84,0x0015710e,_ZN5daisy5video12CVideoOpenGL14setScissorRectEPN2ox4core5CRectIiEE
_ZTVN5daisy5video12CVideoOpenGLE,85,0x0014b4b8,_ZN5daisy5video10CVideoNull19setRenderScreenSizeEii
_ZTVN5daisy5video12CVideoOpenGLE,86,0x0014b512,_ZN5daisy5video10CVideoNull21setForcePointSamplingEb
_ZTVN5daisy5video12CVideoOpenGLE,87,0x00158706,_ZN5daisy5video12CVideoOpenGL25getGPUProgrammingServicesEv
_ZTVN5daisy5video12CVideoOpenGLE,88,0x00158712,_ZN5daisy5video12CVideoOpenGL25getPostProcessingServicesEv
_ZTVN5daisy5video12CVideoOpenGLE,89,0x00165044,_ZN5daisy5video10CVideoNull13getFileSystemEv
_ZTVN5daisy5video12CVideoOpenGLE,90,0x001587c0,_ZN5daisy5video12CVideoOpenGL18saveJpegScreenshotEPKcS3_
_ZTVN5daisy5video12CVideoOpenGLE,91,0x001584cc,_ZN5daisy5video12CVideoOpenGL26addHighLevelShaderMaterialEPKcS3_N2ox5video20E_VERTEX_SHADER_TYPEES3_S3_NS5_19E_PIXEL_SHADER_TYPEEPNS5_26IShaderConstantSetCallBackENS5_15E_MATERIAL_TYPEEi
_ZTVN5daisy5video12CVideoOpenGLE,92,0x0014c044,_ZN5daisy5video10CVideoNull35addHighLevelShaderMaterialFromFilesEPKcS3_N2ox5video20E_VERTEX_SHADER_TYPEES3_S3_NS5_19E_PIXEL_SHADER_TYPEEPNS5_26IShaderConstantSetCallBackENS5_15E_MATERIAL_TYPEEi
_ZTVN5daisy5video12CVideoOpenGLE,93,0x0014c1ee,_ZN5daisy5video10CVideoNull35addHighLevelShaderMaterialFromFilesEPN2ox2io9IReadFileEPKcNS2_5video20E_VERTEX_SHADER_TYPEES5_S7_NS8_19E_PIXEL_SHADER_TYPEEPNS8_26IShaderConstantSetCallBackENS8_15E_MATERIAL_TYPEEi
_ZTVN5daisy5video12CVideoOpenGLE,94,0x001583f8,_ZN5daisy5video12CVideoOpenGL17addShaderMaterialEPKcS3_PN2ox5video26IShaderConstantSetCallBackENS5_15E_MATERIAL_TYPEEi
_ZTVN5daisy5video12CVideoOpenGLE,95,0x0014c3a8,_ZN5daisy5video10CVideoNull26addShaderMaterialFromFilesEPN2ox2io9IReadFileES5_PNS2_5video26IShaderConstantSetCallBackENS6_15E_MATERIAL_TYPEEi
_ZTVN5daisy5video12CVideoOpenGLE,96,0x0014c4d2,_ZN5daisy5video10CVideoNull26addShaderMaterialFromFilesEPKcS3_PN2ox5video26IShaderConstantSetCallBackENS5_15E_MATERIAL_TYPEEi
_ZTVN5daisy5video12CVideoOpenGLE,97,0x001585d8,_ZN5daisy5video12CVideoOpenGL19addCgShaderMaterialEPKcS3_S3_S3_PN2ox5video26IShaderConstantSetCallBackENS5_15E_MATERIAL_TYPEEbi
_ZTVN5daisy5video12CVideoOpenGLE,98,0x0014c694,_ZN5daisy5video10CVideoNull28addCgShaderMaterialFromFilesEPKcS3_S3_S3_PN2ox5video26IShaderConstantSetCallBackENS5_15E_MATERIAL_TYPEEbi
_ZTVN5daisy5video12CVideoOpenGLE,99,0x0014c836,_ZN5daisy5video10CVideoNull28addCgShaderMaterialFromFilesEPN2ox2io9IReadFileEPKcS5_S7_PNS2_5video26IShaderConstantSetCallBackENS8_15E_MATERIAL_TYPEEbi
_ZTVN5daisy5video12CVideoOpenGLE,100,0x0014c990,_ZN5daisy5video10CVideoNull18allocatePPSurfacesEj
_ZTVN5daisy5video12CVideoOpenGLE,101,0x0014ca9a,_ZN5daisy5video10CVideoNull14freePPSurfacesEv
_ZTVN5daisy5video12CVideoOpenGLE,102,0x0014cb32,_ZN5daisy5video10CVideoNull19captureScreenBufferEj
_ZTVN5daisy5video12CVideoOpenGLE,103,0x00158778,_ZN5daisy5video12CVideoOpenGL19captureScreenBufferEjRKN2ox4core5CRectIiEE
_ZTVN5daisy5video12CVideoOpenGLE,104,0x0014cc1a,_ZN5daisy5video10CVideoNull17getCapturedBufferEj
_ZTVN5daisy5video12CVideoOpenGLE,105,0x0014cc56,_ZN5daisy5video10CVideoNull11runPPShaderEi
_ZTVN5daisy5video12CVideoOpenGLE,106,0x0014cd1e,_ZN5daisy5video10CVideoNull11runPPShaderEiRN2ox4core5CRectIiEEPS5_S7_j
_ZTVN5daisy5video12CVideoOpenGLE,107,0x0014cf40,_ZN5daisy5video10CVideoNull15setInputTextureEiPN2ox5video8ITextureE
_ZTVN5daisy5video12CVideoOpenGLE,108,0x0014cd18,_ZN5daisy5video10CVideoNull11drawPPImageERKN2ox4core5CRectIiEES7_RKNS3_12CDimension2dIiEEPS6_PSA_
_ZTVN5daisy5video12CVideoOpenGLE,109,0x0016505a,_ZN5daisy5video10CVideoNull19renderStatusChangedEPN2ox5video8ITextureEbbi
_ZTVN5daisy5video12CVideoOpenGLE,110,0x001570d8,_ZN5daisy5video12CVideoOpenGL16flush2dRenderingEv
_ZTVN5daisy5video12CVideoOpenGLE,111,0x0014b408,_ZN5daisy5video10CVideoNull18update2dViewValuesEii
_ZTVN5daisy5video12CVideoOpenGLE,112,0x0014a3c4,_ZN5daisy5video10CVideoNull17findSpritePackageEPKc
_ZTVN5daisy5video12CVideoOpenGLE,113,0x0014a48e,_ZN5daisy5video10CVideoNull19findParticlePackageEPKc
_ZTVN5daisy5video12CVideoOpenGLE,114,0x00156b4a,_ZN5daisy5video12CVideoOpenGL28createDeviceDependentTextureEPN2ox5video6IImageE
_ZTVN5daisy5video12CVideoOpenGLE,115,0x00156c48,_ZN5daisy5video12CVideoOpenGL20setBasicRenderStatesERKN2ox5video9SMaterialES6_b
_ZTVN5daisy5video12CVideoOpenGLE,116,0x00158256,_ZN5daisy5video12CVideoOpenGL23setVertexShaderConstantEPKfii
_ZTVN5daisy5video12CVideoOpenGLE,117,0x001582c8,_ZN5daisy5video12CVideoOpenGL22setPixelShaderConstantEPKfii
_ZTVN5daisy5video12CVideoOpenGLE,118,0x0015833a,_ZN5daisy5video12CVideoOpenGL23setVertexShaderConstantEPKcPKfi
_ZTVN5daisy5video12CVideoOpenGLE,119,0x001583a6,_ZN5daisy5video12CVideoOpenGL22setPixelShaderConstantEPKcPKfi
_ZTVN5daisy5video12CVideoOpenGLE,120,0x001586f0,_ZN5daisy5video12CVideoOpenGL14getVideoDriverEv
_ZTVN5daisy5video12CVideoOpenGLE,121,0xfffffff4,
_ZTVN5daisy5video12CVideoOpenGLE,122,0x00268d30,_ZTIN5daisy5video12CVideoOpenGLE
_ZTVN5daisy5video12CVideoOpenGLE,123,0x00158580,_ZThn12_N5daisy5video12CVideoOpenGL26addHighLevelShaderMaterialEPKcS3_N2ox5video20E_VERTEX_SHADER_TYPEES3_S3_NS5_19E_PIXEL_SHADER_TYPEEPNS5_26IShaderConstantSetCallBackENS5_15E_MATERIAL_TYPEEi
_ZTVN5daisy5video12CVideoOpenGLE,124,0x0014c196,_ZThn12_N5daisy5video10CVideoNull35addHighLevelShaderMaterialFromFilesEPKcS3_N2ox5video20E_VERTEX_SHADER_TYPEES3_S3_NS5_19E_PIXEL_SHADER_TYPEEPNS5_26IShaderConstantSetCallBackENS5_15E_MATERIAL_TYPEEi
_ZTVN5daisy5video12CVideoOpenGLE,125,0x0014c2f7,_ZThn12_N5daisy5video10CVideoNull35addHighLevelShaderMaterialFromFilesEPN2ox2io9IReadFileEPKcNS2_5video20E_VERTEX_SHADER_TYPEES5_S7_NS8_19E_PIXEL_SHADER_TYPEEPNS8_26IShaderConstantSetCallBackENS8_15E_MATERIAL_TYPEEi
_ZTVN5daisy5video12CVideoOpenGLE,126,0x00158490,_ZThn12_N5daisy5video12CVideoOpenGL17addShaderMaterialEPKcS3_PN2ox5video26IShaderConstantSetCallBackENS5_15E_MATERIAL_TYPEEi
_ZTVN5daisy5video12CVideoOpenGLE,127,0x0014c495,_ZThn12_N5daisy5video10CVideoNull26addShaderMaterialFromFilesEPN2ox2io9IReadFileES5_PNS2_5video26IShaderConstantSetCallBackENS6_15E_MATERIAL_TYPEEi
_ZTVN5daisy5video12CVideoOpenGLE,128,0x0014c600,_ZThn12_N5daisy5video10CVideoNull26addShaderMaterialFromFilesEPKcS3_PN2ox5video26IShaderConstantSetCallBackENS5_15E_MATERIAL_TYPEEi
_ZTVN5daisy5video12CVideoOpenGLE,129,0x0015869c,_ZThn12_N5daisy5video12CVideoOpenGL19addCgShaderMaterialEPKcS3_S3_S3_PN2ox5video26IShaderConstantSetCallBackENS5_15E_MATERIAL_TYPEEbi
_ZTVN5daisy5video12CVideoOpenGLE,130,0x0014c7e2,_ZThn12_N5daisy5video10CVideoNull28addCgShaderMaterialFromFilesEPKcS3_S3_S3_PN2ox5video26IShaderConstantSetCallBackENS5_15E_MATERIAL_TYPEEbi
_ZTVN5daisy5video12CVideoOpenGLE,131,0x0014c93b,_ZThn12_N5daisy5video10CVideoNull28addCgShaderMaterialFromFilesEPN2ox2io9IReadFileEPKcS5_S7_PNS2_5video26IShaderConstantSetCallBackENS8_15E_MATERIAL_TYPEEbi
_ZTVN5daisy5video12CVideoOpenGLE,132,0xfffffff0,
_ZTVN5daisy5video12CVideoOpenGLE,133,0x00268d30,_ZTIN5daisy5video12CVideoOpenGLE
_ZTVN5daisy5video12CVideoOpenGLE,134,0x0014ca7a,_ZThn16_N5daisy5video10CVideoNull18allocatePPSurfacesEj
_ZTVN5daisy5video12CVideoOpenGLE,135,0x0014cb18,_ZThn16_N5daisy5video10CVideoNull14freePPSurfacesEv
_ZTVN5daisy5video12CVideoOpenGLE,136,0x0014cb7d,_ZThn16_N5daisy5video10CVideoNull19captureScreenBufferEj
_ZTVN5daisy5video12CVideoOpenGLE,137,0x0015877d,_ZThn16_N5daisy5video12CVideoOpenGL19captureScreenBufferEjRKN2ox4core5CRectIiEE
_ZTVN5daisy5video12CVideoOpenGLE,138,0x0014cc38,_ZThn16_N5daisy5video10CVideoNull17getCapturedBufferEj
_ZTVN5daisy5video12CVideoOpenGLE,139,0x0014ccb5,_ZThn16_N5daisy5video10CVideoNull11runPPShaderEi
_ZTVN5daisy5video12CVideoOpenGLE,140,0x0014cf03,_ZThn16_N5daisy5video10CVideoNull11runPPShaderEiRN2ox4core5CRectIiEEPS5_S7_j
_ZTVN5daisy5video12CVideoOpenGLE,141,0x0014cfae,_ZThn16_N5daisy5video10CVideoNull15setInputTextureEiPN2ox5video8ITextureE
_ZTVN5daisy5video12CVideoOpenGLE,142,0xfffbcee0,
_ZTVN5daisy5video12CVideoOpenGLE,143,0x00268d30,_ZTIN5daisy5video12CVideoOpenGLE
_ZTVN5daisy5video12CVideoOpenGLE,144,0x00153f5f,_ZThn274720_N5daisy5video12CVideoOpenGLD1Ev
_ZTVN5daisy5video12CVideoOpenGLE,145,0x00153ebf,_ZThn274720_N5daisy5video12CVideoOpenGLD0Ev
_ZTVN5daisy5video12CVideoOpenGLE,146,0x001570a5,_ZThn274720_N5daisy5video12CVideoOpenGL20setBasicRenderStatesERKN2ox5video9SMaterialES6_b
_ZTVN5daisy5video12CVideoOpenGLE,147,0x0015836b,_ZThn274720_N5daisy5video12CVideoOpenGL23setVertexShaderConstantEPKcPKfi
_ZTVN5daisy5video12CVideoOpenGLE,148,0x0015828f,_ZThn274720_N5daisy5video12CVideoOpenGL23setVertexShaderConstantEPKfii
_ZTVN5daisy5video12CVideoOpenGLE,149,0x001583cf,_ZThn274720_N5daisy5video12CVideoOpenGL22setPixelShaderConstantEPKcPKfi
_ZTVN5daisy5video12CVideoOpenGLE,150,0x00158301,_ZThn274720_N5daisy5video12CVideoOpenGL22setPixelShaderConstantEPKfii
_ZTVN5daisy5video12CVideoOpenGLE,151,0x001586f8,_ZThn274720_N5daisy5video12CVideoOpenGL14getVideoDriverEv
_ZTVN5daisy5audio12CAudioDriverE,0,0x00000000,
_ZTVN5daisy5audio12CAudioDriverE,1,0x00268e38,_ZTIN5daisy5audio12CAudioDriverE
_ZTVN5daisy5audio12CAudioDriverE,2,0x0015a25a,_ZN5daisy5audio12CAudioDriverD1Ev
_ZTVN5daisy5audio12CAudioDriverE,3,0x0015a22a,_ZN5daisy5audio12CAudioDriverD0Ev
_ZTVN5daisy5audio12CAudioDriverE,4,0x0015ab0e,_ZN5daisy5audio12CAudioDriver13stopAllSoundsEv
_ZTVN5daisy5audio12CAudioDriverE,5,0x0015a3ba,_ZN5daisy5audio12CAudioDriver20periodicStreamUpdateEv
_ZTVN5daisy5audio12CAudioDriverE,6,0x0015ac06,_ZN5daisy5audio12CAudioDriver18setSoundEffectPathEPKc
_ZTVN5daisy5audio12CAudioDriverE,7,0x0015ac26,_ZN5daisy5audio12CAudioDriver20setSoundEffectVolumeEi
_ZTVN5daisy5audio12CAudioDriverE,8,0x0015ac64,_ZN5daisy5audio12CAudioDriver14setMusicVolumeEi
_ZTVN5daisy5audio12CAudioDriverE,9,0x0015ace0,_ZN5daisy5audio12CAudioDriver20getSoundEffectVolumeEv
_ZTVN5daisy5audio12CAudioDriverE,10,0x0015acec,_ZN5daisy5audio12CAudioDriver14getMusicVolumeEv
_ZTVN5daisy5audio12CAudioDriverE,11,0x0015a3c0,_ZN5daisy5audio12CAudioDriver22setDampenSoundsOnVoiceEb
_ZTVN5daisy5audio12CAudioDriverE,12,0x0015b4b2,_ZN5daisy5audio12CAudioDriver22setGlobalPitchModifierEf
_ZTVN5daisy5audio12CAudioDriverE,13,0x0015a3ce,_ZN5daisy5audio12CAudioDriver33setUseGlobalPitchModifierForMusicEb
_ZTVN5daisy5audio12CAudioDriverE,14,0x0015a3dc,_ZN5daisy5audio12CAudioDriver22setGlobalRollOffFactorEf
_ZTVN5daisy5audio12CAudioDriverE,15,0x0015b4b8,_ZN5daisy5audio12CAudioDriver22setOpenAlDistanceModelEi
_ZTVN5daisy5audio12CAudioDriverE,16,0x0015db80,_ZN5daisy5audio12CAudioDriver16setSoundPriorityEf
_ZTVN5daisy5audio12CAudioDriverE,17,0x0015a3ee,_ZN5daisy5audio12CAudioDriver9loadSoundEPKc
_ZTVN5daisy5audio12CAudioDriverE,18,0x0015a54c,_ZN5daisy5audio12CAudioDriver9playSoundEPKcfff
_ZTVN5daisy5audio12CAudioDriverE,19,0x0015a620,_ZN5daisy5audio12CAudioDriver9loopSoundEPKcffff
_ZTVN5daisy5audio12CAudioDriverE,20,0x0015a768,_ZN5daisy5audio12CAudioDriver13stopLoopSoundEPKc
_ZTVN5daisy5audio12CAudioDriverE,21,0x0015a7f4,_ZN5daisy5audio12CAudioDriver9loadMusicEPKc
_ZTVN5daisy5audio12CAudioDriverE,22,0x0015a8a8,_ZN5daisy5audio12CAudioDriver9playMusicEPKcfb
_ZTVN5daisy5audio12CAudioDriverE,23,0x0015aa82,_ZN5daisy5audio12CAudioDriver9stopMusicEPKc
_ZTVN5daisy5audio12CAudioDriverE,24,0x0015ab5e,_ZN5daisy5audio12CAudioDriver11updateMusicEPKcf
_ZTVN5daisy5audio12CAudioDriverE,25,0x0015acf8,_ZN5daisy5audio12CAudioDriver12stopAllMusicEv
_ZTVN5daisy5audio12CAudioDriverE,26,0x0015a990,_ZN5daisy5audio12CAudioDriver9playVoiceEPKc
_ZTVN5daisy5audio12CAudioDriverE,27,0x0015aa46,_ZN5daisy5audio12CAudioDriver9stopVoiceEv
_ZTVN5daisy5audio12CAudioDriverE,28,0x0015aa0a,_ZN5daisy5audio12CAudioDriver14isVoicePlayingEv
_ZTVN5daisy5audio12CAudioDriverE,29,0x0015ad34,_ZN5daisy5audio12CAudioDriver16set2dOrientationEv
_ZTVN5daisy5audio12CAudioDriverE,30,0x0015ad86,_ZN5daisy5audio12CAudioDriver16set3dOrientationERKN2ox4core9CVector3dIfEES7_
_ZTVN5daisy5audio12CAudioDriverE,31,0x0015ad98,_ZN5daisy5audio12CAudioDriver19set3dCameraPositionEPKN2ox5scene16ICameraSceneNodeE
_ZTVN5daisy5audio12CAudioDriverE,32,0x0015aea4,_ZN5daisy5audio12CAudioDriver19setListenerPositionERKN2ox4core9CVector3dIfEES7_
_ZTVN5daisy5audio12CAudioDriverE,33,0x0015aefe,_ZN5daisy5audio12CAudioDriver20setOrientedSoundConeEiiRKN2ox4core9CVector3dIfEE
_ZTVN5daisy5audio12CAudioDriverE,34,0x0015af42,_ZN5daisy5audio12CAudioDriver17playOrientedSoundEPKcffRKN2ox4core9CVector3dIfEES9_
_ZTVN5daisy5audio12CAudioDriverE,35,0x0015b08a,_ZN5daisy5audio12CAudioDriver17startTrackedSoundEPKcffRKN2ox4core9CVector3dIfEES9_f
_ZTVN5daisy5audio12CAudioDriverE,36,0x0015b128,_ZN5daisy5audio12CAudioDriver16stopTrackedSoundEi
_ZTVN5daisy5audio12CAudioDriverE,37,0x0015b1a6,_ZN5daisy5audio12CAudioDriver20stopAllTrackedSoundsEv
_ZTVN5daisy5audio12CAudioDriverE,38,0x0015b21e,_ZN5daisy5audio12CAudioDriver18updateTrackedSoundEiffRKN2ox4core9CVector3dIfEES7_
_ZTVN5daisy5audio12CAudioDriverE,39,0x00000000,__cxa_pure_virtual
_ZTVN5daisy5audio12CAudioDriverE,40,0x00000000,__cxa_pure_virtual
_ZTVN5daisy5audio12CAudioDriverE,41,0x00000000,__cxa_pure_virtual
_ZTVN5daisy5audio12CAudioDriverE,42,0x0015b4be,_ZN5daisy5audio12CAudioDriver15deviceLoopSoundEPNS0_14CSoundInfoStubEffff
_ZTVN5daisy5audio12CAudioDriverE,43,0x0015b4c4,_ZN5daisy5audio12CAudioDriver19deviceStopLoopSoundEPNS0_14CSoundInfoStubE
_ZTVN5daisy5audio12CAudioDriverE,44,0x0015b4ca,_ZN5daisy5audio12CAudioDriver15deviceStopSoundEPNS0_14CSoundInfoStubE
_ZTVN5daisy5audio12CAudioDriverE,45,0x00000000,__cxa_pure_virtual
_ZTVN5daisy5audio12CAudioDriverE,46,0x00000000,__cxa_pure_virtual
_ZTVN5daisy5audio12CAudioDriverE,47,0x00000000,__cxa_pure_virtual
_ZTVN5daisy5audio12CAudioDriverE,48,0x00000000,__cxa_pure_virtual
_ZTVN5daisy5audio12CAudioDriverE,49,0x00000000,__cxa_pure_virtual
_ZTVN5daisy5audio12CAudioDriverE,50,0x00000000,__cxa_pure_virtual
_ZTVN5daisy5audio12CAudioDriverE,51,0x00000000,__cxa_pure_virtual
_ZTVN5daisy5audio12CAudioDriverE,52,0x00000000,__cxa_pure_virtual
_ZTVN5daisy5audio12CAudioDriverE,53,0x0015b018,_ZN5daisy5audio12CAudioDriver23devicePlayOrientedSoundEPNS0_14CSoundInfoStubEffRKN2ox4core9CVector3dIfEES9_
_ZTVN5daisy5audio12CAudioDriverE,54,0x00000000,__cxa_pure_virtual
_ZTVN5daisy5audio12CAudioDriverE,55,0x00000000,__cxa_pure_virtual
_ZTVN5daisy5audio12CAudioDriverE,56,0x00000000,__cxa_pure_virtual
_ZTVN5daisy5audio12CAudioDriverE,57,0x00000000,
_ZTVN5daisy5audio13COpenALDriverE,0,0x00000000,
_ZTVN5daisy5audio13COpenALDriverE,1,0x00268f48,_ZTIN5daisy5audio13COpenALDriverE
_ZTVN5daisy5audio13COpenALDriverE,2,0x0015c104,_ZN5daisy5audio13COpenALDriverD1Ev
_ZTVN5daisy5audio13COpenALDriverE,3,0x0015c0d4,_ZN5daisy5audio13COpenALDriverD0Ev
_ZTVN5daisy5audio13COpenALDriverE,4,0x0015ab0e,_ZN5daisy5audio12CAudioDriver13stopAllSoundsEv
_ZTVN5daisy5audio13COpenALDriverE,5,0x0015c1be,_ZN5daisy5audio13COpenALDriver20periodicStreamUpdateEv
_ZTVN5daisy5audio13COpenALDriverE,6,0x0015ac06,_ZN5daisy5audio12CAudioDriver18setSoundEffectPathEPKc
_ZTVN5daisy5audio13COpenALDriverE,7,0x0015ac26,_ZN5daisy5audio12CAudioDriver20setSoundEffectVolumeEi
_ZTVN5daisy5audio13COpenALDriverE,8,0x0015ac64,_ZN5daisy5audio12CAudioDriver14setMusicVolumeEi
_ZTVN5daisy5audio13COpenALDriverE,9,0x0015ace0,_ZN5daisy5audio12CAudioDriver20getSoundEffectVolumeEv
_ZTVN5daisy5audio13COpenALDriverE,10,0x0015acec,_ZN5daisy5audio12CAudioDriver14getMusicVolumeEv
_ZTVN5daisy5audio13COpenALDriverE,11,0x0015a3c0,_ZN5daisy5audio12CAudioDriver22setDampenSoundsOnVoiceEb
_ZTVN5daisy5audio13COpenALDriverE,12,0x0015c33a,_ZN5daisy5audio13COpenALDriver22setGlobalPitchModifierEf
_ZTVN5daisy5audio13COpenALDriverE,13,0x0015a3ce,_ZN5daisy5audio12CAudioDriver33setUseGlobalPitchModifierForMusicEb
_ZTVN5daisy5audio13COpenALDriverE,14,0x0015a3dc,_ZN5daisy5audio12CAudioDriver22setGlobalRollOffFactorEf
_ZTVN5daisy5audio13COpenALDriverE,15,0x0015c432,_ZN5daisy5audio13COpenALDriver22setOpenAlDistanceModelEi
_ZTVN5daisy5audio13COpenALDriverE,16,0x0015db80,_ZN5daisy5audio12CAudioDriver16setSoundPriorityEf
_ZTVN5daisy5audio13COpenALDriverE,17,0x0015a3ee,_ZN5daisy5audio12CAudioDriver9loadSoundEPKc
_ZTVN5daisy5audio13COpenALDriverE,18,0x0015a54c,_ZN5daisy5audio12CAudioDriver9playSoundEPKcfff
_ZTVN5daisy5audio13COpenALDriverE,19,0x0015a620,_ZN5daisy5audio12CAudioDriver9loopSoundEPKcffff
_ZTVN5daisy5audio13COpenALDriverE,20,0x0015a768,_ZN5daisy5audio12CAudioDriver13stopLoopSoundEPKc
_ZTVN5daisy5audio13COpenALDriverE,21,0x0015a7f4,_ZN5daisy5audio12CAudioDriver9loadMusicEPKc
_ZTVN5daisy5audio13COpenALDriverE,22,0x0015a8a8,_ZN5daisy5audio12CAudioDriver9playMusicEPKcfb
_ZTVN5daisy5audio13COpenALDriverE,23,0x0015aa82,_ZN5daisy5audio12CAudioDriver9stopMusicEPKc
_ZTVN5daisy5audio13COpenALDriverE,24,0x0015ab5e,_ZN5daisy5audio12CAudioDriver11updateMusicEPKcf
_ZTVN5daisy5audio13COpenALDriverE,25,0x0015acf8,_ZN5daisy5audio12CAudioDriver12stopAllMusicEv
_ZTVN5daisy5audio13COpenALDriverE,26,0x0015a990,_ZN5daisy5audio12CAudioDriver9playVoiceEPKc
_ZTVN5daisy5audio13COpenALDriverE,27,0x0015aa46,_ZN5daisy5audio12CAudioDriver9stopVoiceEv
_ZTVN5daisy5audio13COpenALDriverE,28,0x0015aa0a,_ZN5daisy5audio12CAudioDriver14isVoicePlayingEv
_ZTVN5daisy5audio13COpenALDriverE,29,0x0015ad34,_ZN5daisy5audio12CAudioDriver16set2dOrientationEv
_ZTVN5daisy5audio13COpenALDriverE,30,0x0015ad86,_ZN5daisy5audio12CAudioDriver16set3dOrientationERKN2ox4core9CVector3dIfEES7_
_ZTVN5daisy5audio13COpenALDriverE,31,0x0015ad98,_ZN5daisy5audio12CAudioDriver19set3dCameraPositionEPKN2ox5scene16ICameraSceneNodeE
_ZTVN5daisy5audio13COpenALDriverE,32,0x0015aea4,_ZN5daisy5audio12CAudioDriver19setListenerPositionERKN2ox4core9CVector3dIfEES7_
_ZTVN5daisy5audio13COpenALDriverE,33,0x0015aefe,_ZN5daisy5audio12CAudioDriver20setOrientedSoundConeEiiRKN2ox4core9CVector3dIfEE
_ZTVN5daisy5audio13COpenALDriverE,34,0x0015af42,_ZN5daisy5audio12CAudioDriver17playOrientedSoundEPKcffRKN2ox4core9CVector3dIfEES9_
_ZTVN5daisy5audio13COpenALDriverE,35,0x0015b08a,_ZN5daisy5audio12CAudioDriver17startTrackedSoundEPKcffRKN2ox4core9CVector3dIfEES9_f
_ZTVN5daisy5audio13COpenALDriverE,36,0x0015b128,_ZN5daisy5audio12CAudioDriver16stopTrackedSoundEi
_ZTVN5daisy5audio13COpenALDriverE,37,0x0015b1a6,_ZN5daisy5audio12CAudioDriver20stopAllTrackedSoundsEv
_ZTVN5daisy5audio13COpenALDriverE,38,0x0015b21e,_ZN5daisy5audio12CAudioDriver18updateTrackedSoundEiffRKN2ox4core9CVector3dIfEES7_
_ZTVN5daisy5audio13COpenALDriverE,39,0x0015c44e,_ZN5daisy5audio13COpenALDriver15deviceLoadSoundEPKc
_ZTVN5daisy5audio13COpenALDriverE,40,0x0015ca3e,_ZN5daisy5audio13COpenALDriver15devicePlaySoundEPNS0_14CSoundInfoStubEfff
_ZTVN5daisy5audio13COpenALDriverE,41,0x0015cea6,_ZN5daisy5audio13COpenALDriver21deviceDampenAllSoundsEf
_ZTVN5daisy5audio13COpenALDriverE,42,0x0015ceac,_ZN5daisy5audio13COpenALDriver15deviceLoopSoundEPNS0_14CSoundInfoStubEffff
_ZTVN5daisy5audio13COpenALDriverE,43,0x0015d080,_ZN5daisy5audio13COpenALDriver19deviceStopLoopSoundEPNS0_14CSoundInfoStubE
_ZTVN5daisy5audio13COpenALDriverE,44,0x0015d0a4,_ZN5daisy5audio13COpenALDriver15deviceStopSoundEPNS0_14CSoundInfoStubE
_ZTVN5daisy5audio13COpenALDriverE,45,0x0015d0c8,_ZN5daisy5audio13COpenALDriver15deviceLoadMusicEPKc
_ZTVN5daisy5audio13COpenALDriverE,46,0x0015d1aa,_ZN5daisy5audio13COpenALDriver15devicePlayMusicEPNS0_14CMusicInfoStubEfbb
_ZTVN5daisy5audio13COpenALDriverE,47,0x0015d4c4,_ZN5daisy5audio13COpenALDriver15deviceStopMusicEPNS0_14CMusicInfoStubE
_ZTVN5daisy5audio13COpenALDriverE,48,0x0015d592,_ZN5daisy5audio13COpenALDriver17deviceUpdateMusicEPNS0_14CMusicInfoStubEf
_ZTVN5daisy5audio13COpenALDriverE,49,0x0015d618,_ZN5daisy5audio13COpenALDriver20deviceIsMusicPlayingEPNS0_14CMusicInfoStubE
_ZTVN5daisy5audio13COpenALDriverE,50,0x0015d632,_ZN5daisy5audio13COpenALDriver25deviceSetListenerPositionERKN2ox4core9CVector3dIfEE
_ZTVN5daisy5audio13COpenALDriverE,51,0x0015d66c,_ZN5daisy5audio13COpenALDriver25deviceSetListenerVelocityERKN2ox4core9CVector3dIfEE
_ZTVN5daisy5audio13COpenALDriverE,52,0x0015d6a6,_ZN5daisy5audio13COpenALDriver28deviceSetListenerOrientationERKN2ox4core9CVector3dIfEES7_
_ZTVN5daisy5audio13COpenALDriverE,53,0x0015cc9e,_ZN5daisy5audio13COpenALDriver23devicePlayOrientedSoundEPNS0_14CSoundInfoStubEffRKN2ox4core9CVector3dIfEES9_
_ZTVN5daisy5audio13COpenALDriverE,54,0x0015d704,_ZN5daisy5audio13COpenALDriver23deviceStartTrackedSoundEPNS0_14CSoundInfoStubEffRKN2ox4core9CVector3dIfEES9_f
_ZTVN5daisy5audio13COpenALDriverE,55,0x0015d938,_ZN5daisy5audio13COpenALDriver22deviceStopTrackedSoundEPNS0_21CTrackedSoundInfoStubE
_ZTVN5daisy5audio13COpenALDriverE,56,0x0015d966,_ZN5daisy5audio13COpenALDriver24deviceUpdateTrackedSoundEPNS0_21CTrackedSoundInfoStubEffRKN2ox4core9CVector3dIfEES9_
_ZTVN5daisy5video16CSoftwareTextureE,0,0x00000000,
_ZTVN5daisy5video16CSoftwareTextureE,1,0x00268f98,_ZTIN5daisy5video16CSoftwareTextureE
_ZTVN5daisy5video16CSoftwareTextureE,2,0x0015decc,_ZN5daisy5video16CSoftwareTextureD1Ev
_ZTVN5daisy5video16CSoftwareTextureE,3,0x0015de9c,_ZN5daisy5video16CSoftwareTextureD0Ev
_ZTVN5daisy5video16CSoftwareTextureE,4,0x0015df32,_ZN5daisy5video16CSoftwareTexture4lockEv
_ZTVN5daisy5video16CSoftwareTextureE,5,0x0015df4c,_ZN5daisy5video16CSoftwareTexture6unlockEv
_ZTVN5daisy5video16CSoftwareTextureE,6,0x0015df9e,_ZN5daisy5video16CSoftwareTexture15getOriginalSizeEv
_ZTVN5daisy5video16CSoftwareTextureE,7,0x0015dfaa,_ZN5daisy5video16CSoftwareTexture7getSizeEv
_ZTVN5daisy5video16CSoftwareTextureE,8,0x0015dfdc,_ZN5daisy5video16CSoftwareTexture13getDriverTypeEv
_ZTVN5daisy5video16CSoftwareTextureE,9,0x0015dfe6,_ZN5daisy5video16CSoftwareTexture14getColorFormatEv
_ZTVN5daisy5video16CSoftwareTextureE,10,0x0015dfee,_ZN5daisy5video16CSoftwareTexture8getPitchEv
_ZTVN5daisy5video16CSoftwareTextureE,11,0x0015dfc4,_ZN5daisy5video16CSoftwareTexture8getImageEv
_ZTVN5daisy5video16CSoftwareTextureE,12,0x0015dfd0,_ZN5daisy5video16CSoftwareTexture10getTextureEv
_ZTVN5daisy5video16CSoftwareTextureE,13,0x00000000,
_ZTVN5daisy5video17CTRTextureGouraudE,0,0x00000000,
_ZTVN5daisy5video17CTRTextureGouraudE,1,0x00268fd0,_ZTIN5daisy5video17CTRTextureGouraudE
_ZTVN5daisy5video17CTRTextureGouraudE,2,0x00161548,_ZN5daisy5video17CTRTextureGouraudD1Ev
_ZTVN5daisy5video17CTRTextureGouraudE,3,0x00161518,_ZN5daisy5video17CTRTextureGouraudD0Ev
_ZTVN5daisy5video17CTRTextureGouraudE,4,0x00161634,_ZN5daisy5video17CTRTextureGouraud15setRenderTargetEPN2ox5video6IImageERKNS2_4core5CRectIiEE
_ZTVN5daisy5video17CTRTextureGouraudE,5,0x00161626,_ZN5daisy5video17CTRTextureGouraud18setBackfaceCullingEb
_ZTVN5daisy5video17CTRTextureGouraudE,6,0x001615ca,_ZN5daisy5video17CTRTextureGouraud10setTextureEPN2ox5video6IImageE
_ZTVN5daisy5video17CTRTextureGouraudE,7,0x001616a8,_ZN5daisy5video17CTRTextureGouraud23drawIndexedTriangleListEPNS0_9S2DVertexEiPKti
_ZTVN5daisy5video14CVideoSoftwareE,0,0x00000000,
_ZTVN5daisy5video14CVideoSoftwareE,1,0x00269208,_ZTIN5daisy5video14CVideoSoftwareE
_ZTVN5daisy5video14CVideoSoftwareE,2,0x0016392e,_ZN5daisy5video14CVideoSoftwareD1Ev
_ZTVN5daisy5video14CVideoSoftwareE,3,0x001638fe,_ZN5daisy5video14CVideoSoftwareD0Ev
_ZTVN5daisy5video14CVideoSoftwareE,4,0x00163c42,_ZN5daisy5video14CVideoSoftware10beginSceneEbbN2ox5video6SColorE
_ZTVN5daisy5video14CVideoSoftwareE,5,0x0016500c,_ZN5daisy5video10CVideoNull11clearScreenEbN2ox5video6SColorE
_ZTVN5daisy5video14CVideoSoftwareE,6,0x00163af0,_ZN5daisy5video14CVideoSoftware8endSceneEv
_ZTVN5daisy5video14CVideoSoftwareE,7,0x00163b24,_ZN5daisy5video14CVideoSoftware12queryFeatureEN2ox5video22E_VIDEO_DRIVER_FEATUREE
_ZTVN5daisy5video14CVideoSoftwareE,8,0x00163b34,_ZN5daisy5video14CVideoSoftware12setTransformEN2ox5video22E_TRANSFORMATION_STATEERKNS2_4core8CMatrix4E
_ZTVN5daisy5video14CVideoSoftwareE,9,0x001649ac,_ZN5daisy5video14CVideoSoftware12getTransformEN2ox5video22E_TRANSFORMATION_STATEE
_ZTVN5daisy5video14CVideoSoftwareE,10,0x00163bd6,_ZN5daisy5video14CVideoSoftware11setMaterialERKN2ox5video9SMaterialE
_ZTVN5daisy5video14CVideoSoftwareE,11,0x00165012,_ZN5daisy5video14CVideoSoftware22useMaterialShaderFor2DEb
_ZTVN5daisy5video14CVideoSoftwareE,12,0x00165018,_ZN5daisy5video10CVideoNull11flushRenderEv
_ZTVN5daisy5video14CVideoSoftwareE,13,0x0014a558,_ZN5daisy5video10CVideoNull10getTextureEPKc
_ZTVN5daisy5video14CVideoSoftwareE,14,0x0014a85a,_ZN5daisy5video10CVideoNull10getTextureEPN2ox2io9IReadFileE
_ZTVN5daisy5video14CVideoSoftwareE,15,0x0014a972,_ZN5daisy5video10CVideoNull10addTextureERKN2ox4core12CDimension2dIiEEPKcNS2_5video13ECOLOR_FORMATE
_ZTVN5daisy5video14CVideoSoftwareE,16,0x0014a918,_ZN5daisy5video10CVideoNull10addTextureEPKcPN2ox5video6IImageE
_ZTVN5daisy5video14CVideoSoftwareE,17,0x00149c20,_ZN5daisy5video10CVideoNull13removeTextureEPN2ox5video8ITextureE
_ZTVN5daisy5video14CVideoSoftwareE,18,0x00149c9a,_ZN5daisy5video10CVideoNull13removeTextureEPKc
_ZTVN5daisy5video14CVideoSoftwareE,19,0x00149d6e,_ZN5daisy5video10CVideoNull17removeAllTexturesEv
_ZTVN5daisy5video14CVideoSoftwareE,20,0x0014a900,_ZN5daisy5video10CVideoNull14getNumTexturesEv
_ZTVN5daisy5video14CVideoSoftwareE,21,0x00149d78,_ZN5daisy5video10CVideoNull16getSpritePackageEPKcb
_ZTVN5daisy5video14CVideoSoftwareE,22,0x0014a148,_ZN5daisy5video10CVideoNull19removeSpritePackageEPKc
_ZTVN5daisy5video14CVideoSoftwareE,23,0x0014a2f0,_ZN5daisy5video10CVideoNull23removeAllSpritePackagesEv
_ZTVN5daisy5video14CVideoSoftwareE,24,0x00149f66,_ZN5daisy5video10CVideoNull18getParticlePackageEPKc
_ZTVN5daisy5video14CVideoSoftwareE,25,0x0014a21c,_ZN5daisy5video10CVideoNull21removeParticlePackageEPKc
_ZTVN5daisy5video14CVideoSoftwareE,26,0x0014a35a,_ZN5daisy5video10CVideoNull25removeAllParticlePackagesEv
_ZTVN5daisy5video14CVideoSoftwareE,27,0x0014b64c,_ZN5daisy5video10CVideoNull19makeColorKeyTextureEPN2ox5video8ITextureENS3_6SColorE
_ZTVN5daisy5video14CVideoSoftwareE,28,0x0014b7f8,_ZN5daisy5video10CVideoNull19makeColorKeyTextureEPN2ox5video8ITextureENS2_4core11CPosition2dIiEE
_ZTVN5daisy5video14CVideoSoftwareE,29,0x0014aa60,_ZN5daisy5video10CVideoNull25createRenderTargetTextureERKN2ox4core12CDimension2dIiEE
_ZTVN5daisy5video14CVideoSoftwareE,30,0x0014aa68,_ZN5daisy5video10CVideoNull19createScreenTextureERKN2ox4core12CDimension2dIiEE
_ZTVN5daisy5video14CVideoSoftwareE,31,0x0014aa58,_ZN5daisy5video10CVideoNull15setRenderTargetEPN2ox5video8ITextureEbbNS3_6SColorE
_ZTVN5daisy5video14CVideoSoftwareE,32,0x00163d78,_ZN5daisy5video14CVideoSoftware11setViewPortERKN2ox4core5CRectIiEE
_ZTVN5daisy5video14CVideoSoftwareE,33,0x0014aa98,_ZNK5daisy5video10CVideoNull11getViewPortEv
_ZTVN5daisy5video14CVideoSoftwareE,34,0x00163e58,_ZN5daisy5video14CVideoSoftware23drawIndexedTriangleListEPKN2ox5video9S3DVertexEiPKti
_ZTVN5daisy5video14CVideoSoftwareE,35,0x0016419e,_ZN5daisy5video14CVideoSoftware23drawIndexedTriangleListEPKN2ox5video17S3DVertex2TCoordsEiPKti
_ZTVN5daisy5video14CVideoSoftwareE,36,0x001644e4,_ZN5daisy5video14CVideoSoftware22drawIndexedTriangleFanEPKN2ox5video9S3DVertexEiPKti
_ZTVN5daisy5video14CVideoSoftwareE,37,0x0016459c,_ZN5daisy5video14CVideoSoftware22drawIndexedTriangleFanEPKN2ox5video17S3DVertex2TCoordsEiPKti
_ZTVN5daisy5video14CVideoSoftwareE,38,0x0014aaee,_ZN5daisy5video10CVideoNull10draw3DLineERKN2ox4core9CVector3dIfEES7_NS2_5video6SColorE
_ZTVN5daisy5video14CVideoSoftwareE,39,0x0014acfa,_ZN5daisy5video10CVideoNull14draw3DTriangleERKN2ox4core11CTriangle3dIfEENS2_5video6SColorE
_ZTVN5daisy5video14CVideoSoftwareE,40,0x0014ad88,_ZN5daisy5video10CVideoNull9draw3DBoxEN2ox4core9CAabbox3dIfEENS2_5video6SColorE
_ZTVN5daisy5video14CVideoSoftwareE,41,0x00164744,_ZN5daisy5video14CVideoSoftware11draw2DImageEPN2ox5video8ITextureERKNS2_4core11CPosition2dIiEE
_ZTVN5daisy5video14CVideoSoftwareE,42,0x00164812,_ZN5daisy5video14CVideoSoftware11draw2DImageEPN2ox5video8ITextureERKNS2_4core11CPosition2dIiEERKNS6_5CRectIiEEPSD_NS3_6SColorEb
_ZTVN5daisy5video14CVideoSoftwareE,43,0x0016501e,_ZN5daisy5video10CVideoNull17drawScaled2DImageEPN2ox5video8ITextureERKNS2_4core11CPosition2dIfEERKNS6_5CRectIiEEfNS3_6SColorEb
_ZTVN5daisy5video14CVideoSoftwareE,44,0x0014afe8,_ZN5daisy5video10CVideoNull11draw2DImageEPN2ox5video8ITextureERKNS2_4core11CPosition2dIiEERKNS6_5CRectIiEEPSD_PNS3_6SColorEb
_ZTVN5daisy5video14CVideoSoftwareE,45,0x00165024,_ZN5daisy5video10CVideoNull11draw2DImageEPN2ox5video8ITextureERKNS2_4core11CPosition2dIiEESA_SA_SA_RKNS6_5CRectIiEEPNS3_6SColorEb
_ZTVN5daisy5video14CVideoSoftwareE,46,0x0016502a,_ZN5daisy5video10CVideoNull11draw2DImageEPN2ox5video8ITextureERKNS2_4core11CPosition2dIfEESA_SA_SA_RKNS6_5CRectIiEEPKNS3_11SColorArrayEb
_ZTVN5daisy5video14CVideoSoftwareE,47,0x001648f2,_ZN5daisy5video14CVideoSoftware15draw2DRectangleEN2ox5video6SColorERKNS2_4core5CRectIiEEPS8_
_ZTVN5daisy5video14CVideoSoftwareE,48,0x00165030,_ZN5daisy5video10CVideoNull18draw2DTriangleListEPN2ox5video8ITextureEPNS2_4core11CPosition2dIfEES9_PNS3_6SColorEPiii
_ZTVN5daisy5video14CVideoSoftwareE,49,0x001647ac,_ZN5daisy5video14CVideoSoftware10draw2DLineERKN2ox4core11CPosition2dIiEES7_NS2_5video6SColorE
_ZTVN5daisy5video14CVideoSoftwareE,50,0x0014b000,_ZN5daisy5video10CVideoNull15draw2DLineFloatERKN2ox4core11CPosition2dIfEES7_NS2_5video6SColorE
_ZTVN5daisy5video14CVideoSoftwareE,51,0x0014b006,_ZN5daisy5video10CVideoNull12draw2DBezierERKN2ox4core9CVector2dIfEES7_S7_S7_fNS2_5video6SColorE
_ZTVN5daisy5video14CVideoSoftwareE,52,0x0014b208,_ZN5daisy5video10CVideoNull13draw2DHermiteERKN2ox4core9CVector2dIfEES7_S7_S7_fNS2_5video6SColorE
_ZTVN5daisy5video14CVideoSoftwareE,53,0x0014b59a,_ZN5daisy5video10CVideoNull23drawStencilShadowVolumeEPKN2ox4core9CVector3dIfEEib
_ZTVN5daisy5video14CVideoSoftwareE,54,0x0014b5a0,_ZN5daisy5video10CVideoNull17drawStencilShadowEbN2ox5video6SColorES4_S4_S4_
_ZTVN5daisy5video14CVideoSoftwareE,55,0x0014bd12,_ZN5daisy5video10CVideoNull14drawMeshBufferEPN2ox5scene11IMeshBufferE
_ZTVN5daisy5video14CVideoSoftwareE,56,0x0014bcbe,_ZN5daisy5video10CVideoNull6setFogEN2ox5video6SColorEbfffbb
_ZTVN5daisy5video14CVideoSoftwareE,57,0x0014b47c,_ZN5daisy5video10CVideoNull13getScreenSizeEv
_ZTVN5daisy5video14CVideoSoftwareE,58,0x0014b49a,_ZN5daisy5video10CVideoNull21getPhysicalScreenSizeEv
_ZTVN5daisy5video14CVideoSoftwareE,59,0x0014b54a,_ZN5daisy5video10CVideoNull6getFPSEv
_ZTVN5daisy5video14CVideoSoftwareE,60,0x0014b566,_ZN5daisy5video10CVideoNull20getNumStatusSwitchesEv
_ZTVN5daisy5video14CVideoSoftwareE,61,0x0014b574,_ZN5daisy5video10CVideoNull22getPrimitiveCountDrawnEv
_ZTVN5daisy5video14CVideoSoftwareE,62,0x0014b5a6,_ZN5daisy5video10CVideoNull22deleteAllDynamicLightsEv
_ZTVN5daisy5video14CVideoSoftwareE,63,0x0014b5ba,_ZN5daisy5video10CVideoNull15addDynamicLightERKN2ox5video6SLightE
_ZTVN5daisy5video14CVideoSoftwareE,64,0x0014b582,_ZN5daisy5video10CVideoNull15setAmbientLightERKN2ox5video7SColorfE
_ZTVN5daisy5video14CVideoSoftwareE,65,0x0014b5dc,_ZN5daisy5video10CVideoNull28getMaximalDynamicLightAmountEv
_ZTVN5daisy5video14CVideoSoftwareE,66,0x0014b5e4,_ZN5daisy5video10CVideoNull20getDynamicLightCountEv
_ZTVN5daisy5video14CVideoSoftwareE,67,0x0014b60c,_ZN5daisy5video10CVideoNull15getDynamicLightEi
_ZTVN5daisy5video14CVideoSoftwareE,68,0x00164990,_ZN5daisy5video14CVideoSoftware7getNameEv
_ZTVN5daisy5video14CVideoSoftwareE,69,0x00149ae2,_ZN5daisy5video10CVideoNull22addExternalImageLoaderEPN2ox5video12IImageLoaderE
_ZTVN5daisy5video14CVideoSoftwareE,70,0x0014b996,_ZN5daisy5video10CVideoNull24getMaximalPrimitiveCountEv
_ZTVN5daisy5video14CVideoSoftwareE,71,0x0014ba24,_ZN5daisy5video10CVideoNull22setTextureCreationFlagEN2ox5video23E_TEXTURE_CREATION_FLAGEb
_ZTVN5daisy5video14CVideoSoftwareE,72,0x0014badc,_ZN5daisy5video10CVideoNull22getTextureCreationFlagEN2ox5video23E_TEXTURE_CREATION_FLAGE
_ZTVN5daisy5video14CVideoSoftwareE,73,0x0014baf4,_ZN5daisy5video10CVideoNull19createImageFromFileEPKc
_ZTVN5daisy5video14CVideoSoftwareE,74,0x0014bb74,_ZN5daisy5video10CVideoNull19createImageFromFileEPN2ox2io9IReadFileE
_ZTVN5daisy5video14CVideoSoftwareE,75,0x0014bc70,_ZN5daisy5video10CVideoNull19createImageFromDataEN2ox5video13ECOLOR_FORMATERKNS2_4core12CDimension2dIiEEPv
_ZTVN5daisy5video14CVideoSoftwareE,76,0x0014bda4,_ZN5daisy5video10CVideoNull8OnResizeERKN2ox4core12CDimension2dIiEE
_ZTVN5daisy5video14CVideoSoftwareE,77,0x0014be5e,_ZN5daisy5video10CVideoNull19addMaterialRendererEPN2ox5video17IMaterialRendererEPKc
_ZTVN5daisy5video14CVideoSoftwareE,78,0x0014bf40,_ZN5daisy5video10CVideoNull23setMaterialRendererNameEiPKc
_ZTVN5daisy5video14CVideoSoftwareE,79,0x0014bfaa,_ZN5daisy5video10CVideoNull19getMaterialRendererEi
_ZTVN5daisy5video14CVideoSoftwareE,80,0x0014bf80,_ZN5daisy5video10CVideoNull19getExposedVideoDataEv
_ZTVN5daisy5video14CVideoSoftwareE,81,0x001649a2,_ZN5daisy5video14CVideoSoftware13getDriverTypeEv
_ZTVN5daisy5video14CVideoSoftwareE,82,0x00164a84,_ZN5daisy5video14CVideoSoftware12isFullscreenEv
_ZTVN5daisy5video14CVideoSoftwareE,83,0x00165036,_ZN5daisy5video10CVideoNull13setFullscreenEb
_ZTVN5daisy5video14CVideoSoftwareE,84,0x0016503e,_ZN5daisy5video10CVideoNull14setScissorRectEPN2ox4core5CRectIiEE
_ZTVN5daisy5video14CVideoSoftwareE,85,0x0014b4b8,_ZN5daisy5video10CVideoNull19setRenderScreenSizeEii
_ZTVN5daisy5video14CVideoSoftwareE,86,0x0014b512,_ZN5daisy5video10CVideoNull21setForcePointSamplingEb
_ZTVN5daisy5video14CVideoSoftwareE,87,0x0014bfdc,_ZN5daisy5video10CVideoNull25getGPUProgrammingServicesEv
_ZTVN5daisy5video14CVideoSoftwareE,88,0x0014bfe4,_ZN5daisy5video10CVideoNull25getPostProcessingServicesEv
_ZTVN5daisy5video14CVideoSoftwareE,89,0x00165044,_ZN5daisy5video10CVideoNull13getFileSystemEv
_ZTVN5daisy5video14CVideoSoftwareE,90,0x00165052,_ZN5daisy5video10CVideoNull18saveJpegScreenshotEPKcS3_
_ZTVN5daisy5video14CVideoSoftwareE,91,0x0014bfec,_ZN5daisy5video10CVideoNull26addHighLevelShaderMaterialEPKcS3_N2ox5video20E_VERTEX_SHADER_TYPEES3_S3_NS5_19E_PIXEL_SHADER_TYPEEPNS5_26IShaderConstantSetCallBackENS5_15E_MATERIAL_TYPEEi
_ZTVN5daisy5video14CVideoSoftwareE,92,0x0014c044,_ZN5daisy5video10CVideoNull35addHighLevelShaderMaterialFromFilesEPKcS3_N2ox5video20E_VERTEX_SHADER_TYPEES3_S3_NS5_19E_PIXEL_SHADER_TYPEEPNS5_26IShaderConstantSetCallBackENS5_15E_MATERIAL_TYPEEi
_ZTVN5daisy5video14CVideoSoftwareE,93,0x0014c1ee,_ZN5daisy5video10CVideoNull35addHighLevelShaderMaterialFromFilesEPN2ox2io9IReadFileEPKcNS2_5video20E_VERTEX_SHADER_TYPEES5_S7_NS8_19E_PIXEL_SHADER_TYPEEPNS8_26IShaderConstantSetCallBackENS8_15E_MATERIAL_TYPEEi
_ZTVN5daisy5video14CVideoSoftwareE,94,0x0014c350,_ZN5daisy5video10CVideoNull17addShaderMaterialEPKcS3_PN2ox5video26IShaderConstantSetCallBackENS5_15E_MATERIAL_TYPEEi
_ZTVN5daisy5video14CVideoSoftwareE,95,0x0014c3a8,_ZN5daisy5video10CVideoNull26addShaderMaterialFromFilesEPN2ox2io9IReadFileES5_PNS2_5video26IShaderConstantSetCallBackENS6_15E_MATERIAL_TYPEEi
_ZTVN5daisy5video14CVideoSoftwareE,96,0x0014c4d2,_ZN5daisy5video10CVideoNull26addShaderMaterialFromFilesEPKcS3_PN2ox5video26IShaderConstantSetCallBackENS5_15E_MATERIAL_TYPEEi
_ZTVN5daisy5video14CVideoSoftwareE,97,0x0014c63c,_ZN5daisy5video10CVideoNull19addCgShaderMaterialEPKcS3_S3_S3_PN2ox5video26IShaderConstantSetCallBackENS5_15E_MATERIAL_TYPEEbi
_ZTVN5daisy5video14CVideoSoftwareE,98,0x0014c694,_ZN5daisy5video10CVideoNull28addCgShaderMaterialFromFilesEPKcS3_S3_S3_PN2ox5video26IShaderConstantSetCallBackENS5_15E_MATERIAL_TYPEEbi
_ZTVN5daisy5video14CVideoSoftwareE,99,0x0014c836,_ZN5daisy5video10CVideoNull28addCgShaderMaterialFromFilesEPN2ox2io9IReadFileEPKcS5_S7_PNS2_5video26IShaderConstantSetCallBackENS8_15E_MATERIAL_TYPEEbi
_ZTVN5daisy5video14CVideoSoftwareE,100,0x0014c990,_ZN5daisy5video10CVideoNull18allocatePPSurfacesEj
_ZTVN5daisy5video14CVideoSoftwareE,101,0x0014ca9a,_ZN5daisy5video10CVideoNull14freePPSurfacesEv
_ZTVN5daisy5video14CVideoSoftwareE,102,0x0014cb32,_ZN5daisy5video10CVideoNull19captureScreenBufferEj
_ZTVN5daisy5video14CVideoSoftwareE,103,0x0014cbcc,_ZN5daisy5video10CVideoNull19captureScreenBufferEjRKN2ox4core5CRectIiEE
_ZTVN5daisy5video14CVideoSoftwareE,104,0x0014cc1a,_ZN5daisy5video10CVideoNull17getCapturedBufferEj
_ZTVN5daisy5video14CVideoSoftwareE,105,0x0014cc56,_ZN5daisy5video10CVideoNull11runPPShaderEi
_ZTVN5daisy5video14CVideoSoftwareE,106,0x0014cd1e,_ZN5daisy5video10CVideoNull11runPPShaderEiRN2ox4core5CRectIiEEPS5_S7_j
_ZTVN5daisy5video14CVideoSoftwareE,107,0x0014cf40,_ZN5daisy5video10CVideoNull15setInputTextureEiPN2ox5video8ITextureE
_ZTVN5daisy5video14CVideoSoftwareE,108,0x0014cd18,_ZN5daisy5video10CVideoNull11drawPPImageERKN2ox4core5CRectIiEES7_RKNS3_12CDimension2dIiEEPS6_PSA_
_ZTVN5daisy5video14CVideoSoftwareE,109,0x0016505a,_ZN5daisy5video10CVideoNull19renderStatusChangedEPN2ox5video8ITextureEbbi
_ZTVN5daisy5video14CVideoSoftwareE,110,0x00165062,_ZN5daisy5video10CVideoNull16flush2dRenderingEv
_ZTVN5daisy5video14CVideoSoftwareE,111,0x0014b408,_ZN5daisy5video10CVideoNull18update2dViewValuesEii
_ZTVN5daisy5video14CVideoSoftwareE,112,0x0014a3c4,_ZN5daisy5video10CVideoNull17findSpritePackageEPKc
_ZTVN5daisy5video14CVideoSoftwareE,113,0x0014a48e,_ZN5daisy5video10CVideoNull19findParticlePackageEPKc
_ZTVN5daisy5video14CVideoSoftwareE,114,0x0014aa18,_ZN5daisy5video10CVideoNull28createDeviceDependentTextureEPN2ox5video6IImageE
_ZTVN5daisy5video14CVideoSoftwareE,115,0x00163ce0,_ZN5daisy5video14CVideoSoftware15setRenderTargetEPN2ox5video8ITextureE
_ZTVN5daisy5video14CVideoSoftwareE,116,0xfffffff4,
_ZTVN5daisy5video14CVideoSoftwareE,117,0x00269208,_ZTIN5daisy5video14CVideoSoftwareE
_ZTVN5daisy5video14CVideoSoftwareE,118,0x0014c018,_ZThn12_N5daisy5video10CVideoNull26addHighLevelShaderMaterialEPKcS3_N2ox5video20E_VERTEX_SHADER_TYPEES3_S3_NS5_19E_PIXEL_SHADER_TYPEEPNS5_26IShaderConstantSetCallBackENS5_15E_MATERIAL_TYPEEi
_ZTVN5daisy5video14CVideoSoftwareE,119,0x0014c196,_ZThn12_N5daisy5video10CVideoNull35addHighLevelShaderMaterialFromFilesEPKcS3_N2ox5video20E_VERTEX_SHADER_TYPEES3_S3_NS5_19E_PIXEL_SHADER_TYPEEPNS5_26IShaderConstantSetCallBackENS5_15E_MATERIAL_TYPEEi
_ZTVN5daisy5video14CVideoSoftwareE,120,0x0014c2f7,_ZThn12_N5daisy5video10CVideoNull35addHighLevelShaderMaterialFromFilesEPN2ox2io9IReadFileEPKcNS2_5video20E_VERTEX_SHADER_TYPEES5_S7_NS8_19E_PIXEL_SHADER_TYPEEPNS8_26IShaderConstantSetCallBackENS8_15E_MATERIAL_TYPEEi
_ZTVN5daisy5video14CVideoSoftwareE,121,0x0014c37c,_ZThn12_N5daisy5video10CVideoNull17addShaderMaterialEPKcS3_PN2ox5video26IShaderConstantSetCallBackENS5_15E_MATERIAL_TYPEEi
_ZTVN5daisy5video14CVideoSoftwareE,122,0x0014c495,_ZThn12_N5daisy5video10CVideoNull26addShaderMaterialFromFilesEPN2ox2io9IReadFileES5_PNS2_5video26IShaderConstantSetCallBackENS6_15E_MATERIAL_TYPEEi
_ZTVN5daisy5video14CVideoSoftwareE,123,0x0014c600,_ZThn12_N5daisy5video10CVideoNull26addShaderMaterialFromFilesEPKcS3_PN2ox5video26IShaderConstantSetCallBackENS5_15E_MATERIAL_TYPEEi
_ZTVN5daisy5video14CVideoSoftwareE,124,0x0014c668,_ZThn12_N5daisy5video10CVideoNull19addCgShaderMaterialEPKcS3_S3_S3_PN2ox5video26IShaderConstantSetCallBackENS5_15E_MATERIAL_TYPEEbi
_ZTVN5daisy5video14CVideoSoftwareE,125,0x0014c7e2,_ZThn12_N5daisy5video10CVideoNull28addCgShaderMaterialFromFilesEPKcS3_S3_S3_PN2ox5video26IShaderConstantSetCallBackENS5_15E_MATERIAL_TYPEEbi
_ZTVN5daisy5video14CVideoSoftwareE,126,0x0014c93b,_ZThn12_N5daisy5video10CVideoNull28addCgShaderMaterialFromFilesEPN2ox2io9IReadFileEPKcS5_S7_PNS2_5video26IShaderConstantSetCallBackENS8_15E_MATERIAL_TYPEEbi
_ZTVN5daisy5video14CVideoSoftwareE,127,0xfffffff0,
_ZTVN5daisy5video14CVideoSoftwareE,128,0x00269208,_ZTIN5daisy5video14CVideoSoftwareE
_ZTVN5daisy5video14CVideoSoftwareE,129,0x0014ca7a,_ZThn16_N5daisy5video10CVideoNull18allocatePPSurfacesEj
_ZTVN5daisy5video14CVideoSoftwareE,130,0x0014cb18,_ZThn16_N5daisy5video10CVideoNull14freePPSurfacesEv
_ZTVN5daisy5video14CVideoSoftwareE,131,0x0014cb7d,_ZThn16_N5daisy5video10CVideoNull19captureScreenBufferEj
_ZTVN5daisy5video14CVideoSoftwareE,132,0x0014cbf3,_ZThn16_N5daisy5video10CVideoNull19captureScreenBufferEjRKN2ox4core5CRectIiEE
_ZTVN5daisy5video14CVideoSoftwareE,133,0x0014cc38,_ZThn16_N5daisy5video10CVideoNull17getCapturedBufferEj
_ZTVN5daisy5video14CVideoSoftwareE,134,0x0014ccb5,_ZThn16_N5daisy5video10CVideoNull11runPPShaderEi
_ZTVN5daisy5video14CVideoSoftwareE,135,0x0014cf03,_ZThn16_N5daisy5video10CVideoNull11runPPShaderEiRN2ox4core5CRectIiEEPS5_S7_j
_ZTVN5daisy5video14CVideoSoftwareE,136,0x0014cfae,_ZThn16_N5daisy5video10CVideoNull15setInputTextureEiPN2ox5video8ITextureE
_ZTVN5daisy5video14CVideoSoftwareE,137,0x00000000,
_ZTVN5daisy5video8CZBufferE,0,0x00000000,
_ZTVN5daisy5video8CZBufferE,1,0x00269248,_ZTIN5daisy5video8CZBufferE
_ZTVN5daisy5video8CZBufferE,2,0x00165c5e,_ZN5daisy5video8CZBufferD1Ev
_ZTVN5daisy5video8CZBufferE,3,0x00165c2e,_ZN5daisy5video8CZBufferD0Ev
_ZTVN5daisy5video8CZBufferE,4,0x00165cb6,_ZN5daisy5video8CZBuffer5clearEv
_ZTVN5daisy5video8CZBufferE,5,0x00165cd0,_ZN5daisy5video8CZBuffer7setSizeERKN2ox4core12CDimension2dIiEE
_ZTVN5daisy5video8CZBufferE,6,0x00165d34,_ZN5daisy5video8CZBuffer7getSizeEv
_ZTVN5daisy5video8CZBufferE,7,0x00165d40,_ZN5daisy5video8CZBuffer4lockEv
_ZTVN5daisy5video8CZBufferE,8,0x00165d4c,_ZN5daisy5video8CZBuffer6unlockEv
_ZTVN5daisy5video8CZBufferE,9,0x00000000,
_ZTVN2ox4algo10CRegulatorE,0,0x00000000,
_ZTVN2ox4algo10CRegulatorE,1,0x00269378,_ZTIN2ox4algo10CRegulatorE
_ZTVN2ox4algo10CRegulatorE,2,0x001678de,_ZN2ox4algo10CRegulatorD1Ev
_ZTVN2ox4algo10CRegulatorE,3,0x001678d4,_ZN2ox4algo10CRegulatorD0Ev
_ZTVN2ox4algo12C3dRegulatorE,0,0x00000000,
_ZTVN2ox4algo12C3dRegulatorE,1,0x00269380,_ZTIN2ox4algo12C3dRegulatorE
_ZTVN2ox4algo12C3dRegulatorE,2,0x00167d34,_ZN2ox4algo12C3dRegulatorD1Ev
_ZTVN2ox4algo12C3dRegulatorE,3,0x00167d2a,_ZN2ox4algo12C3dRegulatorD0Ev
_ZTVN2ox4algo12CSimplePressE,0,0x00000000,
_ZTVN2ox4algo12CSimplePressE,1,0x00269398,_ZTIN2ox4algo12CSimplePressE
_ZTVN2ox4algo12CSimplePressE,2,0x001681dc,_ZN2ox4algo12CSimplePressD1Ev
_ZTVN2ox4algo12CSimplePressE,3,0x001681ac,_ZN2ox4algo12CSimplePressD0Ev
_ZTVN2ox4algo12CTimeCounterE,0,0x00000000,
_ZTVN2ox4algo12CTimeCounterE,1,0x002693b0,_ZTIN2ox4algo12CTimeCounterE
_ZTVN2ox4algo12CTimeCounterE,2,0x001685a2,_ZN2ox4algo12CTimeCounterD1Ev
_ZTVN2ox4algo12CTimeCounterE,3,0x00168598,_ZN2ox4algo12CTimeCounterD0Ev
_ZTVN2ox4core4CAesE,0,0x00000000,
_ZTVN2ox4core4CAesE,1,0x002693f0,_ZTIN2ox4core4CAesE
_ZTVN2ox4core4CAesE,2,0x00168824,_ZN2ox4core4CAesD1Ev
_ZTVN2ox4core4CAesE,3,0x001687f4,_ZN2ox4core4CAesD0Ev
_ZTVN2ox4core4CAesE,4,0x001688f6,_ZNK2ox4core4CAes20getEncryptedDataSizeEi
_ZTVN2ox4core4CAesE,5,0x00168910,_ZNK2ox4core4CAes17getValidKeyLengthEv
_ZTVN2ox4core4CAesE,6,0x0016891a,_ZN2ox4core4CAes7encryptEPvPKvi
_ZTVN2ox4core4CAesE,7,0x00168dc2,_ZN2ox4core4CAes7decryptEPvPKvi
_ZTVN2ox4core4CAesE,8,0x00168f38,_ZNK2ox4core4CAes12getShortNameEv
_ZTVN2ox4core4CAesE,9,0x00168f4a,_ZNK2ox4core4CAes11getLongNameEv
_ZTVN2ox4core4CAesE,10,0x00168f5c,_ZNK2ox4core4CAes10isKeyValidEPKNS0_10CCipherKeyE
_ZTVN2ox4core4CAesE,11,0x00000000,
_ZTVN2ox4core10CCipherKeyE,0,0x00000000,
_ZTVN2ox4core10CCipherKeyE,1,0x00269410,_ZTIN2ox4core10CCipherKeyE
_ZTVN2ox4core10CCipherKeyE,2,0x001694d0,_ZN2ox4core10CCipherKeyD1Ev
_ZTVN2ox4core10CCipherKeyE,3,0x001694a0,_ZN2ox4core10CCipherKeyD0Ev
_ZTVN2ox4core16CCriticalSectionE,0,0x00000000,
_ZTVN2ox4core16CCriticalSectionE,1,0x00269428,_ZTIN2ox4core16CCriticalSectionE
_ZTVN2ox4core16CCriticalSectionE,2,0x001697b2,_ZN2ox4core16CCriticalSectionD1Ev
_ZTVN2ox4core16CCriticalSectionE,3,0x00169770,_ZN2ox4core16CCriticalSectionD0Ev
_ZTVN2ox4core12CHiddenFloatE,0,0x00000000,
_ZTVN2ox4core12CHiddenFloatE,1,0x00269440,_ZTIN2ox4core12CHiddenFloatE
_ZTVN2ox4core12CHiddenFloatE,2,0x0016989a,_ZN2ox4core12CHiddenFloatD1Ev
_ZTVN2ox4core12CHiddenFloatE,3,0x00169880,_ZN2ox4core12CHiddenFloatD0Ev
_ZTVN2ox4core10CHiddenIntE,0,0x00000000,
_ZTVN2ox4core10CHiddenIntE,1,0x00269458,_ZTIN2ox4core10CHiddenIntE
_ZTVN2ox4core10CHiddenIntE,2,0x00169c0a,_ZN2ox4core10CHiddenIntD1Ev
_ZTVN2ox4core10CHiddenIntE,3,0x00169bf0,_ZN2ox4core10CHiddenIntD0Ev
_ZTVN2ox4core7CThreadE,0,0x00000000,
_ZTVN2ox4core7CThreadE,1,0x00269470,_ZTIN2ox4core7CThreadE
_ZTVN2ox4core7CThreadE,2,0x0016ad24,_ZN2ox4core7CThreadD1Ev
_ZTVN2ox4core7CThreadE,3,0x0016acda,_ZN2ox4core7CThreadD0Ev
_ZTVN2ox6entity9COxEntityE,0,0x00000000,
_ZTVN2ox6entity9COxEntityE,1,0x002694c0,_ZTIN2ox6entity9COxEntityE
_ZTVN2ox6entity9COxEntityE,2,0x0016aef6,_ZN2ox6entity9COxEntityD1Ev
_ZTVN2ox6entity9COxEntityE,3,0x0016aeec,_ZN2ox6entity9COxEntityD0Ev
_ZTVN2ox6entity9COxEntityE,4,0x00000000,__cxa_pure_virtual
_ZTVN2ox6entity9COxEntityE,5,0x00000000,__cxa_pure_virtual
_ZTVN2ox6entity9COxEntityE,6,0x00000000,__cxa_pure_virtual
_ZTVN2ox6entity9COxEntityE,7,0x0016af1c,_ZN2ox6entity9COxEntity10killEntityEv
_ZTVN2ox6entity9COxEntityE,8,0x0016af28,_ZN2ox6entity9COxEntity8isKilledEv
_ZTVN2ox6entity9COxEntityE,9,0x0016af38,_ZN2ox6entity9COxEntity13notifyRemovedEv
_ZTVN2ox6entity9COxEntityE,10,0x0016af4a,_ZN2ox6entity9COxEntity11setPositionEfff
_ZTVN2ox6entity9COxEntityE,11,0x0016af70,_ZN2ox6entity9COxEntity11setPositionERKNS_4core11CPosition2dIiEE
_ZTVN2ox6entity9COxEntityE,12,0x0016af96,_ZN2ox6entity9COxEntity11setPositionERKNS_4core11CPosition2dIfEE
_ZTVN2ox6entity9COxEntityE,13,0x0016afbc,_ZN2ox6entity9COxEntity11setPositionERKNS_4core9CVector3dIfEE
_ZTVN2ox6entity9COxEntityE,14,0x0016afe4,_ZNK2ox6entity9COxEntity14getRenderLayerEv
_ZTVN2ox6entity9COxEntityE,15,0x00000000,
_ZTVN2ox6entity16COxEntityManagerE,0,0x00000000,
_ZTVN2ox6entity16COxEntityManagerE,1,0x002694f8,_ZTIN2ox6entity16COxEntityManagerE
_ZTVN2ox6entity16COxEntityManagerE,2,0x0016b15c,_ZN2ox6entity16COxEntityManagerD1Ev
_ZTVN2ox6entity16COxEntityManagerE,3,0x0016b12c,_ZN2ox6entity16COxEntityManagerD0Ev
_ZTVN2ox6entity16COxEntityManagerE,4,0x0016b2c2,_ZN2ox6entity16COxEntityManager17updateAllEntitiesEfRKNS_4core5CRectIfEE
_ZTVN2ox6entity16COxEntityManagerE,5,0x0016b506,_ZN2ox6entity16COxEntityManager12appendEntityEPNS0_9COxEntityEi
_ZTVN2ox6entity16COxEntityManagerE,6,0x0016b56a,_ZN2ox6entity16COxEntityManager12locateEntityEii
_ZTVN2ox6entity16COxEntityManagerE,7,0x0016b5be,_ZN2ox6entity16COxEntityManager15findFirstEntityEiPNS0_19ITestEntityFunctionE
_ZTVN2ox6entity16COxEntityManagerE,8,0x0016b606,_ZN2ox6entity16COxEntityManager14findBestEntityEiPNS0_23ITestBestEntityFunctionE
_ZTVN2ox6entity16COxEntityManagerE,9,0x0016b660,_ZN2ox6entity16COxEntityManager15findAllEntitiesERNS_6TArrayIPNS0_9COxEntityEEEiPNS0_19ITestEntityFunctionE
_ZTVN2ox5event14IEventReceiverE,0,0x00000000,
_ZTVN2ox5event14IEventReceiverE,1,0x00269538,_ZTIN2ox5event14IEventReceiverE
_ZTVN2ox5event14IEventReceiverE,2,0x00000000,__cxa_pure_virtual
_ZTVN2ox5event14IEventReceiverE,3,0x0016bff8,_ZN2ox5event14IEventReceiverD1Ev
_ZTVN2ox5event14IEventReceiverE,4,0x0016bfc0,_ZN2ox5event14IEventReceiverD0Ev
_ZTVN2ox5event14IEventReceiverE,5,0x00000000,
_ZTVN2ox5event14IEventReceiverE,6,0x00000000,
_ZTVN2ox5event14IEventReceiverE,7,0x00000000,
_ZTVN2ox5event20CEventSubscriberListE,0,0x00000000,
_ZTVN2ox5event20CEventSubscriberListE,1,0x00269540,_ZTIN2ox5event20CEventSubscriberListE
_ZTVN2ox5event20CEventSubscriberListE,2,0x0016c2c0,_ZN2ox5event20CEventSubscriberList7OnEventERKNS0_6SEventE
_ZTVN2ox5event20CEventSubscriberListE,3,0x0016c1dc,_ZN2ox5event20CEventSubscriberListD1Ev
_ZTVN2ox5event20CEventSubscriberListE,4,0x0016c1ac,_ZN2ox5event20CEventSubscriberListD0Ev
_ZTVN2ox5event20CEventSubscriberListE,5,0x00000000,
_ZTVN2ox4game12CConfigBlockE,0,0x00000000,
_ZTVN2ox4game12CConfigBlockE,1,0x00269560,_ZTIN2ox4game12CConfigBlockE
_ZTVN2ox4game12CConfigBlockE,2,0x0016ca5c,_ZN2ox4game12CConfigBlockD1Ev
_ZTVN2ox4game12CConfigBlockE,3,0x0016ca2c,_ZN2ox4game12CConfigBlockD0Ev
_ZTVN2ox4game14CConfigurationE,0,0x00000000,
_ZTVN2ox4game14CConfigurationE,1,0x00269578,_ZTIN2ox4game14CConfigurationE
_ZTVN2ox4game14CConfigurationE,2,0x0016d6d4,_ZN2ox4game14CConfigurationD1Ev
_ZTVN2ox4game14CConfigurationE,3,0x0016d6a4,_ZN2ox4game14CConfigurationD0Ev
_ZTVN2ox4game9CGameMainE,0,0x00000000,
_ZTVN2ox4game9CGameMainE,1,0x002695a8,_ZTIN2ox4game9CGameMainE
_ZTVN2ox4game9CGameMainE,2,0x0016fa62,_ZN2ox4game9CGameMainD1Ev
_ZTVN2ox4game9CGameMainE,3,0x0016fa32,_ZN2ox4game9CGameMainD0Ev
_ZTVN2ox4game9CGameMainE,4,0x0016faac,_ZN2ox4game9CGameMain5clearEv
_ZTVN2ox4game9CGameMainE,5,0x0016fc10,_ZN2ox4game9CGameMain10updateMainEf
_ZTVN2ox4game9CGameMainE,6,0x00000000,__cxa_pure_virtual
_ZTVN2ox4game9CGameMainE,7,0x0016fc16,_ZN2ox4game9CGameMain6updateEv
_ZTVN2ox4game9CGameMainE,8,0x00000000,__cxa_pure_virtual
_ZTVN2ox4game9CGameMainE,9,0x0016fd5a,_ZN2ox4game9CGameMain10checkFilesEPPc
_ZTVN2ox4game10CGameStateE,0,0x00000000,
_ZTVN2ox4game10CGameStateE,1,0x002695d8,_ZTIN2ox4game10CGameStateE
_ZTVN2ox4game10CGameStateE,2,0x00000000,__cxa_pure_virtual
_ZTVN2ox4game10CGameStateE,3,0x00170202,_ZN2ox4game10CGameStateD1Ev
_ZTVN2ox4game10CGameStateE,4,0x001701d2,_ZN2ox4game10CGameStateD0Ev
_ZTVN2ox4game10CGameStateE,5,0x001702c0,_ZN2ox4game10CGameState9firstInitEPNS_9IOxDeviceE
_ZTVN2ox4game10CGameStateE,6,0x00000000,__cxa_pure_virtual
_ZTVN2ox4game10CGameStateE,7,0x00000000,__cxa_pure_virtual
_ZTVN2ox4game10CGameStateE,8,0x00000000,__cxa_pure_virtual
_ZTVN2ox4game10CGameStateE,9,0x00000000,__cxa_pure_virtual
_ZTVN2ox2io12CMemReadFileE,0,0x00000000,
_ZTVN2ox2io12CMemReadFileE,1,0x00269628,_ZTIN2ox2io12CMemReadFileE
_ZTVN2ox2io12CMemReadFileE,2,0x00171216,_ZN2ox2io12CMemReadFileD1Ev
_ZTVN2ox2io12CMemReadFileE,3,0x001711fc,_ZN2ox2io12CMemReadFileD0Ev
_ZTVN2ox2io12CMemReadFileE,4,0x00171252,_ZN2ox2io12CMemReadFile4readEPvi
_ZTVN2ox2io12CMemReadFileE,5,0x00171304,_ZN2ox2io12CMemReadFile8readLineEPci
_ZTVN2ox2io12CMemReadFileE,6,0x001712a2,_ZN2ox2io12CMemReadFile4seekEib
_ZTVN2ox2io12CMemReadFileE,7,0x001712d0,_ZN2ox2io12CMemReadFile7getSizeEv
_ZTVN2ox2io12CMemReadFileE,8,0x001712dc,_ZN2ox2io12CMemReadFile6getPosEv
_ZTVN2ox2io12CMemReadFileE,9,0x0017130c,_ZN2ox2io12CMemReadFile11getFileNameEv
_ZTVN2ox2io12CMemReadFileE,10,0x0017131e,_ZN2ox2io12CMemReadFile15getModifiedDateEv
_ZTVN2ox2io12CMemReadFileE,11,0x001712e8,_ZN2ox2io12CMemReadFile17getCurrentPointerEv
_ZTVN2ox2io12CMemReadFileE,12,0x001712f6,_ZN2ox2io12CMemReadFile16getRemainingSizeEv
_ZTVN2ox2io12CMemReadFileE,13,0x00000000,
_ZTVN2ox2io13CMemWriteFileE,0,0x00000000,
_ZTVN2ox2io13CMemWriteFileE,1,0x00269668,_ZTIN2ox2io13CMemWriteFileE
_ZTVN2ox2io13CMemWriteFileE,2,0x00171430,_ZN2ox2io13CMemWriteFileD1Ev
_ZTVN2ox2io13CMemWriteFileE,3,0x00171400,_ZN2ox2io13CMemWriteFileD0Ev
_ZTVN2ox2io13CMemWriteFileE,4,0x00171488,_ZN2ox2io13CMemWriteFile5writeEPKvi
_ZTVN2ox2io13CMemWriteFileE,5,0x00171544,_ZN2ox2io13CMemWriteFile4seekEib
_ZTVN2ox2io13CMemWriteFileE,6,0x0017157c,_ZN2ox2io13CMemWriteFile6getPosEv
_ZTVN2ox2io13CMemWriteFileE,7,0x001715ac,_ZN2ox2io13CMemWriteFile11getFileNameEv
_ZTVN2ox2io13CMemWriteFileE,8,0x001715be,_ZN2ox2io13CMemWriteFile12getStdioFileEv
_ZTVN2ox2io13CMemWriteFileE,9,0x00000000,
_ZTVN2ox3net22CHTTPConnectionHandlerE,0,0x00000000,
_ZTVN2ox3net22CHTTPConnectionHandlerE,1,0x00269698,_ZTIN2ox3net22CHTTPConnectionHandlerE
_ZTVN2ox3net22CHTTPConnectionHandlerE,2,0x00171b96,_ZN2ox3net22CHTTPConnectionHandler7OnEventERKNS_5event6SEventE
_ZTVN2ox3net22CHTTPConnectionHandlerE,3,0x001717ae,_ZN2ox3net22CHTTPConnectionHandlerD1Ev
_ZTVN2ox3net22CHTTPConnectionHandlerE,4,0x0017177e,_ZN2ox3net22CHTTPConnectionHandlerD0Ev
_ZTVN2ox3net22CHTTPConnectionHandlerE,5,0x00000000,
_ZTVN2ox3net21CVariablePacketParserE,0,0x00000000,
_ZTVN2ox3net21CVariablePacketParserE,1,0x002696c8,_ZTIN2ox3net21CVariablePacketParserE
_ZTVN2ox3net21CVariablePacketParserE,2,0x00172dba,_ZN2ox3net21CVariablePacketParserD1Ev
_ZTVN2ox3net21CVariablePacketParserE,3,0x00172db0,_ZN2ox3net21CVariablePacketParserD0Ev
_ZTVN2ox3net22CVariablePacketBuilderE,0,0x00000000,
_ZTVN2ox3net22CVariablePacketBuilderE,1,0x002696d0,_ZTIN2ox3net22CVariablePacketBuilderE
_ZTVN2ox3net22CVariablePacketBuilderE,2,0x00173202,_ZN2ox3net22CVariablePacketBuilderD1Ev
_ZTVN2ox3net22CVariablePacketBuilderE,3,0x001731d2,_ZN2ox3net22CVariablePacketBuilderD0Ev
_ZTVN2ox3gui11IGUIElementE,0,0x00000000,
_ZTVN2ox3gui11IGUIElementE,1,0x00269790,_ZTIN2ox3gui11IGUIElementE
_ZTVN2ox3gui11IGUIElementE,2,0x000ae480,_ZN2ox3gui11IGUIElementD1Ev
_ZTVN2ox3gui11IGUIElementE,3,0x000ae48a,_ZN2ox3gui11IGUIElementD0Ev
_ZTVN2ox3gui11IGUIElementE,4,0x000aac06,_ZN2ox3gui11IGUIElement19setRelativePositionERKNS_4core5CRectIiEE
_ZTVN2ox3gui11IGUIElementE,5,0x000ae4ba,_ZN2ox3gui11IGUIElement29getParentAbsoluteClippingRectEb
_ZTVN2ox3gui11IGUIElementE,6,0x000aad94,_ZN2ox3gui11IGUIElement22updateAbsolutePositionEv
_ZTVN2ox3gui11IGUIElementE,7,0x000aaa08,_ZN2ox3gui11IGUIElement8addChildEPS1_
_ZTVN2ox3gui11IGUIElementE,8,0x000ae510,_ZN2ox3gui11IGUIElement11removeChildEPS1_
_ZTVN2ox3gui11IGUIElementE,9,0x000aae9e,_ZN2ox3gui11IGUIElement17removeAllChildrenEv
_ZTVN2ox3gui11IGUIElementE,10,0x00173520,_ZN2ox3gui11IGUIElement6removeEv
_ZTVN2ox3gui11IGUIElementE,11,0x000aaf10,_ZN2ox3gui11IGUIElement4drawEv
_ZTVN2ox3gui11IGUIElementE,12,0x000aafc2,_ZN2ox3gui11IGUIElement4moveENS_4core11CPosition2dIiEE
_ZTVN2ox3gui11IGUIElementE,13,0x000aafea,_ZN2ox3gui11IGUIElement6moveToENS_4core11CPosition2dIiEE
_ZTVN2ox3gui11IGUIElementE,14,0x000ab034,_ZN2ox3gui11IGUIElement12centerOnRectERKNS_4core5CRectIiEE
_ZTVN2ox3gui11IGUIElementE,15,0x000ab08a,_ZN2ox3gui11IGUIElement14centerOnParentEv
_ZTVN2ox3gui11IGUIElementE,16,0x000ab0c6,_ZN2ox3gui11IGUIElement9isVisibleEv
_ZTVN2ox3gui11IGUIElementE,17,0x000ab0d6,_ZN2ox3gui11IGUIElement10setVisibleEb
_ZTVN2ox3gui11IGUIElementE,18,0x000ab0e4,_ZN2ox3gui11IGUIElement9isEnabledEv
_ZTVN2ox3gui11IGUIElementE,19,0x000ab0f4,_ZN2ox3gui11IGUIElement10setEnabledEb
_ZTVN2ox3gui11IGUIElementE,20,0x000ab12e,_ZN2ox3gui11IGUIElement7isFixedEv
_ZTVN2ox3gui11IGUIElementE,21,0x000ab13e,_ZN2ox3gui11IGUIElement8setFixedEb
_ZTVN2ox3gui11IGUIElementE,22,0x000ab14c,_ZN2ox3gui11IGUIElement11isInvisibleEv
_ZTVN2ox3gui11IGUIElementE,23,0x000ab15c,_ZN2ox3gui11IGUIElement12setInvisibleEb
_ZTVN2ox3gui11IGUIElementE,24,0x000ab16a,_ZN2ox3gui11IGUIElement16doesReportOnDrawEv
_ZTVN2ox3gui11IGUIElementE,25,0x000ab17c,_ZN2ox3gui11IGUIElement15setReportOnDrawEi
_ZTVN2ox3gui11IGUIElementE,26,0x000ab18a,_ZN2ox3gui11IGUIElement7setTextEPKw
_ZTVN2ox3gui11IGUIElementE,27,0x000ab1aa,_ZNK2ox3gui11IGUIElement7getTextEv
_ZTVN2ox3gui11IGUIElementE,28,0x000ab1b6,_ZN2ox3gui11IGUIElement5getIDEv
_ZTVN2ox3gui11IGUIElementE,29,0x000ab1c2,_ZN2ox3gui11IGUIElement5setIDEi
_ZTVN2ox3gui11IGUIElementE,30,0x000ab1d0,_ZN2ox3gui11IGUIElement7getTypeEv
_ZTVN2ox3gui11IGUIElementE,31,0x000ae556,_ZN2ox3gui11IGUIElement7OnEventERKNS_5event6SEventE
_ZTVN2ox3gui11IGUIElementE,32,0x000ab1dc,_ZN2ox3gui11IGUIElement22OnEventInNonFocusStateERKNS_5event6SEventE
_ZTVN2ox3gui11IGUIElementE,33,0x000ab218,_ZN2ox3gui11IGUIElement12bringToFrontEPS1_
_ZTVN2ox3gui11IGUIElementE,34,0x000ab270,_ZN2ox3gui11IGUIElement11getChildrenEv
_ZTVN2ox3gui11IGUIElementE,35,0x000ab27c,_ZN2ox3gui11IGUIElement16getElementFromIdEib
_ZTVN2ox3gui11IGUIElementE,36,0x000ab2d8,_ZN2ox3gui11IGUIElement12getHoverItemEv
_ZTVN2ox3gui11IGUIElementE,37,0x000ab2e4,_ZN2ox3gui11IGUIElement12setHoverItemEPS1_
_ZTVN2ox3gui11IGUIElementE,38,0x000ab334,_ZN2ox3gui11IGUIElement16getPreferredSizeEv
_ZTVN2ox3gui11IGUIElementE,39,0xfffffff4,
_ZTVN2ox3gui11IGUIElementE,40,0x00269790,_ZTIN2ox3gui11IGUIElementE
_ZTVN2ox3gui11IGUIElementE,41,0x000ae5a0,_ZThn12_N2ox3gui11IGUIElement7OnEventERKNS_5event6SEventE
_ZTVN2ox3gui11IGUIElementE,42,0x000b4052,_ZThn12_N2ox3gui11IGUIElementD1Ev
_ZTVN2ox3gui11IGUIElementE,43,0x000ae5c4,_ZThn12_N2ox3gui11IGUIElementD0Ev
